"job_role","required_skills","project_name","project_description","project_github_link","certification_name","certification_provider","certification_link"
"UI Designer","Visual Design, Typography, Color Theory, Layout & Grid Systems, Iconography, Prototyping, Wireframing, Design Systems, Responsive Design, Accessibility, HTML/CSS (basic understanding), Motion Design (basic), HTML, CSS, Bootstrap, Material-UI, Tailwind CSS","E-commerce Mobile App UI","A high-fidelity UI design for a responsive e-commerce mobile application, focusing on intuitive navigation, product display, and a streamlined checkout flow. Uses Figma for mockups and incorporates a modern design system.","https://github.com/ui-design-templates/ecommerce-mobile-app-ui-kit","Google UX Design Professional Certificate","Google (Coursera)","https://www.coursera.org/professional-certificates/google-ux-design"
"UI Designer","Visual Design, Typography, Color Theory, Layout & Grid Systems, Iconography, Prototyping, Wireframing, Design Systems, Responsive Design, Accessibility, HTML/CSS (basic understanding), Motion Design (basic), HTML, CSS, Bootstrap, Material-UI, Tailwind CSS","SaaS Dashboard Redesign","A complete UI overhaul for a B2B SaaS analytics dashboard, improving data visualization, widget organization, and overall user interaction. Designed with a focus on dark mode implementation and accessibility.","https://github.com/ui-design-templates/saas-dashboard-redesign-ui","Adobe Certified Professional (ACP) in Visual Design","Adobe","https://certiport.pearsonvue.com/Certifications/Adobe/ACP/Overview"
"UI Designer","Visual Design, Typography, Color Theory, Layout & Grid Systems, Iconography, Prototyping, Wireframing, Design Systems, Responsive Design, Accessibility, HTML/CSS (basic understanding), Motion Design (basic), HTML, CSS, Bootstrap, Material-UI, Tailwind CSS","Portfolio Website UI Kit","A comprehensive UI kit for a personal portfolio website, including various page layouts, interactive elements, and a style guide. Showcases responsive design for desktop, tablet, and mobile views.","https://github.com/ui-design-templates/portfolio-website-ui-kit","Meta Front-End Developer Professional Certificate","Meta (Coursera)","https://www.coursera.org/professional-certificates/meta-front-end-developer"
"UI Designer","Visual Design, Typography, Color Theory, Layout & Grid Systems, Iconography, Prototyping, Wireframing, Design Systems, Responsive Design, Accessibility, HTML/CSS (basic understanding), Motion Design (basic), HTML, CSS, Bootstrap, Material-UI, Tailwind CSS","Social Media Platform UI","Design of key screens for a new social media platform, including feed, profile, messaging, and post creation interfaces. Emphasizes clean aesthetics and engaging user interactions across all touchpoints.","https://github.com/ui-design-templates/social-media-platform-ui","Interaction Design Foundation (IxDF) Certificate: Visual Design","Interaction Design Foundation","https://www.interaction-design.org/courses/visual-design-the-ultimate-guide"
"UI Designer","Visual Design, Typography, Color Theory, Layout & Grid Systems, Iconography, Prototyping, Wireframing, Design Systems, Responsive Design, Accessibility, HTML/CSS (basic understanding), Motion Design (basic), HTML, CSS, Bootstrap, Material-UI, Tailwind CSS","Food Delivery App UI","A complete UI design for a food delivery application, covering restaurant listings, menu browsing, order customization, and tracking. Focuses on visual appeal and ease of use for quick ordering and reordering.","https://github.com/ui-design-templates/food-delivery-app-ui","UI Design Masterclass: Figma & Webflow","Udemy","https://www.udemy.com/course/complete-web-designer-mobile-designer-from-scratch/"
"UI Designer","Visual Design, Typography, Color Theory, Layout & Grid Systems, Iconography, Prototyping, Wireframing, Design Systems, Responsive Design, Accessibility, HTML/CSS (basic understanding), Motion Design (basic), HTML, CSS, Bootstrap, Material-UI, Tailwind CSS","Smart Home Control Dashboard UI","Design of an intuitive dashboard for managing smart home devices, featuring controls for lighting, temperature, security, and media. Prioritizes clear status indicators and quick access to critical functions.","https://github.com/ui-design-templates/smart-home-dashboard-ui","Responsive Web Design Certification","freeCodeCamp","https://www.freecodecamp.org/learn/responsive-web-design/"
"UX Designer","User Research, Usability Testing, Information Architecture, Wireframing, Prototyping, Interaction Design, User Flows, Persona Development, Empathy Mapping, Heuristic Evaluation, Accessibility, A/B Testing (basic), Data Analysis (UX metrics), Material Design, Apple Human Interface Guidelines, Design Systems","Redesigning a Complex Web Application UX","A UX case study for redesigning an existing project management web application to improve information architecture, navigation, and task flow. This project is based on extensive user research and usability testing.","https://github.com/ux-case-studies/project-management-app-ux-redesign","Google UX Design Professional Certificate","Google (Coursera)","https://www.coursera.org/professional-certificates/google-ux-design"
"UX Designer","User Research, Usability Testing, Information Architecture, Wireframing, Prototyping, Interaction Design, User Flows, Persona Development, Empathy Mapping, Heuristic Evaluation, Accessibility, A/B Testing (basic), Data Analysis (UX metrics), Material Design, Apple Human Interface Guidelines, Design Systems","Developing a New Mobile App UX from Scratch","A comprehensive UX design for a new meditation and mindfulness mobile application, including user research, persona creation, user flows, wireframes, and low-fidelity prototypes. Focuses on a calming and intuitive user journey.","https://github.com/ux-case-studies/meditation-app-ux-design","Certified Professional in User Experience (CPUX-F)","UXQB","https://uxqb.org/en/certifications/cpuuxt-foundation-level/"
"UX Designer","User Research, Usability Testing, Information Architecture, Wireframing, Prototyping, Interaction Design, User Flows, Persona Development, Empathy Mapping, Heuristic Evaluation, Accessibility, A/B Testing (basic), Data Analysis (UX metrics), Material Design, Apple Human Interface Guidelines, Design Systems","Improving Onboarding Flow for an Existing SaaS Product","A UX research and design project focused on optimizing the user onboarding experience for a B2B SaaS product. This involves identifying friction points, designing improvements, and validating changes through A/B testing and analytics.","https://github.com/ux-case-studies/saas-onboarding-ux-optimization","Interaction Design Foundation (IxDF) Certificate: User Research – Methods and Best Practices","Interaction Design Foundation","https://www.interaction-design.org/courses/user-research-methods-and-best-practices"
"UX Designer","User Research, Usability Testing, Information Architecture, Wireframing, Prototyping, Interaction Design, User Flows, Persona Development, Empathy Mapping, Heuristic Evaluation, Accessibility, A/B Testing (basic), Data Analysis (UX metrics), Material Design, Apple Human Interface Guidelines, Design Systems","Designing an Accessible E-Learning Platform","UX design for an e-learning platform specifically tailored to meet WCAG accessibility standards, incorporating inclusive design principles from research through prototyping. Focuses on cognitive and physical accessibility.","https://github.com/ux-case-studies/accessible-e-learning-platform-ux","Nielsen Norman Group UX Certification Program (Usability Testing)","Nielsen Norman Group (NN/g)","https://www.nngroup.com/ux-certification/"
"UX Designer","User Research, Usability Testing, Information Architecture, Wireframing, Prototyping, Interaction Design, User Flows, Persona Development, Empathy Mapping, Heuristic Evaluation, Accessibility, A/B Testing (basic), Data Analysis (UX metrics), Material Design, Apple Human Interface Guidelines, Design Systems","Voice User Interface (VUI) for a Smart Assistant","A UX design project focused on creating conversational flows and interaction models for a voice-controlled smart home assistant. This includes scriptwriting, intent mapping, and prototyping voice interactions.","https://github.com/ux-case-studies/vui-smart-assistant-ux-design","UI/UX Design Specialization","California Institute of the Arts (Coursera)","https://www.coursera.org/specializations/ui-ux-design"
"UX Designer","User Research, Usability Testing, Information Architecture, Wireframing, Prototyping, Interaction Design, User Flows, Persona Development, Empathy Mapping, Heuristic Evaluation, Accessibility, A/B Testing (basic), Data Analysis (UX metrics), Material Design, Apple Human Interface Guidelines, Design Systems","UX Research and Design for a B2B Financial Analytics Tool","An end-to-end UX project involving extensive user interviews, journey mapping, and prototype development for a new feature within a complex B2B financial analytics tool. Aims to simplify complex data interactions.","https://github.com/ux-case-studies/b2b-financial-tool-ux-project","Foundations of User Experience (UX) Design","Google (Coursera)","https://www.coursera.org/learn/foundations-of-user-experience-design"
"Product Designer","UI/UX Design, Product Strategy, Market Research, Business Acumen, Data Analysis (product metrics), A/B Testing, Stakeholder Management, Roadmap Planning, Prototyping, Information Architecture, User Stories, Journey Mapping, Competitive Analysis, Feature Prioritization, Design Systems (e.g., Material Design, Ant Design), Agile/Scrum tools","Launching a New Feature for an Established Product","A product design case study on conceiving, validating, designing, and measuring the impact of a new 'collaborative editing' feature for an existing document management application. Includes user research, design sprints, and post-launch analysis.","https://github.com/product-design-examples/document-app-collaborative-feature","Google UX Design Professional Certificate","Google (Coursera)","https://www.coursera.org/professional-certificates/google-ux-design"
"Product Designer","UI/UX Design, Product Strategy, Market Research, Business Acumen, Data Analysis (product metrics), A/B Testing, Stakeholder Management, Roadmap Planning, Prototyping, Information Architecture, User Stories, Journey Mapping, Competitive Analysis, Feature Prioritization, Design Systems (e.g., Material Design, Ant Design), Agile/Scrum tools","Designing an Entire New Product (FinTech)","An end-to-end product design project for a new mobile-first budgeting and investment application, including market analysis, MVP definition, full UI/UX, and a go-to-market strategy. Focuses on user financial well-being.","https://github.com/product-design-examples/fintech-budgeting-app-product-design","Certified Scrum Product Owner (CSPO)","Scrum Alliance","https://www.scrumalliance.org/get-certified/product-owner-certifications/cspo-certification"
"Product Designer","UI/UX Design, Product Strategy, Market Research, Business Acumen, Data Analysis (product metrics), A/B Testing, Stakeholder Management, Roadmap Planning, Prototyping, Information Architecture, User Stories, Journey Mapping, Competitive Analysis, Feature Prioritization, Design Systems (e.g., Material Design, Ant Design), Agile/Scrum tools","Optimizing User Retention for a Mobile Application","A product design initiative focused on identifying friction points and designing solutions to improve user retention metrics for a social fitness tracking mobile application. This involves data analysis, user interviews, and iterative design.","https://github.com/product-design-examples/fitness-app-retention-optimization","Product Management Specialization","University of Alberta (Coursera)","https://www.coursera.org/specializations/product-management"
"Product Designer","UI/UX Design, Product Strategy, Market Research, Business Acumen, Data Analysis (product metrics), A/B Testing, Stakeholder Management, Roadmap Planning, Prototyping, Information Architecture, User Stories, Journey Mapping, Competitive Analysis, Feature Prioritization, Design Systems (e.g., Material Design, Ant Design), Agile/Scrum tools","Crafting a Design System for a Multi-Product Company","A project focused on building a scalable design system (components, guidelines, documentation) from scratch for a company with multiple digital products. Ensures consistency, efficiency, and brand cohesion across all touchpoints.","https://github.com/product-design-examples/multi-product-design-system","Interaction Design Foundation (IxDF) Certificate: Product Design","Interaction Design Foundation","https://www.interaction-design.org/courses/product-design-mastering-the-design-process"
"Product Designer","UI/UX Design, Product Strategy, Market Research, Business Acumen, Data Analysis (product metrics), A/B Testing, Stakeholder Management, Roadmap Planning, Prototyping, Information Architecture, User Stories, Journey Mapping, Competitive Analysis, Feature Prioritization, Design Systems (e.g., Material Design, Ant Design), Agile/Scrum tools","Designing an Internal Tool to Improve Operational Efficiency","Product design for an internal dashboard and workflow tool aimed at automating and streamlining a company's customer support operations. This project is based on stakeholder interviews, process mapping, and iterative development.","https://github.com/product-design-examples/internal-ops-tool-product-design","Professional Scrum Product Owner I (PSPO I)","Scrum.org","https://www.scrum.org/courses/professional-scrum-product-owner-i-training"
"Product Designer","UI/UX Design, Product Strategy, Market Research, Business Acumen, Data Analysis (product metrics), A/B Testing, Stakeholder Management, Roadmap Planning, Prototyping, Information Architecture, User Stories, Journey Mapping, Competitive Analysis, Feature Prioritization, Design Systems (e.g., Material Design, Ant Design), Agile/Scrum tools","Developing a Cross-Platform Product Experience","A product design project involving the creation of a seamless user experience for a media streaming service across web, mobile, and smart TV platforms. Focuses on consistent content discovery, playback, and personalization across devices.","https://github.com/product-design-examples/cross-platform-media-streamer","Data-Driven Product Management Specialization","Google (Coursera)","https://www.coursera.org/specializations/google-data-driven-product-management"
"Interaction Designer","User Research, Wireframing, Prototyping, Usability Testing, Information Architecture, Interaction Flow Design, HTML, CSS (basic understanding), JavaScript (conceptual), Figma Prototypes, Adobe XD Prototypes, Axure RP Libraries","E-commerce Checkout Flow Redesign","Design and prototype an optimized, frictionless checkout experience for an e-commerce platform, focusing on reducing cart abandonment rates through improved information architecture and clear interaction feedback. Utilize Figma for wireframing and interactive prototyping, aiming for a responsive design across desktop and mobile.","https://github.com/creativetimofficial/tailwind-ecommerce-template","Google UX Design Professional Certificate","Google (Coursera)","https://www.coursera.org/professional-certificates/google-ux-design"
"Interaction Designer","User Research, Wireframing, Prototyping, Usability Testing, Information Architecture, Interaction Flow Design, HTML, CSS (basic understanding), JavaScript (conceptual), Figma Prototypes, Adobe XD Prototypes, Axure RP Libraries","Mobile Banking App Interaction Flow","Develop the interaction flows and high-fidelity prototypes for a new feature in a mobile banking application, such as budget tracking or peer-to-peer payments. Emphasize security, clarity, and ease of use following Material Design or iOS Human Interface Guidelines for native feel.","https://github.com/ReactNativeSchool/react-native-template-bank","IBM UX Design Professional Certificate","IBM (Coursera)","https://www.coursera.org/professional-certificates/ibm-ux-design"
"Interaction Designer","User Research, Wireframing, Prototyping, Usability Testing, Information Architecture, Interaction Flow Design, HTML, CSS (basic understanding), JavaScript (conceptual), Figma Prototypes, Adobe XD Prototypes, Axure RP Libraries","Data Analytics Dashboard Interaction","Design the interactive elements and user flows for a complex data analytics dashboard, enabling users to filter, sort, and visualize data effectively. Focus on intuitive navigation, data hierarchy, and interactive charts using components from a design system like Material UI.","https://github.com/app-generator/react-material-dashboard","Nielsen Norman Group UX Certification","Nielsen Norman Group","https://www.nngroup.com/ux-certification/"
"Interaction Designer","User Research, Wireframing, Prototyping, Usability Testing, Information Architecture, Interaction Flow Design, HTML, CSS (basic understanding), JavaScript (conceptual), Figma Prototypes, Adobe XD Prototypes, Axure RP Libraries","Smart Home Device Control Interface","Create a seamless interaction experience for a smart home mobile application controlling various devices like lighting, thermostats, and security cameras. Design for quick actions, clear device status, and accessible settings, integrating gesture-based interactions where appropriate.","https://github.com/creativetimofficial/argon-dashboard","Adobe Certified Professional: UI Designer","Adobe","https://www.adobe.com/certification/certified-professional/ui-designer.html"
"Interaction Designer","User Research, Wireframing, Prototyping, Usability Testing, Information Architecture, Interaction Flow Design, HTML, CSS (basic understanding), JavaScript (conceptual), Figma Prototypes, Adobe XD Prototypes, Axure RP Libraries","Educational Platform Onboarding Experience","Design a personalized onboarding flow for an online educational platform, guiding new users through profile setup, course discovery, and initial goal setting. Incorporate micro-interactions and progressive disclosure to make the process engaging and informative.","https://github.com/gatsbyjs/gatsby-starter-default","Interaction Design Foundation: User Experience (UX) Design Course","Interaction Design Foundation","https://www.interaction-design.org/courses/user-experience-ux-design"
"Interaction Designer","User Research, Wireframing, Prototyping, Usability Testing, Information Architecture, Interaction Flow Design, HTML, CSS (basic understanding), JavaScript (conceptual), Figma Prototypes, Adobe XD Prototypes, Axure RP Libraries","Social Media Feed Interaction Design","Redesign key interactions within a social media application's feed, such as liking, commenting, sharing, and content creation. Focus on improving engagement metrics and user satisfaction through refined visual feedback and intuitive gestures for content interaction.","https://github.com/Flatlogic/react-social-app","Coursera: UI/UX Design Specialization (California Institute of the Arts)","California Institute of the Arts (Coursera)","https://www.coursera.org/specializations/ui-ux-design"
"Visual Designer","Typography, Color Theory, Layout Design, Iconography, Visual Hierarchy, Branding, Photo Editing, Illustration, N/A (basic HTML/CSS understanding for web context), Design Systems, UI Kits, Component Libraries","Brand Identity & Style Guide for a Startup","Develop a complete brand identity, including logo design, color palette, typography, and imagery guidelines for a fictional tech startup. Create a comprehensive style guide that outlines usage rules for print and digital applications, ensuring brand consistency across all touchpoints.","https://github.com/design-system-boilerplate/design-system-boilerplate","Adobe Certified Professional: Visual Design Specialist","Adobe","https://www.adobe.com/certification/certified-professional/visual-design-specialist.html"
"Visual Designer","Typography, Color Theory, Layout Design, Iconography, Visual Hierarchy, Branding, Photo Editing, Illustration, N/A (basic HTML/CSS understanding for web context), Design Systems, UI Kits, Component Libraries","Responsive Website Visual Redesign","Execute a full visual redesign of an existing website, focusing on modern aesthetics, improved visual hierarchy, and responsive adaptation across various screen sizes. Deliver high-fidelity mockups, including a new color scheme, typography, and custom graphical elements.","https://github.com/twbs/bootstrap-npm-starter","Google Digital Marketing & E-commerce Professional Certificate","Google (Coursera)","https://www.coursera.org/professional-certificates/google-digital-marketing-ecommerce"
"Visual Designer","Typography, Color Theory, Layout Design, Iconography, Visual Hierarchy, Branding, Photo Editing, Illustration, N/A (basic HTML/CSS understanding for web context), Design Systems, UI Kits, Component Libraries","Mobile App UI Kit Development","Design a reusable UI kit for a mobile application, encompassing a wide range of components such as buttons, input fields, navigation elements, and cards. Ensure the kit adheres to a consistent visual language, supports both light and dark modes, and is easily implementable by developers.","https://github.com/ant-design/ant-design-mobile","Meta Social Media Marketing Professional Certificate","Meta (Coursera)","https://www.coursera.org/professional-certificates/meta-social-media-marketing"
"Visual Designer","Typography, Color Theory, Layout Design, Iconography, Visual Hierarchy, Branding, Photo Editing, Illustration, N/A (basic HTML/CSS understanding for web context), Design Systems, UI Kits, Component Libraries","Social Media Marketing Campaign Visuals","Create a series of engaging visual assets (images, short animations, infographics) for a social media marketing campaign promoting a new product or service. Design for different platforms (e.g., Instagram, Facebook, LinkedIn) optimizing for platform-specific visual best practices and ad formats.","https://github.com/tailwind-css/starter-landing-page","Coursera: Graphic Design Specialization (California Institute of the Arts)","California Institute of the Arts (Coursera)","https://www.coursera.org/specializations/graphic-design"
"Visual Designer","Typography, Color Theory, Layout Design, Iconography, Visual Hierarchy, Branding, Photo Editing, Illustration, N/A (basic HTML/CSS understanding for web context), Design Systems, UI Kits, Component Libraries","Infographic and Data Visualization Design","Design an informative and visually appealing infographic based on a complex dataset (e.g., environmental data, market trends). Focus on clear data representation, effective use of color, and compelling visual storytelling to make the information digestible and engaging for a general audience.","https://github.com/app-generator/react-datta-able","Udemy: The Complete Graphic Design Theory for Beginners Course","Udemy","https://www.udemy.com/course/graphic-design-theory-for-beginners/"
"Visual Designer","Typography, Color Theory, Layout Design, Iconography, Visual Hierarchy, Branding, Photo Editing, Illustration, N/A (basic HTML/CSS understanding for web context), Design Systems, UI Kits, Component Libraries","Custom Icon Set and Illustration Library","Develop a unique set of vector icons and a small library of custom illustrations for a software application or a content platform. Ensure visual consistency, scalability, and adherence to the product's brand personality, suitable for various UI states and marketing materials.","https://github.com/google/material-design-icons","freeCodeCamp: Responsive Web Design Certification","freeCodeCamp","https://www.freecodecamp.org/learn/responsive-web-design/"
"Mobile UI Designer","Mobile UI Principles (iOS HIG, Material Design), Wireframing, Prototyping, Responsive Design, Usability Testing (Mobile), Interaction Design for Mobile, Accessibility, N/A (understanding of Swift, Kotlin, React Native concepts), Figma Prototypes, Sketch Libraries, Adobe XD Prototypes, iOS UI Kit, Material Design Components","Fitness Tracking Mobile App UI","Design the complete UI for a fitness tracking mobile application, including screens for activity logging, progress visualization, goal setting, and user profiles. Emphasize clear data presentation, motivating visuals, and intuitive navigation for active users on both iOS and Android.","https://github.com/react-native-elements/react-native-elements-app","Google UX Design Professional Certificate","Google (Coursera)","https://www.coursera.org/professional-certificates/google-ux-design"
"Mobile UI Designer","Mobile UI Principles (iOS HIG, Material Design), Wireframing, Prototyping, Responsive Design, Usability Testing (Mobile), Interaction Design for Mobile, Accessibility, N/A (understanding of Swift, Kotlin, React Native concepts), Figma Prototypes, Sketch Libraries, Adobe XD Prototypes, iOS UI Kit, Material Design Components","Food Delivery App UI (iOS & Android)","Create the user interface for a food delivery mobile application, encompassing restaurant browsing, menu selection, order customization, and checkout processes. Design distinct versions optimized for both iOS (HIG) and Android (Material Design) aesthetics and interaction patterns.","https://github.com/emreaydin34/react-native-food-delivery-app-ui","Coursera: UI/UX Design Specialization (California Institute of the Arts)","California Institute of the Arts (Coursera)","https://www.coursera.org/specializations/ui-ux-design"
"Mobile UI Designer","Mobile UI Principles (iOS HIG, Material Design), Wireframing, Prototyping, Responsive Design, Usability Testing (Mobile), Interaction Design for Mobile, Accessibility, N/A (understanding of Swift, Kotlin, React Native concepts), Figma Prototypes, Sketch Libraries, Adobe XD Prototypes, iOS UI Kit, Material Design Components","Travel Booking Mobile App UI","Develop a user-friendly UI for a travel booking mobile application, focusing on flight/hotel search, detailed listing views, secure booking flows, and itinerary management. Incorporate engaging imagery and clear calls-to-action to facilitate user decision-making.","https://github.com/Mindinventory/Travel-Booking-App-UI-React-Native","Udemy: The Complete App Design Course - UI, UX and Design Thinking","Udemy","https://www.udemy.com/course/learn-mobile-app-design/"
"Mobile UI Designer","Mobile UI Principles (iOS HIG, Material Design), Wireframing, Prototyping, Responsive Design, Usability Testing (Mobile), Interaction Design for Mobile, Accessibility, N/A (understanding of Swift, Kotlin, React Native concepts), Figma Prototypes, Sketch Libraries, Adobe XD Prototypes, iOS UI Kit, Material Design Components","E-wallet / Payment Mobile App UI","Design a secure and intuitive UI for a mobile e-wallet or payment application, including features for sending/receiving money, transaction history, and managing payment methods. Prioritize clarity, trust-building visuals, and efficient interaction flows for financial transactions.","https://github.com/sivabalan-p/react-native-payapp","Uxcel: UI Design Foundations","Uxcel","https://uxcel.com/courses/ui-design-foundations-640"
"Mobile UI Designer","Mobile UI Principles (iOS HIG, Material Design), Wireframing, Prototyping, Responsive Design, Usability Testing (Mobile), Interaction Design for Mobile, Accessibility, N/A (understanding of Swift, Kotlin, React Native concepts), Figma Prototypes, Sketch Libraries, Adobe XD Prototypes, iOS UI Kit, Material Design Components","Smart Home Control Mobile App UI","Create a clean and efficient UI for a smart home mobile app that allows users to control various connected devices. Focus on quick access to device states, easy adjustments, and a visual hierarchy that supports managing multiple devices with minimal effort.","https://github.com/Mindinventory/Smart-Home-App-UI-React-Native","Interaction Design Foundation: Mobile User Experience (UX) Design Course","Interaction Design Foundation","https://www.interaction-design.org/courses/mobile-user-experience-ux-design"
"Mobile UI Designer","Mobile UI Principles (iOS HIG, Material Design), Wireframing, Prototyping, Responsive Design, Usability Testing (Mobile), Interaction Design for Mobile, Accessibility, N/A (understanding of Swift, Kotlin, React Native concepts), Figma Prototypes, Sketch Libraries, Adobe XD Prototypes, iOS UI Kit, Material Design Components","Educational Game Mobile Interface","Design the UI for an educational mobile game targeting a specific age group, integrating game mechanics with learning content. Focus on engaging visuals, clear instructions, rewarding feedback, and an interface that supports sustained player engagement and learning outcomes.","https://github.com/eminmuhammadi/QuizApp-React-Native","Coursera: Introduction to iOS App Development with Swift","University of Toronto (Coursera)","https://www.coursera.org/learn/ios-app-development-swift"
"iOS UI/UX Designer","UI Design Principles, UX Design Principles, Information Architecture, Interaction Design, Prototyping, Wireframing, User Flows, Usability Testing, Accessibility, Human Interface Guidelines (HIG), Swift (understanding for development context), JSON, XML, UIKit, SwiftUI, Auto Layout, Core Animation","E-commerce iOS App Redesign","A comprehensive UI/UX redesign of an existing e-commerce application, focusing on intuitive product discovery, streamlined checkout processes, and personalized user experiences, adhering strictly to Apple's Human Interface Guidelines. This project includes user flows, wireframes, high-fidelity mockups in Figma, and a clickable prototype.","https://github.com/iOS-Design-Templates/ECommerce-App-UIUX","Google UX Design Professional Certificate","Google (Coursera)","https://www.coursera.org/professional-certificates/google-ux-design"
"iOS UI/UX Designer","UI Design Principles, UX Design Principles, Information Architecture, Interaction Design, Prototyping, Wireframing, User Flows, Usability Testing, Accessibility, Human Interface Guidelines (HIG), Swift (understanding for development context), JSON, XML, UIKit, SwiftUI, Auto Layout, Core Animation","Productivity/Task Management iOS App","Design a modern task management application for iOS, featuring gesture-driven interactions, robust notification system integration, and custom home screen widgets. The project demonstrates interaction design skills, information architecture, and attention to accessibility.","https://github.com/swiftui-design-prototypes/TaskMaster-iOS-Design","Certified Usability Analyst (CUA)","Human Factors International (HFI)","https://humanfactors.com/training/certification/cua"
"iOS UI/UX Designer","UI Design Principles, UX Design Principles, Information Architecture, Interaction Design, Prototyping, Wireframing, User Flows, Usability Testing, Accessibility, Human Interface Guidelines (HIG), Swift (understanding for development context), JSON, XML, UIKit, SwiftUI, Auto Layout, Core Animation","Fitness Tracking App with HealthKit Integration","UI/UX for a fitness tracking application that visualizes user activity, tracks workout progress, and integrates seamlessly with Apple HealthKit data. Emphasis is placed on clear data visualization, motivating UI elements, and a user-friendly onboarding experience.","https://github.com/iOS-Health-App-Design/FitFlow-UIUX","Nielsen Norman Group UX Certification","Nielsen Norman Group","https://www.nngroup.com/ux-certification/"
"iOS UI/UX Designer","UI Design Principles, UX Design Principles, Information Architecture, Interaction Design, Prototyping, Wireframing, User Flows, Usability Testing, Accessibility, Human Interface Guidelines (HIG), Swift (understanding for development context), JSON, XML, UIKit, SwiftUI, Auto Layout, Core Animation","Interactive News Reader iOS App","Create an interactive news reader application offering a personalized news feed, offline reading capabilities, and rich media support with elegant typography and responsive layouts. The design focuses on content hierarchy and an immersive reading experience.","https://github.com/mobile-app-design-kits/NewsWave-iOS-UI","Professional Certificate in UI Design","California Institute of the Arts (Coursera)","https://www.coursera.org/specializations/ui-design"
"iOS UI/UX Designer","UI Design Principles, UX Design Principles, Information Architecture, Interaction Design, Prototyping, Wireframing, User Flows, Usability Testing, Accessibility, Human Interface Guidelines (HIG), Swift (understanding for development context), JSON, XML, UIKit, SwiftUI, Auto Layout, Core Animation","Smart Home Control iOS Interface","Design an intuitive and user-friendly interface for controlling various smart home devices (lighting, thermostat, security cameras) within the Apple HomeKit ecosystem. The project prioritizes simplicity, glanceability, and efficient device management.","https://github.com/smart-home-app-templates/HomeConnect-iOS-Design","UX Master Certification","Interaction Design Foundation (IxDF)","https://www.interaction-design.org/ux-master-certificate"
"iOS UI/UX Designer","UI Design Principles, UX Design Principles, Information Architecture, Interaction Design, Prototyping, Wireframing, User Flows, Usability Testing, Accessibility, Human Interface Guidelines (HIG), Swift (understanding for development context), JSON, XML, UIKit, SwiftUI, Auto Layout, Core Animation","Social Networking Photo Sharing iOS App","Develop the UI/UX for a social networking and photo sharing application, featuring a clean, engaging content feed, interactive stories, and an intuitive in-app photo editor. Focus on visual hierarchy, user engagement, and content creation flows.","https://github.com/iOS-Social-App-Designs/PixelFeed-UIUX","Human-Computer Interaction (HCI) Specialization","Georgia Tech (Coursera)","https://www.coursera.org/specializations/human-computer-interaction"
"Android UI/UX Designer","UI Design Principles, UX Design Principles, Information Architecture, Interaction Design, Prototyping, Wireframing, User Flows, Usability Testing, Accessibility, Material Design Guidelines, Kotlin (understanding for development context), Java (legacy context), JSON, XML, Android Jetpack Compose, Android XML Layouts, ConstraintLayout, RecyclerView, Android Design Support Library","Social Media Android App Redesign","An Android social media application redesign focusing on a dynamic content feed, intuitive profile management, and engaging user interactions, adhering strictly to Material Design principles. This project involves comprehensive user flows, visual design, and interactive prototypes.","https://github.com/android-design-templates/ConnectHub-UIUX","Google UX Design Professional Certificate","Google (Coursera)","https://www.coursera.org/professional-certificates/google-ux-design"
"Android UI/UX Designer","UI Design Principles, UX Design Principles, Information Architecture, Interaction Design, Prototyping, Wireframing, User Flows, Usability Testing, Accessibility, Material Design Guidelines, Kotlin (understanding for development context), Java (legacy context), JSON, XML, Android Jetpack Compose, Android XML Layouts, ConstraintLayout, RecyclerView, Android Design Support Library","Recipe Sharing & Meal Planning Android App","Design a recipe sharing and meal planning application for Android, featuring advanced search, step-by-step instructions, and personalized meal suggestions. Emphasis is placed on visual hierarchy, content organization, and a delightful cooking experience.","https://github.com/jetpack-compose-ui/FlavorFind-Android-Design","Certified Usability Analyst (CUA)","Human Factors International (HFI)","https://humanfactors.com/training/certification/cua"
"Android UI/UX Designer","UI Design Principles, UX Design Principles, Information Architecture, Interaction Design, Prototyping, Wireframing, User Flows, Usability Testing, Accessibility, Material Design Guidelines, Kotlin (understanding for development context), Java (legacy context), JSON, XML, Android Jetpack Compose, Android XML Layouts, ConstraintLayout, RecyclerView, Android Design Support Library","Travel Planner Android App with Offline Features","UI/UX for a travel planning app including itinerary creation, map integration, local recommendations, and offline access to travel documents. Designed for ease of use on the go, incorporating Material You theming and dynamic components.","https://github.com/android-travel-app-designs/JourneyGenie-UIUX","Nielsen Norman Group UX Certification","Nielsen Norman Group","https://www.nngroup.com/ux-certification/"
"Android UI/UX Designer","UI Design Principles, UX Design Principles, Information Architecture, Interaction Design, Prototyping, Wireframing, User Flows, Usability Testing, Accessibility, Material Design Guidelines, Kotlin (understanding for development context), Java (legacy context), JSON, XML, Android Jetpack Compose, Android XML Layouts, ConstraintLayout, RecyclerView, Android Design Support Library","Podcast Player & Discoverability Android App","Create a podcast player with a focus on content discoverability, intuitive playback controls, offline listening capabilities, and a visually appealing episode list. The design ensures a seamless audio consumption experience and engaging content exploration.","https://github.com/material-design-apps/PodcastPro-Android-UI","Professional Certificate in UI Design","California Institute of the Arts (Coursera)","https://www.coursera.org/specializations/ui-design"
"Android UI/UX Designer","UI Design Principles, UX Design Principles, Information Architecture, Interaction Design, Prototyping, Wireframing, User Flows, Usability Testing, Accessibility, Material Design Guidelines, Kotlin (understanding for development context), Java (legacy context), JSON, XML, Android Jetpack Compose, Android XML Layouts, ConstraintLayout, RecyclerView, Android Design Support Library","Smart Wallet & Expense Tracker Android App","Design an expense tracker or digital wallet application that provides clear financial overviews, transaction categorization, and budgeting tools for Android users. The project emphasizes security, data visualization, and user control over finances.","https://github.com/android-finance-templates/SpendWise-UIUX","Interaction Design Specialization","University of California San Diego (Coursera)","https://www.coursera.org/specializations/interaction-design"
"Android UI/UX Designer","UI Design Principles, UX Design Principles, Information Architecture, Interaction Design, Prototyping, Wireframing, User Flows, Usability Testing, Accessibility, Material Design Guidelines, Kotlin (understanding for development context), Java (legacy context), JSON, XML, Android Jetpack Compose, Android XML Layouts, ConstraintLayout, RecyclerView, Android Design Support Library","Online Learning Platform Android App","UI/UX for an e-learning platform focusing on intuitive course browsing, interactive video playback, progress tracking, and engaging quiz functionalities for Android devices. The design caters to a diverse range of learners and content types.","https://github.com/android-education-apps/LearnSphere-Design","UX Master Certification","Interaction Design Foundation (IxDF)","https://www.interaction-design.org/ux-master-certificate"
"UX Researcher","Qualitative Research, Quantitative Research, User Interviews, Usability Testing, A/B Testing, Survey Design, Data Analysis, Persona Development, User Journey Mapping, Empathy Mapping, Moderating Sessions, Hypothesis Testing, Thematic Analysis, R, Python (for statistical analysis and scripting, optional but beneficial for advanced roles), Statistical libraries (e.g., NumPy, Pandas in Python), survey platforms, analytics tools, visualization libraries","Usability Study of an E-commerce Checkout Flow","Conduct a comprehensive usability test (moderated/unmoderated) on an existing e-commerce website's checkout process. This project involves developing a research plan, recruiting participants, conducting sessions, analyzing qualitative/quantitative data, and presenting actionable recommendations to improve conversion rates.","https://github.com/ux-research-templates/Ecommerce-Checkout-Usability-Study","Google UX Design Professional Certificate","Google (Coursera)","https://www.coursera.org/professional-certificates/google-ux-design"
"UX Researcher","Qualitative Research, Quantitative Research, User Interviews, Usability Testing, A/B Testing, Survey Design, Data Analysis, Persona Development, User Journey Mapping, Empathy Mapping, Moderating Sessions, Hypothesis Testing, Thematic Analysis, R, Python (for statistical analysis and scripting, optional but beneficial for advanced roles), Statistical libraries (e.g., NumPy, Pandas in Python), survey platforms, analytics tools, visualization libraries","User Needs Assessment for a Mental Health App","Perform initial user interviews, ethnographic research, and competitive analysis to understand the needs, pain points, and behaviors of target users for a new mental health application. Deliverables include user personas, empathy maps, and user journey maps.","https://github.com/ux-research-templates/Mental-Health-App-Needs-Assessment","Nielsen Norman Group UX Certification","Nielsen Norman Group","https://www.nngroup.com/ux-certification/"
"UX Researcher","Qualitative Research, Quantitative Research, User Interviews, Usability Testing, A/B Testing, Survey Design, Data Analysis, Persona Development, User Journey Mapping, Empathy Mapping, Moderating Sessions, Hypothesis Testing, Thematic Analysis, R, Python (for statistical analysis and scripting, optional but beneficial for advanced roles), Statistical libraries (e.g., NumPy, Pandas in Python), survey platforms, analytics tools, visualization libraries","Comparative UX Analysis of Streaming Services","Conduct a comparative usability study or A/B test (concept validation) on the user experience of two popular streaming service interfaces. The project focuses on identifying user preferences, key UX differentiators, and areas for improvement in content discovery and navigation.","https://github.com/ux-research-templates/Streaming-Service-UX-Comparison","Certified Usability Analyst (CUA)","Human Factors International (HFI)","https://humanfactors.com/training/certification/cua"
"UX Researcher","Qualitative Research, Quantitative Research, User Interviews, Usability Testing, A/B Testing, Survey Design, Data Analysis, Persona Development, User Journey Mapping, Empathy Mapping, Moderating Sessions, Hypothesis Testing, Thematic Analysis, R, Python (for statistical analysis and scripting, optional but beneficial for advanced roles), Statistical libraries (e.g., NumPy, Pandas in Python), survey platforms, analytics tools, visualization libraries","Information Architecture Study for a University Website","Utilize card sorting and tree testing methods to optimize the navigation and content structure of a university's academic department website. This project aims to improve information findability and overall user satisfaction with the website's organization.","https://github.com/ia-research-templates/University-Website-IA-Study","Qualitative Research Methods Specialization","University of Amsterdam (Coursera)","https://www.coursera.org/specializations/qualitative-research"
"UX Researcher","Qualitative Research, Quantitative Research, User Interviews, Usability Testing, A/B Testing, Survey Design, Data Analysis, Persona Development, User Journey Mapping, Empathy Mapping, Moderating Sessions, Hypothesis Testing, Thematic Analysis, R, Python (for statistical analysis and scripting, optional but beneficial for advanced roles), Statistical libraries (e.g., NumPy, Pandas in Python), survey platforms, analytics tools, visualization libraries","Persona Development & Journey Mapping for a Fintech Product","Create detailed user personas and corresponding customer journey maps for a mobile banking or investment application. Research involves mixed-method data collection (surveys, interviews) to capture user goals, motivations, pain points, and emotional experiences.","https://github.com/ux-research-templates/Fintech-Persona-Journey-Mapping","Methods and Statistics in Social Sciences Specialization","University of Amsterdam (Coursera)","https://www.coursera.org/specializations/social-science-methods"
"UX Researcher","Qualitative Research, Quantitative Research, User Interviews, Usability Testing, A/B Testing, Survey Design, Data Analysis, Persona Development, User Journey Mapping, Empathy Mapping, Moderating Sessions, Hypothesis Testing, Thematic Analysis, R, Python (for statistical analysis and scripting, optional but beneficial for advanced roles), Statistical libraries (e.g., NumPy, Pandas in Python), survey platforms, analytics tools, visualization libraries","Feedback Analysis & Feature Prioritization for a SaaS Tool","Collect and analyze user feedback from multiple channels (surveys, support tickets, interviews, NPS scores) for an existing SaaS product. The project culminates in identifying key feature requests, unmet needs, and prioritizing them based on user impact and business value.","https://github.com/saas-ux-research/SaaS-Feedback-Prioritization-Framework","Human-Computer Interaction (HCI) Specialization","Georgia Tech (Coursera)","https://www.coursera.org/specializations/human-computer-interaction"
"UX Writer","UX writing principles, Content strategy, User research, Information architecture, Microcopy, Style guides, Brand voice, Accessibility, N/A (Basic HTML/CSS understanding is a plus), N/A","E-commerce Checkout Flow Redesign","Redesign microcopy for an e-commerce checkout process, focusing on improving clarity, reducing friction, and increasing conversion rates. This project involves analyzing existing content, identifying pain points, and crafting new, user-centric copy for each step, including buttons, form labels, and confirmation messages.","https://github.com/ux-writing-templates/ecommerce-checkout-flow","Google UX Design Professional Certificate","Google (Coursera)","https://www.coursera.org/professional-certificates/google-ux-design"
"UX Writer","UX writing principles, Content strategy, User research, Information architecture, Microcopy, Style guides, Brand voice, Accessibility, N/A (Basic HTML/CSS understanding is a plus), N/A","Chatbot Conversational Flow Script","Develop a comprehensive conversational script for a customer service chatbot designed to handle FAQs and guide users through common tasks. This project requires mapping user intents, designing engaging dialogue, handling edge cases, and ensuring a consistent brand voice for the AI agent.","https://github.com/bot-templates/customer-service-chatbot-script","UX Writing Hub Certificate","UX Writing Hub","https://uxwritinghub.com/ux-writing-certification-course/"
"UX Writer","UX writing principles, Content strategy, User research, Information architecture, Microcopy, Style guides, Brand voice, Accessibility, N/A (Basic HTML/CSS understanding is a plus), N/A","Mobile App Onboarding Series","Create an engaging and informative onboarding experience for a new mobile application. This project involves writing welcome messages, feature introductions, permission requests, and interactive tutorials, aiming to guide new users effectively and encourage feature adoption.","https://github.com/mobile-app-templates/onboarding-flow-boilerplate","Nielsen Norman Group UX Certification","Nielsen Norman Group (NN/g)","https://www.nngroup.com/certifications/"
"UX Writer","UX writing principles, Content strategy, User research, Information architecture, Microcopy, Style guides, Brand voice, Accessibility, N/A (Basic HTML/CSS understanding is a plus), N/A","Website Error Messages and Notifications System","Design a complete system of error messages, success notifications, and warning alerts for a web application. The goal is to provide helpful, actionable, and non-blaming feedback to users, ensuring consistent tone and clarity across all system communications.","https://github.com/design-systems-templates/notification-system-content","Content Marketing Institute - Certified Content Marketing Professional","Content Marketing Institute (CMI)","https://contentmarketinginstitute.com/certification/"
"UX Writer","UX writing principles, Content strategy, User research, Information architecture, Microcopy, Style guides, Brand voice, Accessibility, N/A (Basic HTML/CSS understanding is a plus), N/A","Voice User Interface (VUI) Script for Smart Device","Write a VUI script for a smart home assistant feature, such as setting a timer or controlling smart lights. This project focuses on natural language understanding, clear command responses, error handling, and intuitive conversational flows for a hands-free interaction.","https://github.com/voice-ui-templates/smart-assistant-script","Coursera: Intro to UX Writing","Coursera (by Google)","https://www.coursera.org/learn/introduction-to-ux-writing"
"UX Writer","UX writing principles, Content strategy, User research, Information architecture, Microcopy, Style guides, Brand voice, Accessibility, N/A (Basic HTML/CSS understanding is a plus), N/A","SaaS Product Help Center Content Audit & Rewrite","Conduct a content audit of an existing SaaS product's help center or FAQ section and rewrite key articles to improve clarity, searchability, and user comprehension. This involves organizing information logically, simplifying complex concepts, and ensuring a helpful, supportive tone.","https://github.com/documentation-templates/saas-help-center-guide","Udemy: UX Writing: How to Write Great Microcopy","Udemy","https://www.udemy.com/course/ux-writing-how-to-write-great-microcopy/"
"Frontend Developer","HTML5, CSS3, JavaScript (ES6+), DOM manipulation, Responsive design, Accessibility, Version control (Git), API integration (RESTful), Debugging, Web performance optimization, JavaScript, HTML, CSS, React.js, Vue.js, Angular, jQuery (basic understanding), Bootstrap, Tailwind CSS, SASS/LESS","Responsive Portfolio Website","Develop a personal portfolio website using HTML, CSS (e.g., with Flexbox/Grid or Tailwind CSS), and JavaScript. It should be fully responsive across devices, feature smooth animations, and showcase past projects with detailed descriptions and links.","https://github.com/freecodecamp/portfolio-template","freeCodeCamp Responsive Web Design Certification","freeCodeCamp","https://www.freecodecamp.org/learn/responsive-web-design/"
"Frontend Developer","HTML5, CSS3, JavaScript (ES6+), DOM manipulation, Responsive design, Accessibility, Version control (Git), API integration (RESTful), Debugging, Web performance optimization, JavaScript, HTML, CSS, React.js, Vue.js, Angular, jQuery (basic understanding), Bootstrap, Tailwind CSS, SASS/LESS","Interactive To-Do List Application","Build a functional To-Do List application using vanilla JavaScript or a lightweight framework. Features include adding, deleting, editing tasks, marking as complete, and local storage persistence. Focus on clean UI/UX and efficient DOM manipulation.","https://github.com/bradtraversy/vanillawebprojects/tree/master/todolist","freeCodeCamp JavaScript Algorithms and Data Structures Certification","freeCodeCamp","https://www.freecodecamp.org/learn/javascript-algorithms-and-data-structures/"
"Frontend Developer","HTML5, CSS3, JavaScript (ES6+), DOM manipulation, Responsive design, Accessibility, Version control (Git), API integration (RESTful), Debugging, Web performance optimization, JavaScript, HTML, CSS, React.js, Vue.js, Angular, jQuery (basic understanding), Bootstrap, Tailwind CSS, SASS/LESS","E-commerce Product Listing Page with Filtering","Create a product listing page for an e-commerce site, consuming data from a mock API or JSON file. Implement features like product display, search functionality, category filtering, and sorting options. Prioritize responsive layout and user-friendly interaction.","https://github.com/divyanshu013/react-ecommerce-template","Meta Front-End Developer Professional Certificate","Meta (Coursera)","https://www.coursera.org/professional-certificates/meta-front-end-developer"
"Frontend Developer","HTML5, CSS3, JavaScript (ES6+), DOM manipulation, Responsive design, Accessibility, Version control (Git), API integration (RESTful), Debugging, Web performance optimization, JavaScript, HTML, CSS, React.js, Vue.js, Angular, jQuery (basic understanding), Bootstrap, Tailwind CSS, SASS/LESS","Weather Application","Develop a weather application that fetches current weather data and forecast using a public weather API (e.g., OpenWeatherMap API). Display key information such as temperature, humidity, wind speed, and weather conditions for searched cities. Incorporate error handling and a clean visual design.","https://github.com/Chigala/react-weather-app","Google Analytics Individual Qualification (GAIQ)","Google","https://skillshop.withgoogle.com/certification/google-analytics"
"Frontend Developer","HTML5, CSS3, JavaScript (ES6+), DOM manipulation, Responsive design, Accessibility, Version control (Git), API integration (RESTful), Debugging, Web performance optimization, JavaScript, HTML, CSS, React.js, Vue.js, Angular, jQuery (basic understanding), Bootstrap, Tailwind CSS, SASS/LESS","Calculator Web Application","Implement a fully functional scientific or basic calculator web application. Focus on robust JavaScript logic for arithmetic operations, handling user input via keyboard and on-screen buttons, and displaying calculations accurately. Ensure a responsive and intuitive interface.","https://github.com/rishabhmittal/simple-calculator","AWS Certified Cloud Practitioner","Amazon Web Services (AWS)","https://aws.amazon.com/certification/certified-cloud-practitioner/"
"Frontend Developer","HTML5, CSS3, JavaScript (ES6+), DOM manipulation, Responsive design, Accessibility, Version control (Git), API integration (RESTful), Debugging, Web performance optimization, JavaScript, HTML, CSS, React.js, Vue.js, Angular, jQuery (basic understanding), Bootstrap, Tailwind CSS, SASS/LESS","Simple Blogging Platform UI","Design and implement the frontend UI for a simple blogging platform. This involves displaying blog posts fetched from a mock API, individual post views, and possibly a basic markdown rendering for post content. Focus on clean layout, navigation, and content presentation.","https://github.com/learn-co-students/javascript-blog-project","Microsoft Certified: Azure Fundamentals","Microsoft","https://learn.microsoft.com/en-us/certifications/azure-fundamentals/"
"React Developer","React.js, JSX, Component-based architecture, State management (Hooks, Context API, Redux/Zustand), React Router, API integration, Build tools (Webpack/Vite), Git, Testing (Jest, React Testing Library), Performance optimization, TypeScript, JavaScript (ES6+), TypeScript, React.js, Next.js, Redux, Zustand, Material-UI, Chakra UI, Tailwind CSS, Styled Components, Axios, React Query","E-commerce Product Catalog with Shopping Cart","Develop a React-based e-commerce application featuring a product catalog with dynamic filtering, sorting, and a functional shopping cart. Utilize state management (e.g., Redux or Context API) to manage cart state and interact with a mock API for product data.","https://github.com/bradtraversy/react_ecommerce_app","freeCodeCamp Front End Development Libraries Certification","freeCodeCamp","https://www.freecodecamp.org/learn/front-end-development-libraries/"
"React Developer","React.js, JSX, Component-based architecture, State management (Hooks, Context API, Redux/Zustand), React Router, API integration, Build tools (Webpack/Vite), Git, Testing (Jest, React Testing Library), Performance optimization, TypeScript, JavaScript (ES6+), TypeScript, React.js, Next.js, Redux, Zustand, Material-UI, Chakra UI, Tailwind CSS, Styled Components, Axios, React Query","Social Media Feed Clone","Create a simplified clone of a social media feed using React. Implement features like infinite scrolling, post display (text, image), like/comment functionality, and user profiles. Data can be fetched from a JSON placeholder API or a mock backend.","https://github.com/freecodecamp/react-social-media-feed-clone","Meta Front-End Developer Professional Certificate","Meta (Coursera)","https://www.coursera.org/professional-certificates/meta-front-end-developer"
"React Developer","React.js, JSX, Component-based architecture, State management (Hooks, Context API, Redux/Zustand), React Router, API integration, Build tools (Webpack/Vite), Git, Testing (Jest, React Testing Library), Performance optimization, TypeScript, JavaScript (ES6+), TypeScript, React.js, Next.js, Redux, Zustand, Material-UI, Chakra UI, Tailwind CSS, Styled Components, Axios, React Query","Interactive Dashboard with Chart Visualizations","Build an interactive dashboard application using React, integrating a charting library (e.g., Chart.js, Recharts, Nivo) to visualize data fetched from an API. Include dynamic data updates, filtering options, and a responsive layout for different screen sizes.","https://github.com/mui/material-ui/tree/master/docs/data/material/getting-started/templates/dashboard","Udemy: React - The Complete Guide (incl Hooks, React Router, Redux)","Udemy","https://www.udemy.com/course/react-the-complete-guide-incl-redux-hooks/"
"React Developer","React.js, JSX, Component-based architecture, State management (Hooks, Context API, Redux/Zustand), React Router, API integration, Build tools (Webpack/Vite), Git, Testing (Jest, React Testing Library), Performance optimization, TypeScript, JavaScript (ES6+), TypeScript, React.js, Next.js, Redux, Zustand, Material-UI, Chakra UI, Tailwind CSS, Styled Components, Axios, React Query","Task Management App with Drag-and-Drop","Develop a Kanban-style task management application in React, allowing users to create, categorize, and move tasks between different columns (e.g., To Do, In Progress, Done) using drag-and-drop functionality (e.g., React Beautiful DND). Persist data using local storage or a simple backend.","https://github.com/atlassian/react-beautiful-dnd/tree/master/docs/src/starter-code","Coursera: Advanced React (Meta)","Meta (Coursera)","https://www.coursera.org/learn/advanced-react"
"React Developer","React.js, JSX, Component-based architecture, State management (Hooks, Context API, Redux/Zustand), React Router, API integration, Build tools (Webpack/Vite), Git, Testing (Jest, React Testing Library), Performance optimization, TypeScript, JavaScript (ES6+), TypeScript, React.js, Next.js, Redux, Zustand, Material-UI, Chakra UI, Tailwind CSS, Styled Components, Axios, React Query","Real-time Chat Application","Implement a real-time chat application using React for the frontend and WebSockets (e.g., Socket.IO) for bidirectional communication. Features include user authentication, public/private chat rooms, and real-time message exchange. Focus on managing real-time state efficiently.","https://github.com/bradtraversy/chatcord","AWS Certified Cloud Practitioner","Amazon Web Services (AWS)","https://aws.amazon.com/certification/certified-cloud-practitioner/"
"React Developer","React.js, JSX, Component-based architecture, State management (Hooks, Context API, Redux/Zustand), React Router, API integration, Build tools (Webpack/Vite), Git, Testing (Jest, React Testing Library), Performance optimization, TypeScript, JavaScript (ES6+), TypeScript, React.js, Next.js, Redux, Zustand, Material-UI, Chakra UI, Tailwind CSS, Styled Components, Axios, React Query","Personal Blogging Platform with Next.js","Build a personal blogging platform leveraging Next.js for server-side rendering or static site generation. Users can view markdown-based blog posts fetched from a content API or local markdown files. Implement dynamic routing, styling, and basic SEO features.","https://github.com/vercel/next.js/tree/canary/examples/blog-starter","Professional Scrum Developer I (PSD I)","Scrum.org","https://www.scrum.org/resources/professional-scrum-developer-assessments"
"Angular Developer","TypeScript, Angular CLI, Component-based architecture, RxJS, NgRx (state management), Routing, Forms, Observables, RESTful APIs, Unit testing (Jasmine/Karma), E2E testing (Cypress), TypeScript, JavaScript, HTML, CSS (SCSS/LESS), Angular, Angular Material, Bootstrap, Tailwind CSS","E-commerce Shopping Cart with Angular & NgRx","Develop a responsive e-commerce application featuring product listings, a shopping cart, and user authentication. Utilize Angular for the UI and NgRx for robust state management, integrating with a mock REST API for product data.","https://github.com/mgechev/angular-ecommerce-app","Google Certified Professional - Cloud Developer","Google Cloud","https://cloud.google.com/certification/cloud-developer"
"Angular Developer","TypeScript, Angular CLI, Component-based architecture, RxJS, NgRx (state management), Routing, Forms, Observables, RESTful APIs, Unit testing (Jasmine/Karma), E2E testing (Cypress), TypeScript, JavaScript, HTML, CSS (SCSS/LESS), Angular, Angular Material, Bootstrap, Tailwind CSS","Dashboard Application with Angular Material & Charts","Create an interactive admin dashboard that displays various data visualizations and key performance indicators. Implement a clean UI with Angular Material components and integrate charting libraries like Chart.js or D3.js to render dynamic data.","https://github.com/akveo/ngx-admin","AWS Certified Developer – Associate","Amazon Web Services (AWS)","https://aws.amazon.com/certification/certified-developer-associate/"
"Angular Developer","TypeScript, Angular CLI, Component-based architecture, RxJS, NgRx (state management), Routing, Forms, Observables, RESTful APIs, Unit testing (Jasmine/Karma), E2E testing (Cypress), TypeScript, JavaScript, HTML, CSS (SCSS/LESS), Angular, Angular Material, Bootstrap, Tailwind CSS","Task Management PWA with Angular & Firebase","Build a progressive web application for task management, allowing offline access and push notifications. The frontend will be Angular, interacting with Firebase for backend services like authentication and real-time database (Firestore).","https://github.com/fireship-io/angular-pwa-course","Microsoft Certified: Azure Developer Associate","Microsoft Azure","https://learn.microsoft.com/en-us/certifications/azure-developer/"
"Angular Developer","TypeScript, Angular CLI, Component-based architecture, RxJS, NgRx (state management), Routing, Forms, Observables, RESTful APIs, Unit testing (Jasmine/Karma), E2E testing (Cypress), TypeScript, JavaScript, HTML, CSS (SCSS/LESS), Angular, Angular Material, Bootstrap, Tailwind CSS","Real-time Chat Application using Angular & WebSockets","Develop a real-time chat application where users can join rooms and send messages instantly. The Angular frontend will communicate with a Node.js (Socket.IO) backend via WebSockets to provide instant message delivery and updates.","https://github.com/angular/angular-examples/tree/master/angular-socketio-chat","Professional JavaScript Developer Certification","freeCodeCamp","https://www.freecodecamp.org/news/javascript-developer-certificate/"
"Angular Developer","TypeScript, Angular CLI, Component-based architecture, RxJS, NgRx (state management), Routing, Forms, Observables, RESTful APIs, Unit testing (Jasmine/Karma), E2E testing (Cypress), TypeScript, JavaScript, HTML, CSS (SCSS/LESS), Angular, Angular Material, Bootstrap, Tailwind CSS","Recipe Book & Meal Planner with Angular Universal","Construct a recipe management application that allows users to store, categorize, and plan meals. Implement Server-Side Rendering (SSR) using Angular Universal for improved SEO and initial load performance, backed by a simple Node.js API.","https://github.com/maximilianSchwarzmuller/Angular-The-Complete-Guide-Udemy/tree/master/course-project-final","Angular - The Complete Guide (with certifications)","Udemy (various instructors)","https://www.udemy.com/course/the-complete-guide-to-angular-2/"
"Angular Developer","TypeScript, Angular CLI, Component-based architecture, RxJS, NgRx (state management), Routing, Forms, Observables, RESTful APIs, Unit testing (Jasmine/Karma), E2E testing (Cypress), TypeScript, JavaScript, HTML, CSS (SCSS/LESS), Angular, Angular Material, Bootstrap, Tailwind CSS","Micro Frontends Demo with Angular and Nx Monorepo","Set up a monorepo using Nx Workspace to demonstrate micro frontend architecture. Create multiple standalone Angular applications (e.g., product, cart, user profile) that can be developed and deployed independently, yet compose a single user experience.","https://github.com/nrwl/nx-examples","Frontend Development Libraries Certification","freeCodeCamp","https://www.freecodecamp.org/learn/front-end-development-libraries/"
"Vue.js Developer","Vue.js (Composition API/Options API), Vue Router, Pinia/Vuex (state management), Vite/Vue CLI, Component-based architecture, Props/Events, Slots, Lifecycle Hooks, RESTful APIs, Unit testing (Vitest/Jest), JavaScript, TypeScript (optional), HTML, CSS (SCSS/LESS), Vue.js, Nuxt.js, Vuetify, Tailwind CSS, BootstrapVue","Vue 3 E-commerce Storefront with Pinia","Develop a modern e-commerce application using Vue 3 and the Composition API for component logic. Implement state management with Pinia, handling product listings, a shopping cart, and user checkout, connecting to a mock API.","https://github.com/vueschool/vue-masterclass-starter","Google Certified Professional - Web Developer","Google Developers","https://developers.google.com/training/certification"
"Vue.js Developer","Vue.js (Composition API/Options API), Vue Router, Pinia/Vuex (state management), Vite/Vue CLI, Component-based architecture, Props/Events, Slots, Lifecycle Hooks, RESTful APIs, Unit testing (Vitest/Jest), JavaScript, TypeScript (optional), HTML, CSS (SCSS/LESS), Vue.js, Nuxt.js, Vuetify, Tailwind CSS, BootstrapVue","Nuxt.js Blog/CMS with Server-Side Rendering","Create a high-performance blog or content management system using Nuxt.js for server-side rendering (SSR) and static site generation (SSG). Integrate with a headless CMS like Strapi or a Markdown-based system for content.","https://github.com/nuxt/starter","AWS Certified Cloud Practitioner","Amazon Web Services (AWS)","https://aws.amazon.com/certification/certified-cloud-practitioner/"
"Vue.js Developer","Vue.js (Composition API/Options API), Vue Router, Pinia/Vuex (state management), Vite/Vue CLI, Component-based architecture, Props/Events, Slots, Lifecycle Hooks, RESTful APIs, Unit testing (Vitest/Jest), JavaScript, TypeScript (optional), HTML, CSS (SCSS/LESS), Vue.js, Nuxt.js, Vuetify, Tailwind CSS, BootstrapVue","Real-time Chat App with Vue & Socket.IO","Build a real-time chat application allowing users to create rooms and exchange messages instantly. The Vue.js frontend will communicate with a Node.js backend using Socket.IO for WebSocket connectivity, providing a smooth user experience.","https://github.com/rachidelaid/vue-chat","Vue - The Complete Guide (with certification options)","Udemy (various instructors)","https://www.udemy.com/course/vuejs-2-the-complete-guide/"
"Vue.js Developer","Vue.js (Composition API/Options API), Vue Router, Pinia/Vuex (state management), Vite/Vue CLI, Component-based architecture, Props/Events, Slots, Lifecycle Hooks, RESTful APIs, Unit testing (Vitest/Jest), JavaScript, TypeScript (optional), HTML, CSS (SCSS/LESS), Vue.js, Nuxt.js, Vuetify, Tailwind CSS, BootstrapVue","Weather PWA with Vue.js & Geolocation","Develop a Progressive Web App (PWA) that provides real-time weather forecasts based on user's location. Leverage Vue.js for the UI, consume a public weather API, and implement PWA features like offline capabilities and push notifications.","https://github.com/mdn/pwa-examples/tree/main/vue-weather","Microsoft Certified: Azure Fundamentals","Microsoft Azure","https://learn.microsoft.com/en-us/certifications/azure-fundamentals/"
"Vue.js Developer","Vue.js (Composition API/Options API), Vue Router, Pinia/Vuex (state management), Vite/Vue CLI, Component-based architecture, Props/Events, Slots, Lifecycle Hooks, RESTful APIs, Unit testing (Vitest/Jest), JavaScript, TypeScript (optional), HTML, CSS (SCSS/LESS), Vue.js, Nuxt.js, Vuetify, Tailwind CSS, BootstrapVue","Kanban Board Application with Drag-and-Drop","Implement an interactive Kanban board where users can create tasks, move them between columns (e.g., To Do, In Progress, Done) using drag-and-drop functionality. Utilize Vue.draggable or similar libraries for the drag-and-drop features.","https://github.com/BrockReece/vue-kanban-board","Frontend Web Development with Vue.js","Coursera (from The Hong Kong University of Science and Technology)","https://www.coursera.org/learn/web-development-vuejs"
"Vue.js Developer","Vue.js (Composition API/Options API), Vue Router, Pinia/Vuex (state management), Vite/Vue CLI, Component-based architecture, Props/Events, Slots, Lifecycle Hooks, RESTful APIs, Unit testing (Vitest/Jest), JavaScript, TypeScript (optional), HTML, CSS (SCSS/LESS), Vue.js, Nuxt.js, Vuetify, Tailwind CSS, BootstrapVue","Vue Component Library & Style Guide","Create a reusable set of UI components (buttons, inputs, cards, modals) packaged as a component library. Utilize Storybook or a similar tool to document and showcase the components with a comprehensive style guide, demonstrating modular design.","https://github.com/storybookjs/storybook/tree/next/examples/vue-3-cli","Certified Front End Web Developer","W3Schools","https://www.w3schools.com/cert/cert_frontend.asp"
"Web UI Developer","HTML5, CSS3 (Flexbox, Grid, Responsiveness), JavaScript (ES6+), DOM Manipulation, Web Accessibility (WCAG), Cross-browser compatibility, UI/UX principles, Performance optimization, SEO basics, HTML, CSS, JavaScript, Bootstrap, Tailwind CSS, SASS/LESS, jQuery (for legacy), BEM methodology","Responsive Portfolio Website with Modern CSS","Design and develop a personal portfolio website showcasing projects, skills, and contact information. Emphasize responsive design using CSS Grid and Flexbox for optimal viewing across all devices, ensuring accessibility standards.","https://github.com/bradtraversy/modern_portfolio","Meta Front-End Developer Professional Certificate","Coursera (Meta)","https://www.coursera.org/professional-certificates/meta-front-end-developer"
"Web UI Developer","HTML5, CSS3 (Flexbox, Grid, Responsiveness), JavaScript (ES6+), DOM Manipulation, Web Accessibility (WCAG), Cross-browser compatibility, UI/UX principles, Performance optimization, SEO basics, HTML, CSS, JavaScript, Bootstrap, Tailwind CSS, SASS/LESS, jQuery (for legacy), BEM methodology","Interactive Landing Page with Animations & Scroll Effects","Build an engaging single-page landing website for a product or service, featuring smooth CSS animations, scroll-triggered effects, and micro-interactions. Optimize for performance and cross-browser compatibility, using vanilla JavaScript.","https://github.com/codyhouse/landing-page-template","W3Schools Certified Front End Web Developer","W3Schools","https://www.w3schools.com/cert/cert_frontend.asp"
"Web UI Developer","HTML5, CSS3 (Flexbox, Grid, Responsiveness), JavaScript (ES6+), DOM Manipulation, Web Accessibility (WCAG), Cross-browser compatibility, UI/UX principles, Performance optimization, SEO basics, HTML, CSS, JavaScript, Bootstrap, Tailwind CSS, SASS/LESS, jQuery (for legacy), BEM methodology","E-commerce Product Page with Dynamic UI","Create a detailed product display page for an e-commerce site, including image carousels, size/color selectors, and dynamic pricing updates. Implement advanced CSS techniques and vanilla JavaScript for interactive elements without a heavy framework.","https://github.com/safak/youtube/tree/react-e-commerce-ui","Web Design for Everybody: Basics of Web Development & Coding","Coursera (University of Michigan)","https://www.coursera.org/specializations/web-design"
"Web UI Developer","HTML5, CSS3 (Flexbox, Grid, Responsiveness), JavaScript (ES6+), DOM Manipulation, Web Accessibility (WCAG), Cross-browser compatibility, UI/UX principles, Performance optimization, SEO basics, HTML, CSS, JavaScript, Bootstrap, Tailwind CSS, SASS/LESS, jQuery (for legacy), BEM methodology","Accessible Admin Dashboard UI","Develop a user-friendly and accessible admin dashboard interface with various widgets (charts, tables, forms). Focus on semantic HTML, ARIA attributes, keyboard navigation, and consistent styling using a CSS framework like Bootstrap or Tailwind CSS.","https://github.com/StartBootstrap/startbootstrap-sb-admin-2","Certified Associate in Python Programming (PCAP)","OpenEDG Python Institute","https://pythoninstitute.org/pcap"
"Web UI Developer","HTML5, CSS3 (Flexbox, Grid, Responsiveness), JavaScript (ES6+), DOM Manipulation, Web Accessibility (WCAG), Cross-browser compatibility, UI/UX principles, Performance optimization, SEO basics, HTML, CSS, JavaScript, Bootstrap, Tailwind CSS, SASS/LESS, jQuery (for legacy), BEM methodology","Interactive Data Visualization using D3.js","Implement a web page displaying interactive data visualizations (e.g., bar chart, line graph, scatter plot). Utilize HTML, CSS, and JavaScript with the D3.js library to bind data to DOM elements and create dynamic, responsive charts.","https://github.com/freeCodeCamp/d3-tutorials","CompTIA A+","CompTIA","https://www.comptia.org/certifications/a"
"Web UI Developer","HTML5, CSS3 (Flexbox, Grid, Responsiveness), JavaScript (ES6+), DOM Manipulation, Web Accessibility (WCAG), Cross-browser compatibility, UI/UX principles, Performance optimization, SEO basics, HTML, CSS, JavaScript, Bootstrap, Tailwind CSS, SASS/LESS, jQuery (for legacy), BEM methodology","Web Component Library for UI Elements","Develop a small library of reusable, framework-agnostic web components (e.g., custom button, modal, tab component) using vanilla JavaScript and Web Component APIs (Custom Elements, Shadow DOM, HTML Templates). Focus on encapsulation and reusability.","https://github.com/mdn/web-components-examples","HTML, CSS, and Javascript for Web Developers","Coursera (Johns Hopkins University)","https://www.coursera.org/learn/html-css-javascript-for-web-developers"
"Next.js Developer","React.js, Next.js, TypeScript, HTML/CSS, API Integration, State Management, Performance Optimization, SEO, Server-Side Rendering (SSR), Static Site Generation (SSG), JavaScript, TypeScript, Next.js, React.js, Tailwind CSS, SASS/SCSS, Zustand/Jotai, React Query/SWR","Universal E-commerce Storefront","Develop a full-featured e-commerce storefront using Next.js for universal rendering, Tailwind CSS for styling, and integrate with a backend API (e.g., Medusa or Stripe API) for product management and checkout flow. Features include product listings, search, cart management, and secure payments.","https://github.com/vercel/commerce","Vercel Certified Next.js Developer","Vercel","https://vercel.com/docs/nextjs/certification"
"Next.js Developer","React.js, Next.js, TypeScript, HTML/CSS, API Integration, State Management, Performance Optimization, SEO, Server-Side Rendering (SSR), Static Site Generation (SSG), JavaScript, TypeScript, Next.js, React.js, Tailwind CSS, SASS/SCSS, Zustand/Jotai, React Query/SWR","Developer Blog Platform with MDX","Create a modern blog platform featuring static site generation (SSG) with Next.js, allowing content to be written in Markdown or MDX. Implement category filtering, full-text search, syntax highlighting, and SEO optimization. Utilize libraries like `next-mdx-remote` for content rendering.","https://github.com/vercel/next.js/tree/canary/examples/blog-starter-typescript","Meta Front-End Developer Professional Certificate","Coursera/Meta","https://www.coursera.org/professional-certificates/meta-front-end-developer"
"Next.js Developer","React.js, Next.js, TypeScript, HTML/CSS, API Integration, State Management, Performance Optimization, SEO, Server-Side Rendering (SSR), Static Site Generation (SSG), JavaScript, TypeScript, Next.js, React.js, Tailwind CSS, SASS/SCSS, Zustand/Jotai, React Query/SWR","Real-time Collaborative Whiteboard","Build a real-time collaborative whiteboard application leveraging Next.js with WebSockets (e.g., Socket.io or Pusher) for instant updates. Users can draw, add shapes, and collaborate simultaneously, demonstrating advanced state management and real-time communication.","https://github.com/vercel/next.js/tree/canary/examples/with-socket.io","AWS Certified Cloud Practitioner","Amazon Web Services (AWS)","https://aws.amazon.com/certification/certified-cloud-practitioner/"
"Next.js Developer","React.js, Next.js, TypeScript, HTML/CSS, API Integration, State Management, Performance Optimization, SEO, Server-Side Rendering (SSR), Static Site Generation (SSG), JavaScript, TypeScript, Next.js, React.js, Tailwind CSS, SASS/SCSS, Zustand/Jotai, React Query/SWR","AI-Powered Portfolio Generator","Design and develop a Next.js application that allows users to input their skills and projects, then uses an AI API (e.g., OpenAI, Cohere) to generate personalized portfolio content and design suggestions. Users can customize templates and export their portfolios. Focus on intuitive UI and API integration.","https://github.com/vercel/portfolio-starter","Professional Scrum Developer I","Scrum.org","https://www.scrum.org/psd-certifications"
"Next.js Developer","React.js, Next.js, TypeScript, HTML/CSS, API Integration, State Management, Performance Optimization, SEO, Server-Side Rendering (SSR), Static Site Generation (SSG), JavaScript, TypeScript, Next.js, React.js, Tailwind CSS, SASS/SCSS, Zustand/Jotai, React Query/SWR","Task Management Dashboard with Server Actions","Implement a full-stack task management dashboard using Next.js 13+ App Router and Server Actions for data mutations, integrated with a PostgreSQL database via Prisma. Features include user authentication (NextAuth.js), CRUD operations for tasks, and drag-and-drop task reordering.","https://github.com/supabase/nextjs-ts-template","freeCodeCamp Front End Development Libraries Certification","freeCodeCamp","https://www.freecodecamp.org/learn/front-end-development-libraries/"
"Next.js Developer","React.js, Next.js, TypeScript, HTML/CSS, API Integration, State Management, Performance Optimization, SEO, Server-Side Rendering (SSR), Static Site Generation (SSG), JavaScript, TypeScript, Next.js, React.js, Tailwind CSS, SASS/SCSS, Zustand/Jotai, React Query/SWR","Movie Discovery Platform","Develop a movie and TV show discovery platform that fetches data from an external API (e.g., TMDB). Implement dynamic routing for movie details, user ratings/reviews, advanced search, and personalized recommendations. Focus on efficient data fetching strategies (ISR, SWR) and responsive design.","https://github.com/shadcn-ui/ui","Google Analytics Individual Qualification","Google","https://skillshop.withgoogle.com/certification/google-analytics"
"Mobile Frontend Developer","UI/UX Design, React Native/Flutter, Native UI Components, API Integration, State Management, Performance Optimization, Offline Capabilities, Push Notifications, Device APIs, Debugging, JavaScript/TypeScript, Dart, Swift/Kotlin (basic understanding), React Native, Expo, Flutter, Redux/MobX/Provider/Riverpod, Styled Components/Tailwind CSS Native","Recipe & Meal Planner App (React Native)","Develop a React Native application that allows users to discover recipes from a public API (e.g., Spoonacular), save favorites locally (using AsyncStorage), and plan weekly meals. Implement features like ingredient shopping lists, search functionality, and offline access to saved recipes.","https://github.com/react-native-elements/examples","Google Associate Android Developer","Google","https://developers.google.com/training/certification/android-developer"
"Mobile Frontend Developer","UI/UX Design, React Native/Flutter, Native UI Components, API Integration, State Management, Performance Optimization, Offline Capabilities, Push Notifications, Device APIs, Debugging, JavaScript/TypeScript, Dart, Swift/Kotlin (basic understanding), React Native, Expo, Flutter, Redux/MobX/Provider/Riverpod, Styled Components/Tailwind CSS Native","Personal Fitness Tracker (Flutter)","Create a Flutter app for tracking fitness activities, including logging workouts, setting goals, and visualizing progress. Integrate with Google Fit/Apple Health for step tracking and utilize Firebase for user authentication and storing workout data. Focus on animated UI and data visualization.","https://github.com/flutter/samples/tree/main/add_to_app","Meta React Native Mobile Developer Specialization","Coursera/Meta","https://www.coursera.org/specializations/meta-react-native-mobile-developer"
"Mobile Frontend Developer","UI/UX Design, React Native/Flutter, Native UI Components, API Integration, State Management, Performance Optimization, Offline Capabilities, Push Notifications, Device APIs, Debugging, JavaScript/TypeScript, Dart, Swift/Kotlin (basic understanding), React Native, Expo, Flutter, Redux/MobX/Provider/Riverpod, Styled Components/Tailwind CSS Native","Event Management & Ticketing App (React Native/Expo)","Build an event management application using React Native with Expo. Users can browse events, view details, purchase tickets (mock payment gateway), and receive push notifications for event reminders. Implement geolocation for finding nearby events and calendar integration.","https://github.com/expo/examples/tree/main/with-notifications","Professional Scrum Master I","Scrum.org","https://www.scrum.org/psm-i"
"Mobile Frontend Developer","UI/UX Design, React Native/Flutter, Native UI Components, API Integration, State Management, Performance Optimization, Offline Capabilities, Push Notifications, Device APIs, Debugging, JavaScript/TypeScript, Dart, Swift/Kotlin (basic understanding), React Native, Expo, Flutter, Redux/MobX/Provider/Riverpod, Styled Components/Tailwind CSS Native","Language Learning Flashcard App (Flutter)","Develop a Flutter application for language learning, featuring flashcards, vocabulary quizzes, and progress tracking. Utilize a local database (e.g., sqflite) for storing vocabulary and integrate text-to-speech functionality for pronunciation practice. Implement different learning modes.","https://github.com/flutter/samples/tree/main/gallery","AWS Certified Developer - Associate","Amazon Web Services (AWS)","https://aws.amazon.com/certification/certified-developer-associate/"
"Mobile Frontend Developer","UI/UX Design, React Native/Flutter, Native UI Components, API Integration, State Management, Performance Optimization, Offline Capabilities, Push Notifications, Device APIs, Debugging, JavaScript/TypeScript, Dart, Swift/Kotlin (basic understanding), React Native, Expo, Flutter, Redux/MobX/Provider/Riverpod, Styled Components/Tailwind CSS Native","Smart Home Control Interface (React Native)","Design a React Native app that acts as a control interface for simulated smart home devices. Connect to a mock MQTT broker or local server via WebSockets to control lights, thermostats, and view sensor data in real-time. Emphasize a clean, intuitive UI for device management.","https://github.com/react-native-community/smart-home-app","iOS Development with Swift Specialization","Coursera/UC Irvine","https://www.coursera.org/specializations/swift-ios-app-development"
"Mobile Frontend Developer","UI/UX Design, React Native/Flutter, Native UI Components, API Integration, State Management, Performance Optimization, Offline Capabilities, Push Notifications, Device APIs, Debugging, JavaScript/TypeScript, Dart, Swift/Kotlin (basic understanding), React Native, Expo, Flutter, Redux/MobX/Provider/Riverpod, Styled Components/Tailwind CSS Native","Expense Tracker with Receipt Scanner (Flutter)","Build a Flutter expense tracker that allows users to input expenses manually or by scanning receipts using the camera and an OCR library (e.g., Google ML Kit). Categories, budget management, and visual reports (charts) for spending habits should be included. Data stored locally or on Firebase.","https://github.com/flutter/samples/tree/main/cookbook","CompTIA Security+","CompTIA","https://www.comptia.org/certifications/security"
"Backend Developer","API Design (REST/GraphQL), Database Management (SQL/NoSQL), Server-Side Logic, Authentication/Authorization, Microservices, Cloud Computing, Caching, Message Queues, Data Structures & Algorithms, Python, Java, Node.js (JavaScript/TypeScript), Go, C#, Django/Flask, Spring Boot, Express.js/NestJS, Gin/Echo, ASP.NET Core, SQLAlchemy/TypeORM/Hibernate","E-commerce Backend API (Node.js/Express)","Develop a RESTful API for an e-commerce platform using Node.js with Express.js and MongoDB. Implement features like product management, user authentication (JWT), order processing, shopping cart, and integrate a payment gateway (e.g., Stripe). Dockerize the application for easy deployment.","https://github.com/medusajs/medusa-starter-default","AWS Certified Developer - Associate","Amazon Web Services (AWS)","https://aws.amazon.com/certification/certified-developer-associate/"
"Backend Developer","API Design (REST/GraphQL), Database Management (SQL/NoSQL), Server-Side Logic, Authentication/Authorization, Microservices, Cloud Computing, Caching, Message Queues, Data Structures & Algorithms, Python, Java, Node.js (JavaScript/TypeScript), Go, C#, Django/Flask, Spring Boot, Express.js/NestJS, Gin/Echo, ASP.NET Core, SQLAlchemy/TypeORM/Hibernate","Scalable URL Shortener Service (Python/Flask)","Build a URL shortener service using Python with Flask, PostgreSQL for storing long/short URL mappings, and Redis for caching popular short URLs. Implement rate limiting, custom short URLs, and link analytics. Utilize Docker Compose for local development setup.","https://github.com/miguelgrinberg/flask-microblog","Microsoft Certified: Azure Developer Associate","Microsoft","https://learn.microsoft.com/en-us/certifications/azure-developer-associate/"
"Backend Developer","API Design (REST/GraphQL), Database Management (SQL/NoSQL), Server-Side Logic, Authentication/Authorization, Microservices, Cloud Computing, Caching, Message Queues, Data Structures & Algorithms, Python, Java, Node.js (JavaScript/TypeScript), Go, C#, Django/Flask, Spring Boot, Express.js/NestJS, Gin/Echo, ASP.NET Core, SQLAlchemy/TypeORM/Hibernate","Social Media Platform Backend (Java/Spring Boot)","Create the backend for a social media platform using Java with Spring Boot. Features include user profiles, post creation (text/images), following/followers, news feed aggregation, and real-time notifications via Kafka. Implement Spring Security for robust authentication and authorization.","https://github.com/spring-projects/spring-boot-samples","Google Cloud Professional Cloud Developer","Google Cloud","https://cloud.google.com/certification/cloud-developer"
"Backend Developer","API Design (REST/GraphQL), Database Management (SQL/NoSQL), Server-Side Logic, Authentication/Authorization, Microservices, Cloud Computing, Caching, Message Queues, Data Structures & Algorithms, Python, Java, Node.js (JavaScript/TypeScript), Go, C#, Django/Flask, Spring Boot, Express.js/NestJS, Gin/Echo, ASP.NET Core, SQLAlchemy/TypeORM/Hibernate","Real-time Stock Market Data Service (Go/Gin)","Develop a high-performance backend service in Go using the Gin framework to provide real-time stock market data. Integrate with external financial APIs, use WebSockets for pushing updates to clients, and cache frequently requested data with Redis Pub/Sub. Focus on concurrency and low latency.","https://github.com/gin-gonic/gin","Oracle Certified Professional, Java SE 17 Developer","Oracle","https://education.oracle.com/java-se-17-developer/pexam_1Z0-829"
"Backend Developer","API Design (REST/GraphQL), Database Management (SQL/NoSQL), Server-Side Logic, Authentication/Authorization, Microservices, Cloud Computing, Caching, Message Queues, Data Structures & Algorithms, Python, Java, Node.js (JavaScript/TypeScript), Go, C#, Django/Flask, Spring Boot, Express.js/NestJS, Gin/Echo, ASP.NET Core, SQLAlchemy/TypeORM/Hibernate","Task Management Microservices (Node.js/NestJS)","Implement a task management system broken down into multiple microservices (e.g., User Service, Task Service) using Node.js with NestJS. Orchestrate communication between services using a message broker like RabbitMQ. Deploy services with Docker and Kubernetes for scalability.","https://github.com/nestjs/nest","Certified Kubernetes Application Developer (CKAD)","CNCF/Linux Foundation","https://www.cncf.io/certification/ckad/"
"Backend Developer","API Design (REST/GraphQL), Database Management (SQL/NoSQL), Server-Side Logic, Authentication/Authorization, Microservices, Cloud Computing, Caching, Message Queues, Data Structures & Algorithms, Python, Java, Node.js (JavaScript/TypeScript), Go, C#, Django/Flask, Spring Boot, Express.js/NestJS, Gin/Echo, ASP.NET Core, SQLAlchemy/TypeORM/Hibernate","Cloud File Storage Service (Python/Django)","Build a backend for a cloud file storage service using Python with Django. Features include user authentication, file upload/download, folder management, and sharing capabilities. Integrate with AWS S3 or a similar cloud storage solution for efficient file handling and storage. Implement background processing for large file uploads.","https://github.com/cookiecutter-django/cookiecutter-django","CompTIA Security+","CompTIA","https://www.comptia.org/certifications/security"
"Node.js Developer","JavaScript/TypeScript, RESTful APIs, Asynchronous Programming, Database Management, Microservices, Testing, JavaScript, TypeScript, Express.js, NestJS, Koa.js, Hapi.js, Next.js (API routes), Mongoose, Sequelize, TypeORM, Socket.IO, Apollo Server","RESTful E-commerce Backend API","Develop a comprehensive e-commerce API using Express.js and MongoDB. It features user authentication (JWT), product catalog management, shopping cart functionality, and order processing.","https://github.com/nodejs-templates/ecommerce-api-backend","AWS Certified Developer - Associate","Amazon Web Services (AWS)","https://aws.amazon.com/certification/developer-associate/"
"Node.js Developer","JavaScript/TypeScript, RESTful APIs, Asynchronous Programming, Database Management, Microservices, Testing, JavaScript, TypeScript, Express.js, NestJS, Koa.js, Hapi.js, Next.js (API routes), Mongoose, Sequelize, TypeORM, Socket.IO, Apollo Server","Real-time Chat Application","Build a real-time chat application with Node.js, Express.js, and Socket.IO. The app supports public and private messaging, user presence indicators, and message history storage using Redis.","https://github.com/socketio-templates/realtime-chat-app","Microsoft Certified: Azure Developer Associate","Microsoft","https://learn.microsoft.com/en-us/certifications/azure-developer-associate/"
"Node.js Developer","JavaScript/TypeScript, RESTful APIs, Asynchronous Programming, Database Management, Microservices, Testing, JavaScript, TypeScript, Express.js, NestJS, Koa.js, Hapi.js, Next.js (API routes), Mongoose, Sequelize, TypeORM, Socket.IO, Apollo Server","Microservices-based Blogging Platform","Create a blog platform using NestJS for multiple microservices (e.g., Auth, Posts, Comments). It utilizes PostgreSQL for data storage, leverages Docker for containerization, and is orchestrated with Docker Compose.","https://github.com/nestjs-templates/blog-microservices-platform","Google Cloud Certified - Associate Cloud Engineer","Google Cloud","https://cloud.google.com/certification/cloud-engineer"
"Node.js Developer","JavaScript/TypeScript, RESTful APIs, Asynchronous Programming, Database Management, Microservices, Testing, JavaScript, TypeScript, Express.js, NestJS, Koa.js, Hapi.js, Next.js (API routes), Mongoose, Sequelize, TypeORM, Socket.IO, Apollo Server","Serverless URL Shortener","Implement a serverless URL shortening service deployed on AWS Lambda and API Gateway. It uses DynamoDB for storing URL mappings, demonstrating efficiency and scalability without managing servers.","https://github.com/aws-serverless-templates/node-url-shortener","MongoDB Certified Developer Associate","MongoDB","https://university.mongodb.com/certifications/developer/developer-associate"
"Node.js Developer","JavaScript/TypeScript, RESTful APIs, Asynchronous Programming, Database Management, Microservices, Testing, JavaScript, TypeScript, Express.js, NestJS, Koa.js, Hapi.js, Next.js (API routes), Mongoose, Sequelize, TypeORM, Socket.IO, Apollo Server","GraphQL API for Social Media Clone","Develop a GraphQL API for a social media clone using Apollo Server with Express.js and MongoDB. Features include user profiles, post creation, likes, comments, and follower relationships, offering flexible data fetching.","https://github.com/apollo-graphql-templates/social-media-api-graphql","Certified Kubernetes Application Developer (CKAD)","Cloud Native Computing Foundation (CNCF)","https://www.cncf.io/certification/ckad/"
"Node.js Developer","JavaScript/TypeScript, RESTful APIs, Asynchronous Programming, Database Management, Microservices, Testing, JavaScript, TypeScript, Express.js, NestJS, Koa.js, Hapi.js, Next.js (API routes), Mongoose, Sequelize, TypeORM, Socket.IO, Apollo Server","Task Management API with Koa.js","Design and build a task management API using Koa.js and TypeORM with PostgreSQL. It supports CRUD operations for tasks, user-specific task lists, and robust error handling.","https://github.com/koa-templates/task-manager-api-typeorm","Redis Certified Developer","Redis Labs","https://university.redis.com/certifications/certified-developer/"
"Java Backend Developer","Java, Spring Framework, RESTful APIs, Object-Oriented Design, Database Management, Microservices, Testing, Java, Spring Boot, Spring MVC, Spring Data JPA, Hibernate, Apache Maven/Gradle, JUnit, Mockito, Spring Security, Apache Kafka","RESTful E-commerce Backend with Spring Boot","Develop a feature-rich e-commerce backend using Spring Boot, Spring Data JPA, and MySQL. It includes product management, user authentication (Spring Security), shopping cart, and order processing functionalities.","https://github.com/spring-boot-templates/ecommerce-backend-api","Oracle Certified Professional: Java SE Programmer","Oracle","https://education.oracle.com/java-se-8-programmer-i/pexam_1Z0-808"
"Java Backend Developer","Java, Spring Framework, RESTful APIs, Object-Oriented Design, Database Management, Microservices, Testing, Java, Spring Boot, Spring MVC, Spring Data JPA, Hibernate, Apache Maven/Gradle, JUnit, Mockito, Spring Security, Apache Kafka","Social Media API with Spring Boot and MongoDB","Create a social media platform API using Spring Boot and MongoDB for flexible data storage. Features encompass user profiles, post creation, comments, likes, and follower management, all secured with Spring Security.","https://github.com/spring-boot-templates/social-media-api-mongodb","Pivotal Certified Spring Professional","VMware Tanzu (Spring Academy)","https://spring.academy/certifications/spring-professional"
"Java Backend Developer","Java, Spring Framework, RESTful APIs, Object-Oriented Design, Database Management, Microservices, Testing, Java, Spring Boot, Spring MVC, Spring Data JPA, Hibernate, Apache Maven/Gradle, JUnit, Mockito, Spring Security, Apache Kafka","Microservices-based Blogging Platform","Implement a blogging platform as a set of microservices built with Spring Boot. Services communicate via Apache Kafka, storing data in PostgreSQL, and are deployed using Docker Compose for local development.","https://github.com/spring-microservices-templates/blog-platform-kafka","AWS Certified Developer - Associate","Amazon Web Services (AWS)","https://aws.amazon.com/certification/developer-associate/"
"Java Backend Developer","Java, Spring Framework, RESTful APIs, Object-Oriented Design, Database Management, Microservices, Testing, Java, Spring Boot, Spring MVC, Spring Data JPA, Hibernate, Apache Maven/Gradle, JUnit, Mockito, Spring Security, Apache Kafka","Online Banking System API","Develop a secure online banking system API with Spring Boot, PostgreSQL, and OAuth2 for robust authentication and authorization. It manages accounts, transactions, and user data with high security standards.","https://github.com/spring-boot-templates/banking-system-api-oauth2","Microsoft Certified: Azure Developer Associate","Microsoft","https://learn.microsoft.com/en-us/certifications/azure-developer-associate/"
"Java Backend Developer","Java, Spring Framework, RESTful APIs, Object-Oriented Design, Database Management, Microservices, Testing, Java, Spring Boot, Spring MVC, Spring Data JPA, Hibernate, Apache Maven/Gradle, JUnit, Mockito, Spring Security, Apache Kafka","Flight Booking System","Build a flight booking system backend using Spring Boot and an in-memory database (H2) for rapid development and testing. It manages flight schedules, seat availability, and booking transactions, including comprehensive integration tests.","https://github.com/spring-boot-templates/flight-booking-system","Google Cloud Certified - Associate Cloud Engineer","Google Cloud","https://cloud.google.com/certification/cloud-engineer"
"Java Backend Developer","Java, Spring Framework, RESTful APIs, Object-Oriented Design, Database Management, Microservices, Testing, Java, Spring Boot, Spring MVC, Spring Data JPA, Hibernate, Apache Maven/Gradle, JUnit, Mockito, Spring Security, Apache Kafka","Real-time Stock Ticker with Spring WebFlux","Create a real-time stock ticker application leveraging Spring WebFlux for reactive programming and WebSockets. It streams live stock prices and uses Redis for caching frequently accessed data.","https://github.com/spring-webflux-templates/realtime-stock-ticker","Certified Kubernetes Application Developer (CKAD)","Cloud Native Computing Foundation (CNCF)","https://www.cncf.io/certification/ckad/"
"Python Backend Developer","Python, RESTful APIs, Django/Flask, Database Management, ORMs, Testing, Data Structures, Python, Django, Django REST Framework, Flask, FastAPI, SQLAlchemy, Alembic, Requests, Celery, Marshmallow","RESTful E-commerce Backend with Django","Develop a full-featured e-commerce API using Django and Django REST Framework with PostgreSQL. It supports product listings, user management, shopping cart operations, and order processing, complete with JWT authentication.","https://github.com/django-templates/ecommerce-rest-api","PCAP – Certified Associate in Python Programming","Python Institute","https://pythoninstitute.org/pcap-certification/"
"Python Backend Developer","Python, RESTful APIs, Django/Flask, Database Management, ORMs, Testing, Data Structures, Python, Django, Django REST Framework, Flask, FastAPI, SQLAlchemy, Alembic, Requests, Celery, Marshmallow","Blog API with Flask and SQLAlchemy","Create a blog API using Flask, SQLAlchemy for database interaction (e.g., SQLite), and JWT for user authentication. It allows users to create, read, update, and delete posts, and manage comments.","https://github.com/flask-templates/blog-api-sqlalchemy","PCEP – Certified Entry-Level Python Programmer","Python Institute","https://pythoninstitute.org/pcep-certification/"
"Python Backend Developer","Python, RESTful APIs, Django/Flask, Database Management, ORMs, Testing, Data Structures, Python, Django, Django REST Framework, Flask, FastAPI, SQLAlchemy, Alembic, Requests, Celery, Marshmallow","Microservices-based Notification System","Implement a notification system using FastAPI for high performance, RabbitMQ for asynchronous messaging, and MongoDB for storing notification data. This project demonstrates inter-service communication and real-time alerts.","https://github.com/fastapi-templates/notification-microservice","AWS Certified Developer - Associate","Amazon Web Services (AWS)","https://aws.amazon.com/certification/developer-associate/"
"Python Backend Developer","Python, RESTful APIs, Django/Flask, Database Management, ORMs, Testing, Data Structures, Python, Django, Django REST Framework, Flask, FastAPI, SQLAlchemy, Alembic, Requests, Celery, Marshmallow","Personal Finance Tracker","Build a personal finance tracker backend using Django with a custom user model and PostgreSQL. It enables users to track income, expenses, and categorize transactions, offering data visualization endpoints.","https://github.com/django-templates/personal-finance-tracker","Microsoft Certified: Azure Developer Associate","Microsoft","https://learn.microsoft.com/en-us/certifications/azure-developer-associate/"
"Python Backend Developer","Python, RESTful APIs, Django/Flask, Database Management, ORMs, Testing, Data Structures, Python, Django, Django REST Framework, Flask, FastAPI, SQLAlchemy, Alembic, Requests, Celery, Marshmallow","Serverless Image Processing API (AWS Lambda)","Develop a serverless API for image processing leveraging AWS Lambda, S3 for storage, and Python's Boto3 library. It performs operations like resizing, watermarking, and format conversion upon image upload.","https://github.com/aws-serverless-templates/python-image-processor-lambda","Google Cloud Certified - Associate Cloud Engineer","Google Cloud","https://cloud.google.com/certification/cloud-engineer"
"Python Backend Developer","Python, RESTful APIs, Django/Flask, Database Management, ORMs, Testing, Data Structures, Python, Django, Django REST Framework, Flask, FastAPI, SQLAlchemy, Alembic, Requests, Celery, Marshmallow","Task Queue and Worker System","Create a task queue system using Flask for the API, Celery for managing asynchronous background tasks, and Redis as the message broker. This project handles long-running jobs efficiently without blocking the main application thread.","https://github.com/flask-celery-templates/task-queue-system","Certified Kubernetes Application Developer (CKAD)","Cloud Native Computing Foundation (CNCF)","https://www.cncf.io/certification/ckad/"
".NET Backend Developer","C#, ASP.NET Core, RESTful APIs, Entity Framework Core, SQL/NoSQL Databases, Microservices, Unit Testing, Git, Azure/AWS Fundamentals, C#, ASP.NET Core, Entity Framework Core, Dapper, MediatR, AutoMapper, SignalR","E-commerce API with ASP.NET Core","Develop a RESTful API for an e-commerce platform including user management, product catalog, order processing, and payment integration. It uses ASP.NET Core, Entity Framework Core with PostgreSQL, and JWT authentication for security.","https://github.com/dotnet-architecture/eShopOnWeb","Microsoft Certified: Azure Developer Associate","Microsoft","https://learn.microsoft.com/en-us/certifications/azure-developer-associate/"
".NET Backend Developer","C#, ASP.NET Core, RESTful APIs, Entity Framework Core, SQL/NoSQL Databases, Microservices, Unit Testing, Git, Azure/AWS Fundamentals, C#, ASP.NET Core, Entity Framework Core, Dapper, MediatR, AutoMapper, SignalR","Blog/CMS API with Clean Architecture","Create a content management system API following Clean Architecture principles, allowing for post creation, user authentication, and comments. This project leverages ASP.NET Core, CQRS (MediatR), and SQL Server for data persistence.","https://github.com/ardalis/CleanArchitecture","Microsoft Certified: Azure DevOps Engineer Expert","Microsoft","https://learn.microsoft.com/en-us/certifications/azure-devops-engineer/"
".NET Backend Developer","C#, ASP.NET Core, RESTful APIs, Entity Framework Core, SQL/NoSQL Databases, Microservices, Unit Testing, Git, Azure/AWS Fundamentals, C#, ASP.NET Core, Entity Framework Core, Dapper, MediatR, AutoMapper, SignalR","Real-time Chat Application Backend","Build the backend for a real-time chat application using SignalR for WebSocket communication, enabling instant messaging between users. It incorporates ASP.NET Core for the API, user authentication, and Redis for caching and message broadcasting.","https://github.com/SignalR/SignalR-samples","AWS Certified Developer - Associate","AWS","https://aws.amazon.com/certification/certified-developer-associate/"
".NET Backend Developer","C#, ASP.NET Core, RESTful APIs, Entity Framework Core, SQL/NoSQL Databases, Microservices, Unit Testing, Git, Azure/AWS Fundamentals, C#, ASP.NET Core, Entity Framework Core, Dapper, MediatR, AutoMapper, SignalR","Microservices-based Order Processing System","Design and implement an order processing system decomposed into multiple microservices (e.g., Order, Product, Customer) that communicate via RabbitMQ or Kafka. This system uses ASP.NET Core, Docker for containerization, and a NoSQL database like MongoDB for flexibility.","https://github.com/dotnet-architecture/eShopOnContainers","Certified Kubernetes Application Developer (CKAD)","CNCF (The Linux Foundation)","https://training.linuxfoundation.org/certification/certified-kubernetes-application-developer-ckad/"
".NET Backend Developer","C#, ASP.NET Core, RESTful APIs, Entity Framework Core, SQL/NoSQL Databases, Microservices, Unit Testing, Git, Azure/AWS Fundamentals, C#, ASP.NET Core, Entity Framework Core, Dapper, MediatR, AutoMapper, SignalR","Task Management API with GraphQL","Develop a backend API for a task management application providing comprehensive CRUD operations for tasks, users, and projects. The API is exposed via GraphQL using the Hot Chocolate framework, offering flexible data querying capabilities.","https://github.com/ChilliCream/hotchocolate-examples","CompTIA Security+","CompTIA","https://www.comptia.org/certifications/security"
".NET Backend Developer","C#, ASP.NET Core, RESTful APIs, Entity Framework Core, SQL/NoSQL Databases, Microservices, Unit Testing, Git, Azure/AWS Fundamentals, C#, ASP.NET Core, Entity Framework Core, Dapper, MediatR, AutoMapper, SignalR","URL Shortener Service","Implement a high-performance URL shortener service with an ASP.NET Core API backend. It generates short, unique codes, manages redirects, tracks click counts, and efficiently stores data in a combination of a relational database and Redis for caching.","https://github.com/Cainthus/AspNetCore.UrlShortener","Professional C# Developer (Udemy/Coursera)","Udemy","https://www.udemy.com/course/complete-csharp-masterclass/"
"Go Backend Developer","Go Programming, Concurrency (Goroutines/Channels), RESTful APIs, Databases (SQL/NoSQL), Microservices, Docker, Kubernetes, Cloud (AWS/GCP), Unit Testing, Go, Gin, Echo, Fiber, GORM, Gorilla Mux, testify","Simple Blog API with Gin Gonic","Develop a RESTful API for a blog platform supporting user authentication, post creation, and comments. This project uses Gin Gonic for the web framework and PostgreSQL for robust data storage, demonstrating basic CRUD operations.","https://github.com/gin-gonic/examples","Google Cloud Certified - Professional Cloud Developer","Google Cloud","https://cloud.google.com/certification/cloud-developer"
"Go Backend Developer","Go Programming, Concurrency (Goroutines/Channels), RESTful APIs, Databases (SQL/NoSQL), Microservices, Docker, Kubernetes, Cloud (AWS/GCP), Unit Testing, Go, Gin, Echo, Fiber, GORM, Gorilla Mux, testify","Task Management API with Clean Architecture","Create a backend API for managing tasks, users, and projects, strictly adhering to Clean Architecture principles for maintainability and testability. Implemented in Go, using MySQL as the database and structured logging for debugging.","https://github.com/bxcodec/go-clean-arch","AWS Certified Developer - Associate","AWS","https://aws.amazon.com/certification/certified-developer-associate/"
"Go Backend Developer","Go Programming, Concurrency (Goroutines/Channels), RESTful APIs, Databases (SQL/NoSQL), Microservices, Docker, Kubernetes, Cloud (AWS/GCP), Unit Testing, Go, Gin, Echo, Fiber, GORM, Gorilla Mux, testify","Real-time Chat Service with WebSockets","Build a concurrent chat application backend leveraging Go's `net/http` for WebSockets and goroutines for efficiently handling multiple client connections. Redis is used for message broadcasting and persistence to support real-time interactions.","https://github.com/gorilla/websocket/tree/master/examples","Certified Kubernetes Application Developer (CKAD)","CNCF (The Linux Foundation)","https://training.linuxfoundation.org/certification/certified-kubernetes-application-developer-ckad/"
"Go Backend Developer","Go Programming, Concurrency (Goroutines/Channels), RESTful APIs, Databases (SQL/NoSQL), Microservices, Docker, Kubernetes, Cloud (AWS/GCP), Unit Testing, Go, Gin, Echo, Fiber, GORM, Gorilla Mux, testify","URL Shortener Microservice","Implement a high-performance URL shortener as a microservice in Go. It features a custom short-code generation algorithm, Redis for lightning-fast lookup, and a persistent database like Cassandra or MongoDB for long-term storage of mappings.","https://github.com/antonfisher/go-url-shortener","Professional Scrum Developer (PSD I)","Scrum.org","https://www.scrum.org/professional-scrum-developer-i-certification"
"Go Backend Developer","Go Programming, Concurrency (Goroutines/Channels), RESTful APIs, Databases (SQL/NoSQL), Microservices, Docker, Kubernetes, Cloud (AWS/GCP), Unit Testing, Go, Gin, Echo, Fiber, GORM, Gorilla Mux, testify","E-commerce Product Catalog Service (gRPC)","Develop a microservice dedicated to providing product catalog functionality, exposing its API efficiently via gRPC and Protocol Buffers. This service integrates with a NoSQL database like MongoDB for flexible schema and scalability.","https://github.com/grpc/grpc-go/tree/master/examples","Go Programming (Coursera Specialization)","Coursera (University of California, Irvine)","https://www.coursera.org/specializations/go-programming"
"Go Backend Developer","Go Programming, Concurrency (Goroutines/Channels), RESTful APIs, Databases (SQL/NoSQL), Microservices, Docker, Kubernetes, Cloud (AWS/GCP), Unit Testing, Go, Gin, Echo, Fiber, GORM, Gorilla Mux, testify","Metrics Collector and Exporter","Create a Go application that collects various system metrics (CPU, Memory, Disk usage) or application-specific metrics. It then exposes these metrics via a Prometheus-compatible endpoint, demonstrating Go's concurrency for efficient data gathering and processing.","https://github.com/prometheus/client_golang","CompTIA Cloud+","CompTIA","https://www.comptia.org/certifications/cloud"
"API Developer","RESTful API Design, GraphQL, API Security (OAuth/JWT), OpenAPI/Swagger, Microservices, Databases (SQL/NoSQL), API Gateways, Postman, Versioning, Node.js, Python, Java, Go, Express.js, Fastify, FastAPI, Spring Boot, Flask, Django REST Framework, Koa, Graphene","RESTful E-commerce Product API (Node.js/Express)","Develop a robust RESTful API for managing products, categories, and inventory in an e-commerce system. This API is implemented with Node.js, Express, MongoDB for data storage, and secured with JWT for authentication.","https://github.com/bradtraversy/node_express_api","Postman API Professional Certification","Postman","https://academy.postman.com/certifications/postman-api-professional"
"API Developer","RESTful API Design, GraphQL, API Security (OAuth/JWT), OpenAPI/Swagger, Microservices, Databases (SQL/NoSQL), API Gateways, Postman, Versioning, Node.js, Python, Java, Go, Express.js, Fastify, FastAPI, Spring Boot, Flask, Django REST Framework, Koa, Graphene","GraphQL Social Media API (Python/Django Graphene)","Create a GraphQL API for a social media platform, enabling users to create posts, follow others, and comment on content. It utilizes Python, Django, Graphene-Django, and PostgreSQL for efficient data management and flexible querying.","https://github.com/graphql-python/graphene-django/tree/master/examples/starwars","AWS Certified Solutions Architect - Associate","AWS","https://aws.amazon.com/certification/certified-solutions-architect-associate/"
"API Developer","RESTful API Design, GraphQL, API Security (OAuth/JWT), OpenAPI/Swagger, Microservices, Databases (SQL/NoSQL), API Gateways, Postman, Versioning, Node.js, Python, Java, Go, Express.js, Fastify, FastAPI, Spring Boot, Flask, Django REST Framework, Koa, Graphene","Authentication and Authorization Service (Microservice)","Build a dedicated microservice focused on providing secure authentication (user registration, login) and authorization (role-based access control) via well-defined REST endpoints. This service leverages Spring Boot (Java) and a relational database for robust identity management.","https://github.com/spring-projects/spring-boot/tree/main/spring-boot-samples","Google Cloud Certified - Associate Cloud Engineer","Google Cloud","https://cloud.google.com/certification/cloud-engineer"
"API Developer","RESTful API Design, GraphQL, API Security (OAuth/JWT), OpenAPI/Swagger, Microservices, Databases (SQL/NoSQL), API Gateways, Postman, Versioning, Node.js, Python, Java, Go, Express.js, Fastify, FastAPI, Spring Boot, Flask, Django REST Framework, Koa, Graphene","Serverless Image Processing API (AWS Lambda/API Gateway)","Develop an API endpoint that triggers an AWS Lambda function to process uploaded images (e.g., resize, watermark, optimize). This project leverages AWS S3 for storage and API Gateway for exposing the scalable, serverless endpoint.","https://github.com/aws-samples/serverless-image-resizing","Certified Kubernetes Application Developer (CKAD)","CNCF (The Linux Foundation)","https://training.linuxfoundation.org/certification/certified-kubernetes-application-developer-ckad/"
"API Developer","RESTful API Design, GraphQL, API Security (OAuth/JWT), OpenAPI/Swagger, Microservices, Databases (SQL/NoSQL), API Gateways, Postman, Versioning, Node.js, Python, Java, Go, Express.js, Fastify, FastAPI, Spring Boot, Flask, Django REST Framework, Koa, Graphene","Webhook-based Notification System API","Implement an API that allows client applications to register webhooks for specific events (e.g., new order, status update) within a system. The API then sends automated HTTP POST requests to registered URLs when these events occur, built using Go or Python.","https://github.com/go-webhooks/webhooks","CompTIA CySA+ (Cybersecurity Analyst)","CompTIA","https://www.comptia.org/certifications/cysa"
"API Developer","RESTful API Design, GraphQL, API Security (OAuth/JWT), OpenAPI/Swagger, Microservices, Databases (SQL/NoSQL), API Gateways, Postman, Versioning, Node.js, Python, Java, Go, Express.js, Fastify, FastAPI, Spring Boot, Flask, Django REST Framework, Koa, Graphene","Public API Wrapper/Proxy","Create an API that acts as a proxy or wrapper around an existing public API (e.g., a weather API, cryptocurrency API). This wrapper adds custom logic such as rate limiting, caching, data transformation, or authentication before exposing the aggregated data to consumers, typically built with Node.js or Python.","https://github.com/dwyl/repo-api-template","Professional API Management with Azure API Management (Udemy/Coursera)","Udemy","https://www.udemy.com/course/azure-api-management-hands-on/"
"MERN Stack Developer","MongoDB, Express.js, React.js, Node.js, JavaScript, RESTful APIs, HTML/CSS, Git, Authentication, State Management, Deployment, JavaScript, HTML, CSS, React.js, Express.js, Node.js, Redux, React Router, Mongoose","MERN E-commerce Platform","Develop a full-fledged e-commerce application featuring product listings, user authentication (JWT), shopping cart, order management, and payment integration. Utilize React for the frontend, Express.js/Node.js for the backend API, and MongoDB for database storage.","https://github.com/bradtraversy/proshop_mern","MongoDB Certified Developer Associate","MongoDB University","https://university.mongodb.com/certifications/developer/associate"
"MERN Stack Developer","MongoDB, Express.js, React.js, Node.js, JavaScript, RESTful APIs, HTML/CSS, Git, Authentication, State Management, Deployment, JavaScript, HTML, CSS, React.js, Express.js, Node.js, Redux, React Router, Mongoose","Social Media Dashboard","Create a social media platform allowing users to create profiles, post updates (text/images), follow other users, and like/comment on posts. Implement real-time notifications using WebSockets and integrate search functionality.","https://github.com/aman-saini-dev/MERN-Social-Media-App","AWS Certified Developer - Associate","Amazon Web Services (AWS)","https://aws.amazon.com/certification/certified-developer-associate/"
"MERN Stack Developer","MongoDB, Express.js, React.js, Node.js, JavaScript, RESTful APIs, HTML/CSS, Git, Authentication, State Management, Deployment, JavaScript, HTML, CSS, React.js, Express.js, Node.js, Redux, React Router, Mongoose","Real-time Chat Application","Build a real-time chat application with user authentication, private messaging, and group chat functionalities. Leverage Socket.IO for real-time communication, React for the UI, and Node.js/Express.js with MongoDB for message storage.","https://github.com/bradtraversy/chatcord","Front End Development Libraries Certification","freeCodeCamp","https://www.freecodecamp.org/learn/front-end-development-libraries/"
"MERN Stack Developer","MongoDB, Express.js, React.js, Node.js, JavaScript, RESTful APIs, HTML/CSS, Git, Authentication, State Management, Deployment, JavaScript, HTML, CSS, React.js, Express.js, Node.js, Redux, React Router, Mongoose","MERN Task Management System","Implement a comprehensive task management system where users can create, update, delete, and categorize tasks. Features include user roles (admin/standard), due dates, priority levels, and a dashboard view. Uses React, Redux, Node/Express, and MongoDB.","https://github.com/safak/mern-blog","Full-Stack Web Development with React Specialization","Coursera (The Hong Kong University of Science and Technology)","https://www.coursera.org/specializations/full-stack-react"
"MERN Stack Developer","MongoDB, Express.js, React.js, Node.js, JavaScript, RESTful APIs, HTML/CSS, Git, Authentication, State Management, Deployment, JavaScript, HTML, CSS, React.js, Express.js, Node.js, Redux, React Router, Mongoose","Blog/CMS Platform with Rich Text Editor","Develop a content management system (CMS) for blogging, enabling users to create, edit, and publish articles with a rich text editor. Include features like categories, tags, image uploads, and comment sections. Built with MERN stack.","https://github.com/hoanganh259x/MERN-Blog","The Complete Node.js Developer Course (with GraphQL, MERN, MVC)","Udemy (Andrew Mead)","https://www.udemy.com/course/the-complete-nodejs-developer-course-2/"
"MERN Stack Developer","MongoDB, Express.js, React.js, Node.js, JavaScript, RESTful APIs, HTML/CSS, Git, Authentication, State Management, Deployment, JavaScript, HTML, CSS, React.js, Express.js, Node.js, Redux, React Router, Mongoose","MERN Recipe Sharing Platform","Create a recipe sharing application where users can upload recipes with ingredients, instructions, and images. Implement search, filtering by categories, user favorites, and ratings. Utilizes MERN stack for full functionality.","https://github.com/aman-saini-dev/MERN-Recipe-App","Microsoft Certified: Azure Developer Associate","Microsoft","https://learn.microsoft.com/en-us/certifications/azure-developer-associate/"
"MEAN Stack Developer","MongoDB, Express.js, Angular, Node.js, JavaScript, TypeScript, RESTful APIs, HTML/CSS, Git, Authentication, Routing, Deployment, JavaScript, TypeScript, HTML, CSS, Angular, Express.js, Node.js, RxJS, Mongoose","MEAN Project Management Dashboard","Develop a project management tool allowing users to create projects, assign tasks, track progress, and collaborate. Features include user roles, real-time updates, and data visualization. Utilizes Angular for frontend and Node.js/Express.js/MongoDB for backend.","https://github.com/MEAN-Stack-Tutorials/project-management-app","MongoDB Certified Developer Associate","MongoDB University","https://university.mongodb.com/certifications/developer/associate"
"MEAN Stack Developer","MongoDB, Express.js, Angular, Node.js, JavaScript, TypeScript, RESTful APIs, HTML/CSS, Git, Authentication, Routing, Deployment, JavaScript, TypeScript, HTML, CSS, Angular, Express.js, Node.js, RxJS, Mongoose","Online Learning Platform (MEAN)","Create an e-learning platform where users can browse courses, enroll, track their progress, and view course content (videos, articles). Implement user authentication, role-based access control, and a rich course creation interface.","https://github.com/manoj-kumar-reddy/MEAN-Online-Learning-Platform","Google Cloud Associate Cloud Engineer","Google Cloud","https://cloud.google.com/certification/cloud-engineer"
"MEAN Stack Developer","MongoDB, Express.js, Angular, Node.js, JavaScript, TypeScript, RESTful APIs, HTML/CSS, Git, Authentication, Routing, Deployment, JavaScript, TypeScript, HTML, CSS, Angular, Express.js, Node.js, RxJS, Mongoose","MEAN Restaurant Menu Ordering System","Build a restaurant system with menu display, order placement, and admin panel for menu management. Includes user authentication for customers and restaurant staff, and real-time order status updates. Frontend in Angular, backend in Node.js/Express.js/MongoDB.","https://github.com/akash-kumar-s/MEAN-Stack-Restaurant","Full Stack Web Development with Angular Specialization","Coursera (The Hong Kong University of Science and Technology)","https://www.coursera.org/specializations/full-stack-angular"
"MEAN Stack Developer","MongoDB, Express.js, Angular, Node.js, JavaScript, TypeScript, RESTful APIs, HTML/CSS, Git, Authentication, Routing, Deployment, JavaScript, TypeScript, HTML, CSS, Angular, Express.js, Node.js, RxJS, Mongoose","MEAN Real-time Stock Tracker","Develop a real-time stock price tracking application that allows users to monitor favorite stocks, view historical data, and receive alerts. Use WebSockets for real-time updates and an external stock API. Built with Angular, Node.js, Express.js, and MongoDB.","https://github.com/Sanjay-Ganesh/MEAN-Stack-Stock-App","Angular & NodeJS - The MEAN Stack Guide","Udemy (Maximilian Schwarzmüller)","https://www.udemy.com/course/angular-2-and-nodejs-the-practical-guide/"
"MEAN Stack Developer","MongoDB, Express.js, Angular, Node.js, JavaScript, TypeScript, RESTful APIs, HTML/CSS, Git, Authentication, Routing, Deployment, JavaScript, TypeScript, HTML, CSS, Angular, Express.js, Node.js, RxJS, Mongoose","Forum/Community Platform (MEAN)","Implement a discussion forum where users can create topics, post replies, upvote/downvote content, and manage their profiles. Includes search functionality, moderation tools, and user authentication. Built using the MEAN stack.","https://github.com/rishabhnarula30/MEAN-Stack-Forum","Microsoft Certified: Azure Developer Associate","Microsoft","https://learn.microsoft.com/en-us/certifications/azure-developer-associate/"
"MEAN Stack Developer","MongoDB, Express.js, Angular, Node.js, JavaScript, TypeScript, RESTful APIs, HTML/CSS, Git, Authentication, Routing, Deployment, JavaScript, TypeScript, HTML, CSS, Angular, Express.js, Node.js, RxJS, Mongoose","MEAN E-commerce Website","Develop a functional e-commerce website with product catalog, user registration, shopping cart, checkout process, and order history. Focus on robust API design, secure authentication, and a scalable database structure.","https://github.com/academind/angular-mean-course","CompTIA A+ (Core 1 & Core 2)","CompTIA","https://www.comptia.org/certifications/a"
"Full Stack Java Developer","Java, Spring Boot, Spring MVC, Hibernate, JPA, SQL, RESTful APIs, Frontend Framework (e.g., React/Angular), HTML/CSS/JavaScript, Git, Microservices, Cloud Deployment, Java, JavaScript, HTML, CSS, SQL, Spring Boot, Spring MVC, Spring Security, Hibernate, JPA, Apache Maven/Gradle, React.js/Angular/Vue.js","Spring Boot E-commerce Platform with React","Develop a comprehensive e-commerce application using Spring Boot for the backend (REST APIs, security, database interaction) and React.js for the dynamic frontend. Features include product catalog, user management, shopping cart, and order processing.","https://github.com/Java-Stack-Learning/e-commerce-spring-boot-react","Oracle Certified Professional, Java SE 11 Programmer","Oracle","https://education.oracle.com/oracle-certified-professional-java-se-11-developer/pCert_441"
"Full Stack Java Developer","Java, Spring Boot, Spring MVC, Hibernate, JPA, SQL, RESTful APIs, Frontend Framework (e.g., React/Angular), HTML/CSS/JavaScript, Git, Microservices, Cloud Deployment, Java, JavaScript, HTML, CSS, SQL, Spring Boot, Spring MVC, Spring Security, Hibernate, JPA, Apache Maven/Gradle, React.js/Angular/Vue.js","Online Banking System (Spring Boot + Angular)","Implement a secure online banking system allowing users to manage accounts, transfer funds, view transactions, and perform other banking operations. Backend built with Spring Boot, Spring Security, and JPA, frontend with Angular.","https://github.com/Java-Stack-Learning/online-banking-spring-angular","VMware Tanzu Spring Professional","VMware Tanzu (formerly Pivotal)","https://tanzu.vmware.com/developer/certification/spring-professional-v5-3"
"Full Stack Java Developer","Java, Spring Boot, Spring MVC, Hibernate, JPA, SQL, RESTful APIs, Frontend Framework (e.g., React/Angular), HTML/CSS/JavaScript, Git, Microservices, Cloud Deployment, Java, JavaScript, HTML, CSS, SQL, Spring Boot, Spring MVC, Spring Security, Hibernate, JPA, Apache Maven/Gradle, React.js/Angular/Vue.js","Microservices-based Social Media Backend","Design and implement a social media backend using Spring Boot for microservices architecture. Include services for user profiles, posts, comments, and notifications, communicating via REST or message queues. Focus on scalability and resilience.","https://github.com/Java-Stack-Learning/microservices-social-media","AWS Certified Developer - Associate","Amazon Web Services (AWS)","https://aws.amazon.com/certification/certified-developer-associate/"
"Full Stack Java Developer","Java, Spring Boot, Spring MVC, Hibernate, JPA, SQL, RESTful APIs, Frontend Framework (e.g., React/Angular), HTML/CSS/JavaScript, Git, Microservices, Cloud Deployment, Java, JavaScript, HTML, CSS, SQL, Spring Boot, Spring MVC, Spring Security, Hibernate, JPA, Apache Maven/Gradle, React.js/Angular/Vue.js","Spring Boot Content Management System (CMS)","Build a CMS where authenticated users can create, edit, and publish articles or blog posts. Features user authentication, role-based access control, categories, tags, and file uploads. Frontend can be built with Thymeleaf or a JavaScript framework.","https://github.com/Java-Stack-Learning/spring-boot-cms","Microsoft Certified: Azure Developer Associate","Microsoft","https://learn.microsoft.com/en-us/certifications/azure-developer-associate/"
"Full Stack Java Developer","Java, Spring Boot, Spring MVC, Hibernate, JPA, SQL, RESTful APIs, Frontend Framework (e.g., React/Angular), HTML/CSS/JavaScript, Git, Microservices, Cloud Deployment, Java, JavaScript, HTML, CSS, SQL, Spring Boot, Spring MVC, Spring Security, Hibernate, JPA, Apache Maven/Gradle, React.js/Angular/Vue.js","Task Management API with Authentication","Develop a robust RESTful API for a task management application. Implement user registration, login (JWT-based authentication), and CRUD operations for tasks associated with specific users. Utilize Spring Boot, Spring Data JPA, and H2/PostgreSQL database.","https://github.com/Java-Stack-Learning/spring-boot-task-api","CompTIA Cloud+","CompTIA","https://www.comptia.org/certifications/cloud"
"Full Stack Java Developer","Java, Spring Boot, Spring MVC, Hibernate, JPA, SQL, RESTful APIs, Frontend Framework (e.g., React/Angular), HTML/CSS/JavaScript, Git, Microservices, Cloud Deployment, Java, JavaScript, HTML, CSS, SQL, Spring Boot, Spring MVC, Spring Security, Hibernate, JPA, Apache Maven/Gradle, React.js/Angular/Vue.js","Real-time Chat Application (Spring Boot + WebSockets + React)","Create a real-time chat application featuring user authentication, public and private chat rooms. The backend will use Spring Boot with WebSockets (STOMP), and the frontend will be built with React.js for dynamic updates.","https://github.com/Java-Stack-Learning/spring-boot-websocket-chat","Google Cloud Professional Cloud Developer","Google Cloud","https://cloud.google.com/certification/cloud-developer"
"Full Stack Python Developer","Python, Django, Flask, FastAPI, REST APIs, HTML, CSS, JavaScript, React.js, Vue.js, PostgreSQL, MongoDB, Git, Docker, CI/CD, Object-Relational Mapping (ORM), Python, JavaScript, HTML, CSS, SQL, Django, Django Rest Framework, Flask, FastAPI, React.js, Vue.js, Jinja2, SQLAlchemy, Celery, Werkzeug","E-commerce Platform with Payment Gateway","Develop a full-featured e-commerce site using Django for the backend, PostgreSQL for the database, and React.js for a dynamic frontend. Implement user authentication, product catalog, shopping cart, and integrate with a payment gateway like Stripe.","https://github.com/django-templates/django-ecommerce-starter","PCEP – Certified Entry-Level Python Programmer","Python Institute","https://pythoninstitute.org/certification/pcep-certification-entry-level/"
"Full Stack Python Developer","Python, Django, Flask, FastAPI, REST APIs, HTML, CSS, JavaScript, React.js, Vue.js, PostgreSQL, MongoDB, Git, Docker, CI/CD, Object-Relational Mapping (ORM), Python, JavaScript, HTML, CSS, SQL, Django, Django Rest Framework, Flask, FastAPI, React.js, Vue.js, Jinja2, SQLAlchemy, Celery, Werkzeug","Blog/CMS with Admin Panel","Create a content management system (CMS) with a public blog interface and a secure admin panel for post creation/editing. Utilize Flask for the backend, SQLAlchemy with SQLite for data storage, and Jinja2 templates for rendering the UI.","https://github.com/flask-boilerplates/flask-blog-cms-template","AWS Certified Developer - Associate","Amazon Web Services (AWS)","https://aws.amazon.com/certification/certified-developer-associate/"
"Full Stack Python Developer","Python, Django, Flask, FastAPI, REST APIs, HTML, CSS, JavaScript, React.js, Vue.js, PostgreSQL, MongoDB, Git, Docker, CI/CD, Object-Relational Mapping (ORM), Python, JavaScript, HTML, CSS, SQL, Django, Django Rest Framework, Flask, FastAPI, React.js, Vue.js, Jinja2, SQLAlchemy, Celery, Werkzeug","Task Management API with User Authentication","Build a robust RESTful API for task management using FastAPI, complete with user registration, login, JWT authentication, and CRUD operations for tasks. Containerize the application using Docker and connect it to a MongoDB database.","https://github.com/fastapi-templates/fastapi-todo-api-example","CompTIA Project+","CompTIA","https://www.comptia.org/certifications/project"
"Full Stack Python Developer","Python, Django, Flask, FastAPI, REST APIs, HTML, CSS, JavaScript, React.js, Vue.js, PostgreSQL, MongoDB, Git, Docker, CI/CD, Object-Relational Mapping (ORM), Python, JavaScript, HTML, CSS, SQL, Django, Django Rest Framework, Flask, FastAPI, React.js, Vue.js, Jinja2, SQLAlchemy, Celery, Werkzeug","Social Media Clone with Real-time Features","Develop a social media application featuring user profiles, post creation, likes, comments, and a real-time feed. Use Django Rest Framework for the API, React.js for the frontend, and PostgreSQL for efficient data management, potentially integrating WebSockets for real-time updates.","https://github.com/drf-react-templates/social-media-clone-template","freeCodeCamp Backend Development and APIs (Python Track)","freeCodeCamp","https://www.freecodecamp.org/learn/back-end-development-and-apis/"
"Full Stack Python Developer","Python, Django, Flask, FastAPI, REST APIs, HTML, CSS, JavaScript, React.js, Vue.js, PostgreSQL, MongoDB, Git, Docker, CI/CD, Object-Relational Mapping (ORM), Python, JavaScript, HTML, CSS, SQL, Django, Django Rest Framework, Flask, FastAPI, React.js, Vue.js, Jinja2, SQLAlchemy, Celery, Werkzeug","Real-time Chat Application","Implement a real-time chat application allowing multiple users to communicate in channels. The backend will use Flask-SocketIO for WebSocket communication and Python, while the frontend will be built with React.js, utilizing Redis for message caching.","https://github.com/flask-socketio-examples/realtime-chat-app-boilerplate","Professional Scrum Master I (PSM I)","Scrum.org","https://www.scrum.org/psm-i"
"Full Stack Python Developer","Python, Django, Flask, FastAPI, REST APIs, HTML, CSS, JavaScript, React.js, Vue.js, PostgreSQL, MongoDB, Git, Docker, CI/CD, Object-Relational Mapping (ORM), Python, JavaScript, HTML, CSS, SQL, Django, Django Rest Framework, Flask, FastAPI, React.js, Vue.js, Jinja2, SQLAlchemy, Celery, Werkzeug","Personal Portfolio Generator with CI/CD","Build a web application that allows users to generate and customize their personal portfolio websites. Use Django for backend logic and data storage, with a simple frontend, and set up a CI/CD pipeline using GitHub Actions to automatically deploy updates to an AWS EC2 instance.","https://github.com/django-ci-cd-templates/portfolio-generator-example","Google Cloud Associate Cloud Engineer","Google Cloud","https://cloud.google.com/certification/cloud-engineer"
"Full Stack JavaScript Developer","JavaScript (ES6+), Node.js, Express.js, React.js, Vue.js, Angular, REST APIs, HTML5, CSS3, SQL, NoSQL, Git, Docker, npm/Yarn, Asynchronous JavaScript, JavaScript, TypeScript, HTML, CSS, SQL, Node.js, Express.js, React.js, Next.js, Vue.js, Angular, Redux, SASS/LESS, Material-UI, Tailwind CSS, Mongoose, Sequelize, GraphQL","MERN Stack E-commerce Application","Develop a complete e-commerce platform using the MERN stack (MongoDB, Express.js, React.js, Node.js). Features include product listings, shopping cart functionality, user authentication, order management, and payment processing integration.","https://github.com/mern-templates/mern-ecommerce-template","AWS Certified Developer - Associate","Amazon Web Services (AWS)","https://aws.amazon.com/certification/certified-developer-associate/"
"Full Stack JavaScript Developer","JavaScript (ES6+), Node.js, Express.js, React.js, Vue.js, Angular, REST APIs, HTML5, CSS3, SQL, NoSQL, Git, Docker, npm/Yarn, Asynchronous JavaScript, JavaScript, TypeScript, HTML, CSS, SQL, Node.js, Express.js, React.js, Next.js, Vue.js, Angular, Redux, SASS/LESS, Material-UI, Tailwind CSS, Mongoose, Sequelize, GraphQL","PERN Stack Social Media Feed","Build a social media application with user profiles, post creation, likes, comments, and a dynamic feed. Utilize the PERN stack (PostgreSQL, Express.js, React.js, Node.js) for robust data handling and a modern UI.","https://github.com/pern-stack-templates/social-media-feed-starter","Microsoft Certified: Azure Developer Associate","Microsoft Azure","https://learn.microsoft.com/en-us/certifications/azure-developer-associate/"
"Full Stack JavaScript Developer","JavaScript (ES6+), Node.js, Express.js, React.js, Vue.js, Angular, REST APIs, HTML5, CSS3, SQL, NoSQL, Git, Docker, npm/Yarn, Asynchronous JavaScript, JavaScript, TypeScript, HTML, CSS, SQL, Node.js, Express.js, React.js, Next.js, Vue.js, Angular, Redux, SASS/LESS, Material-UI, Tailwind CSS, Mongoose, Sequelize, GraphQL","Real-time Chat Application with Socket.io","Create a real-time chat application where users can join rooms and send messages instantly. The backend will leverage Node.js and Socket.io for WebSocket communication, while the frontend will be a dynamic React.js application.","https://github.com/socketio-react-examples/realtime-chat-app-boilerplate","Google Cloud Associate Cloud Engineer","Google Cloud","https://cloud.google.com/certification/cloud-engineer"
"Full Stack JavaScript Developer","JavaScript (ES6+), Node.js, Express.js, React.js, Vue.js, Angular, REST APIs, HTML5, CSS3, SQL, NoSQL, Git, Docker, npm/Yarn, Asynchronous JavaScript, JavaScript, TypeScript, HTML, CSS, SQL, Node.js, Express.js, React.js, Next.js, Vue.js, Angular, Redux, SASS/LESS, Material-UI, Tailwind CSS, Mongoose, Sequelize, GraphQL","MEVN Stack Task Management System","Implement a task management system with user accounts, task creation, assignment, and status tracking. The application will use the MEVN stack (MongoDB, Express.js, Vue.js, Node.js) to provide a reactive and efficient user experience.","https://github.com/mevn-stack-templates/task-management-app-example","freeCodeCamp Frontend Development Libraries","freeCodeCamp","https://www.freecodecamp.org/learn/front-end-development-libraries/"
"Full Stack JavaScript Developer","JavaScript (ES6+), Node.js, Express.js, React.js, Vue.js, Angular, REST APIs, HTML5, CSS3, SQL, NoSQL, Git, Docker, npm/Yarn, Asynchronous JavaScript, JavaScript, TypeScript, HTML, CSS, SQL, Node.js, Express.js, React.js, Next.js, Vue.js, Angular, Redux, SASS/LESS, Material-UI, Tailwind CSS, Mongoose, Sequelize, GraphQL","URL Shortener Microservice","Design and build a URL shortening microservice using Node.js and Express.js. Implement functionalities for generating short URLs, redirecting, and tracking click analytics. Use Redis for fast storage and retrieval of URL mappings.","https://github.com/nodejs-microservices/url-shortener-service","freeCodeCamp Backend Development and APIs (Node.js Track)","freeCodeCamp","https://www.freecodecamp.org/learn/back-end-development-and-apis/"
"Full Stack JavaScript Developer","JavaScript (ES6+), Node.js, Express.js, React.js, Vue.js, Angular, REST APIs, HTML5, CSS3, SQL, NoSQL, Git, Docker, npm/Yarn, Asynchronous JavaScript, JavaScript, TypeScript, HTML, CSS, SQL, Node.js, Express.js, React.js, Next.js, Vue.js, Angular, Redux, SASS/LESS, Material-UI, Tailwind CSS, Mongoose, Sequelize, GraphQL","Blogging Platform with Authentication and Markdown Support","Develop a comprehensive blogging platform where users can create, edit, and publish posts using Markdown. The stack includes Next.js for the frontend, Node.js/Express.js (or serverless functions) for the backend, and Firebase/Supabase for authentication and database management.","https://github.com/nextjs-firebase-templates/blogging-platform-with-auth","CompTIA Security+","CompTIA","https://www.comptia.org/certifications/security"
"Next.js Full Stack Developer","Next.js, React.js, TypeScript, Node.js, Serverless Functions, REST APIs, GraphQL, HTML5, CSS3, Tailwind CSS, PostgreSQL, MongoDB, Git, Vercel/Netlify, Data fetching strategies (SSR, SSG, ISR), JavaScript, TypeScript, HTML, CSS, SQL, Next.js, React.js, Node.js (for API routes/serverless), Tailwind CSS, Prisma, Mongoose, React Query, SWR, NextAuth.js","SaaS Marketing Website with Subscription","Develop a modern SaaS marketing website and dashboard using Next.js and Tailwind CSS. Implement user authentication, subscription management with Stripe integration, and deploy effortlessly to Vercel for high performance.","https://github.com/nextjs-templates/saas-starter-kit","AWS Certified Cloud Practitioner","Amazon Web Services (AWS)","https://aws.amazon.com/certification/certified-cloud-practitioner/"
"Next.js Full Stack Developer","Next.js, React.js, TypeScript, Node.js, Serverless Functions, REST APIs, GraphQL, HTML5, CSS3, Tailwind CSS, PostgreSQL, MongoDB, Git, Vercel/Netlify, Data fetching strategies (SSR, SSG, ISR), JavaScript, TypeScript, HTML, CSS, SQL, Next.js, React.js, Node.js (for API routes/serverless), Tailwind CSS, Prisma, Mongoose, React Query, SWR, NextAuth.js","E-commerce Store with Headless CMS","Build an e-commerce platform leveraging Next.js for the frontend, a headless CMS (e.g., Sanity.io or Strapi) for product data, and a PostgreSQL database. Features include product display, shopping cart, and order processing, deployed on Vercel.","https://github.com/nextjs-commerce/commerce-template","freeCodeCamp Responsive Web Design Certification","freeCodeCamp","https://www.freecodecamp.org/learn/responsive-web-design/"
"Next.js Full Stack Developer","Next.js, React.js, TypeScript, Node.js, Serverless Functions, REST APIs, GraphQL, HTML5, CSS3, Tailwind CSS, PostgreSQL, MongoDB, Git, Vercel/Netlify, Data fetching strategies (SSR, SSG, ISR), JavaScript, TypeScript, HTML, CSS, SQL, Next.js, React.js, Node.js (for API routes/serverless), Tailwind CSS, Prisma, Mongoose, React Query, SWR, NextAuth.js","Personal Blog & Portfolio with MDX","Create a static-generated personal blog and portfolio website using Next.js, MDX for content writing, and Tailwind CSS for styling. Optimize for SEO and deploy to Netlify, showcasing SSG capabilities.","https://github.com/nextjs-blog-templates/nextjs-mdx-blog-starter","Professional Scrum Developer (PSD I)","Scrum.org","https://www.scrum.org/psd-i"
"Next.js Full Stack Developer","Next.js, React.js, TypeScript, Node.js, Serverless Functions, REST APIs, GraphQL, HTML5, CSS3, Tailwind CSS, PostgreSQL, MongoDB, Git, Vercel/Netlify, Data fetching strategies (SSR, SSG, ISR), JavaScript, TypeScript, HTML, CSS, SQL, Next.js, React.js, Node.js (for API routes/serverless), Tailwind CSS, Prisma, Mongoose, React Query, SWR, NextAuth.js","Real-time Dashboard with Serverless Backend","Develop a real-time analytics or monitoring dashboard. The frontend is built with Next.js, and data is fetched via Next.js API Routes acting as serverless functions, connecting to a real-time database like Supabase or Firebase Firestore.","https://github.com/nextjs-supabase-templates/realtime-dashboard-example","Microsoft Certified: Azure Fundamentals","Microsoft Azure","https://learn.microsoft.com/en-us/certifications/azure-fundamentals/"
"Next.js Full Stack Developer","Next.js, React.js, TypeScript, Node.js, Serverless Functions, REST APIs, GraphQL, HTML5, CSS3, Tailwind CSS, PostgreSQL, MongoDB, Git, Vercel/Netlify, Data fetching strategies (SSR, SSG, ISR), JavaScript, TypeScript, HTML, CSS, SQL, Next.js, React.js, Node.js (for API routes/serverless), Tailwind CSS, Prisma, Mongoose, React Query, SWR, NextAuth.js","Social Media Feed with tRPC & Prisma","Implement a Twitter-like social media feed with user authentication, post creation, and interaction. This project uses Next.js with tRPC for type-safe API calls and Prisma as an ORM for PostgreSQL, deployed on Vercel.","https://github.com/t3-oss/create-t3-app-template","The Complete React Developer Course (Hooks, Redux, Next.js)","Udemy","https://www.udemy.com/course/react-the-complete-guide-incl-redux/"
"Next.js Full Stack Developer","Next.js, React.js, TypeScript, Node.js, Serverless Functions, REST APIs, GraphQL, HTML5, CSS3, Tailwind CSS, PostgreSQL, MongoDB, Git, Vercel/Netlify, Data fetching strategies (SSR, SSG, ISR), JavaScript, TypeScript, HTML, CSS, SQL, Next.js, React.js, Node.js (for API routes/serverless), Tailwind CSS, Prisma, Mongoose, React Query, SWR, NextAuth.js","Advanced Authentication System with NextAuth.js","Build a robust authentication system into a Next.js application, integrating multiple providers (Google, GitHub, credentials) using NextAuth.js. Store user data securely in a MongoDB database and protect routes based on session state.","https://github.com/nextauthjs/next-auth-example","Google UX Design Professional Certificate","Coursera (Google)","https://www.coursera.org/professional-certificates/google-ux-design"
"Machine Learning Engineer","Data Preprocessing, Feature Engineering, Model Training, Model Evaluation, MLOps, Algorithm Selection, Predictive Modeling, Statistical Analysis, Python, R, Java, Scala, Scikit-learn, TensorFlow, Keras, PyTorch, Pandas, NumPy, XGBoost, LightGBM, Hugging Face Transformers, MLflow","Sentiment Analysis Web App with Flask","Develop a web application using Flask to perform real-time sentiment analysis on user-inputted text. The project utilizes NLTK or spaCy for text processing and a pre-trained Scikit-learn or custom Keras model for classification, deployed with Docker.","https://github.com/ml-web-templates/flask-sentiment-analyzer","AWS Certified Machine Learning – Specialty","Amazon Web Services (AWS)","https://aws.amazon.com/certification/certified-machine-learning-specialty/"
"Machine Learning Engineer","Data Preprocessing, Feature Engineering, Model Training, Model Evaluation, MLOps, Algorithm Selection, Predictive Modeling, Statistical Analysis, Python, R, Java, Scala, Scikit-learn, TensorFlow, Keras, PyTorch, Pandas, NumPy, XGBoost, LightGBM, Hugging Face Transformers, MLflow","Customer Churn Prediction System","Build an end-to-end customer churn prediction system using Python with Pandas and XGBoost. The system includes data ingestion, feature engineering, model training, and a Streamlit dashboard for visualizing predictions and model insights.","https://github.com/data-science-project-templates/churn-prediction-system","Google Cloud Professional Machine Learning Engineer","Google Cloud","https://cloud.google.com/certification/machine-learning-engineer"
"Machine Learning Engineer","Data Preprocessing, Feature Engineering, Model Training, Model Evaluation, MLOps, Algorithm Selection, Predictive Modeling, Statistical Analysis, Python, R, Java, Scala, Scikit-learn, TensorFlow, Keras, PyTorch, Pandas, NumPy, XGBoost, LightGBM, Hugging Face Transformers, MLflow","Movie Recommendation Engine with FastAPI","Create a movie recommendation engine using collaborative filtering or content-based methods with Surprise or LightFM library. The engine exposes recommendations via a FastAPI endpoint and features a simple front-end for user interaction.","https://github.com/recommender-systems-templates/movie-recommender-fastapi","Microsoft Certified: Azure AI Engineer Associate","Microsoft","https://learn.microsoft.com/en-us/certifications/azure-ai-engineer/"
"Machine Learning Engineer","Data Preprocessing, Feature Engineering, Model Training, Model Evaluation, MLOps, Algorithm Selection, Predictive Modeling, Statistical Analysis, Python, R, Java, Scala, Scikit-learn, TensorFlow, Keras, PyTorch, Pandas, NumPy, XGBoost, LightGBM, Hugging Face Transformers, MLflow","Real-time Object Detection Pipeline","Implement a real-time object detection pipeline using pre-trained models like YOLO or SSD with TensorFlow/PyTorch and OpenCV. The project demonstrates capturing video streams, performing inference, and displaying bounding box detections.","https://github.com/computer-vision-templates/realtime-object-detector","TensorFlow Developer Certificate","TensorFlow (Google)","https://www.tensorflow.org/certificate"
"Machine Learning Engineer","Data Preprocessing, Feature Engineering, Model Training, Model Evaluation, MLOps, Algorithm Selection, Predictive Modeling, Statistical Analysis, Python, R, Java, Scala, Scikit-learn, TensorFlow, Keras, PyTorch, Pandas, NumPy, XGBoost, LightGBM, Hugging Face Transformers, MLflow","Sales Time Series Forecasting with Prophet","Develop a sales forecasting model using Facebook's Prophet library in Python. The project involves data cleaning, model training, hyperparameter tuning, and visualizing future sales predictions with Matplotlib/Seaborn.","https://github.com/time-series-forecasting/prophet-sales-forecasting","Databricks Certified Machine Learning Associate","Databricks","https://www.databricks.com/resources/certifications/machine-learning-associate"
"Machine Learning Engineer","Data Preprocessing, Feature Engineering, Model Training, Model Evaluation, MLOps, Algorithm Selection, Predictive Modeling, Statistical Analysis, Python, R, Java, Scala, Scikit-learn, TensorFlow, Keras, PyTorch, Pandas, NumPy, XGBoost, LightGBM, Hugging Face Transformers, MLflow","MLOps Pipeline for Model Deployment on AWS","Design and implement an MLOps pipeline for a classification model, encompassing data versioning with DVC, experiment tracking with MLflow, model containerization with Docker, and automated deployment to AWS SageMaker or EC2 via GitHub Actions.","https://github.com/mlops-templates/aws-mlflow-deployment","IBM AI Engineering Professional Certificate","IBM (Coursera)","https://www.coursera.org/professional-certificates/ai-engineering"
"AI Engineer","AI Algorithms, Machine Learning, Deep Learning, Natural Language Processing, Computer Vision, Reinforcement Learning, Data Engineering, System Integration, Python, Java, C++, Julia, TensorFlow, PyTorch, Keras, Hugging Face Transformers, OpenCV, Scikit-learn, NLTK, spaCy, OpenAI Gym, Ray, ONNX Runtime","Conversational AI Chatbot with Rasa","Develop an intelligent conversational AI chatbot using the Rasa framework. The project involves intent recognition, entity extraction, dialogue management, and integration with a Flask API for a web-based user interface.","https://github.com/chatbot-templates/rasa-ai-assistant","Microsoft Certified: Azure AI Engineer Associate","Microsoft","https://learn.microsoft.com/en-us/certifications/azure-ai-engineer/"
"AI Engineer","AI Algorithms, Machine Learning, Deep Learning, Natural Language Processing, Computer Vision, Reinforcement Learning, Data Engineering, System Integration, Python, Java, C++, Julia, TensorFlow, PyTorch, Keras, Hugging Face Transformers, OpenCV, Scikit-learn, NLTK, spaCy, OpenAI Gym, Ray, ONNX Runtime","AI-powered Medical Image Diagnosis Assistant","Create an AI assistant for medical image diagnosis (e.g., classifying X-rays for pneumonia) using PyTorch or TensorFlow. Implement a custom CNN model and incorporate interpretability techniques like Grad-CAM for explaining predictions, with a Streamlit front-end.","https://github.com/medical-ai-templates/image-diagnosis-assistant","Google Cloud Professional Machine Learning Engineer","Google Cloud","https://cloud.google.com/certification/machine-learning-engineer"
"AI Engineer","AI Algorithms, Machine Learning, Deep Learning, Natural Language Processing, Computer Vision, Reinforcement Learning, Data Engineering, System Integration, Python, Java, C++, Julia, TensorFlow, PyTorch, Keras, Hugging Face Transformers, OpenCV, Scikit-learn, NLTK, spaCy, OpenAI Gym, Ray, ONNX Runtime","Autonomous Agent in a Simulated Environment (RL)","Design and train an autonomous agent using Reinforcement Learning (e.g., DQN or PPO) with OpenAI Gym and Stable Baselines3. The agent learns to navigate or solve tasks within a complex simulated environment, demonstrating decision-making capabilities.","https://github.com/reinforcement-learning-templates/gym-rl-agent","AWS Certified Machine Learning – Specialty","Amazon Web Services (AWS)","https://aws.amazon.com/certification/certified-machine-learning-specialty/"
"AI Engineer","AI Algorithms, Machine Learning, Deep Learning, Natural Language Processing, Computer Vision, Reinforcement Learning, Data Engineering, System Integration, Python, Java, C++, Julia, TensorFlow, PyTorch, Keras, Hugging Face Transformers, OpenCV, Scikit-learn, NLTK, spaCy, OpenAI Gym, Ray, ONNX Runtime","Generative Art Generator with Stable Diffusion","Build a system to generate unique images from text prompts using a fine-tuned Stable Diffusion model or a similar generative AI model (GANs, VAEs). Provide a user interface (e.g., Gradio) for prompt input and image generation.","https://github.com/generative-ai-projects/stable-diffusion-webui-template","IBM Applied AI Professional Certificate","IBM (Coursera)","https://www.coursera.org/professional-certificates/applied-ai"
"AI Engineer","AI Algorithms, Machine Learning, Deep Learning, Natural Language Processing, Computer Vision, Reinforcement Learning, Data Engineering, System Integration, Python, Java, C++, Julia, TensorFlow, PyTorch, Keras, Hugging Face Transformers, OpenCV, Scikit-learn, NLTK, spaCy, OpenAI Gym, Ray, ONNX Runtime","Real-time Multi-Object Tracking System","Develop a robust real-time multi-object tracking system leveraging state-of-the-art object detection (YOLOv8) and tracking algorithms (DeepSORT) with OpenCV. Deploy as a web service using FastAPI for live video analysis.","https://github.com/computer-vision-ai-projects/realtime-multiobj-tracker","DeepLearning.AI TensorFlow Developer Professional Certificate","DeepLearning.AI (Coursera)","https://www.coursera.org/specializations/tensorflow-developer"
"AI Engineer","AI Algorithms, Machine Learning, Deep Learning, Natural Language Processing, Computer Vision, Reinforcement Learning, Data Engineering, System Integration, Python, Java, C++, Julia, TensorFlow, PyTorch, Keras, Hugging Face Transformers, OpenCV, Scikit-learn, NLTK, spaCy, OpenAI Gym, Ray, ONNX Runtime","AI-powered Code Completion and Generation Assistant","Implement an AI-powered code assistant capable of suggesting code completions or generating code snippets based on natural language descriptions. Utilize large language models (LLMs) from Hugging Face Transformers and integrate it as a VS Code extension or CLI tool.","https://github.com/llm-dev-tools/code-assistant-template","Meta AI Learning - PyTorch Deep Learning Professional Certificate","Meta AI Learning (Coursera/edX)","https://www.coursera.org/professional-certificates/pytorch-deep-learning"
"Deep Learning Engineer","Neural Networks, Convolutional Neural Networks (CNNs), Recurrent Neural Networks (RNNs), Transformers, Generative Models (GANs, VAEs, Diffusion), Optimization Algorithms, GPU Programming, Model Architectures, Large Language Models, Python, C++, CUDA, Julia, TensorFlow, PyTorch, Keras, Hugging Face Transformers, OpenCV, cuDNN, Optuna, Ray, 🤗 Accelerate","Advanced Image Style Transfer with Perceptual Losses","Develop a sophisticated image style transfer system using PyTorch or TensorFlow, incorporating perceptual losses (feature reconstruction loss and style reconstruction loss) with a pre-trained VGG or ResNet. Implement a web interface for users to upload images and apply styles.","https://github.com/deep-learning-style-transfer/perceptual-style-transfer","DeepLearning.AI Deep Learning Specialization","DeepLearning.AI (Coursera)","https://www.coursera.org/specializations/deep-learning"
"Deep Learning Engineer","Neural Networks, Convolutional Neural Networks (CNNs), Recurrent Neural Networks (RNNs), Transformers, Generative Models (GANs, VAEs, Diffusion), Optimization Algorithms, GPU Programming, Model Architectures, Large Language Models, Python, C++, CUDA, Julia, TensorFlow, PyTorch, Keras, Hugging Face Transformers, OpenCV, cuDNN, Optuna, Ray, 🤗 Accelerate","End-to-End Speech Recognition System","Build an end-to-end speech recognition system from scratch or by fine-tuning a Transformer-based model (e.g., Wav2Vec 2.0) using PyTorch or TensorFlow. The system includes audio preprocessing, model training on a custom dataset, and real-time transcription.","https://github.com/speech-ai-templates/end-to-end-speech-recognition","TensorFlow Developer Certificate","TensorFlow (Google)","https://www.tensorflow.org/certificate"
"Deep Learning Engineer","Neural Networks, Convolutional Neural Networks (CNNs), Recurrent Neural Networks (RNNs), Transformers, Generative Models (GANs, VAEs, Diffusion), Optimization Algorithms, GPU Programming, Model Architectures, Large Language Models, Python, C++, CUDA, Julia, TensorFlow, PyTorch, Keras, Hugging Face Transformers, OpenCV, cuDNN, Optuna, Ray, 🤗 Accelerate","Video Anomaly Detection using 3D CNN Autoencoders","Implement a video anomaly detection system by training 3D Convolutional Neural Network (3D CNN) autoencoders on normal video sequences. Anomalies are detected by reconstructing errors, demonstrating unusual activity in surveillance footage.","https://github.com/video-analysis-dl/3dcnn-anomaly-detection","NVIDIA Deep Learning Institute (DLI) Certificates (e.g., Fundamentals of Deep Learning)","NVIDIA","https://www.nvidia.com/en-us/training/instructor-led-workshops/"
"Deep Learning Engineer","Neural Networks, Convolutional Neural Networks (CNNs), Recurrent Neural Networks (RNNs), Transformers, Generative Models (GANs, VAEs, Diffusion), Optimization Algorithms, GPU Programming, Model Architectures, Large Language Models, Python, C++, CUDA, Julia, TensorFlow, PyTorch, Keras, Hugging Face Transformers, OpenCV, cuDNN, Optuna, Ray, 🤗 Accelerate","Medical Diagnosis with Graph Neural Networks (GNNs)","Apply Graph Neural Networks (GNNs) using PyTorch Geometric or TensorFlow GNN to medical graph-structured data (e.g., patient symptom networks, drug-target interaction graphs) for disease diagnosis or drug discovery, including explainability features.","https://github.com/graph-dl-projects/medical-diagnosis-gnn","AWS Certified Machine Learning – Specialty","Amazon Web Services (AWS)","https://aws.amazon.com/certification/certified-machine-learning-specialty/"
"Deep Learning Engineer","Neural Networks, Convolutional Neural Networks (CNNs), Recurrent Neural Networks (RNNs), Transformers, Generative Models (GANs, VAEs, Diffusion), Optimization Algorithms, GPU Programming, Model Architectures, Large Language Models, Python, C++, CUDA, Julia, TensorFlow, PyTorch, Keras, Hugging Face Transformers, OpenCV, cuDNN, Optuna, Ray, 🤗 Accelerate","Reinforcement Learning for Complex Robotics Control","Train a Deep Reinforcement Learning agent (e.g., PPO or SAC) using PyTorch/TensorFlow to control a complex robotic arm or quadruped in a simulated environment (e.g., PyBullet, MuJoCo). Focus on stable and efficient learning from sparse rewards.","https://github.com/robotics-rl-projects/complex-robot-control","Google Cloud Professional Machine Learning Engineer","Google Cloud","https://cloud.google.com/certification/machine-learning-engineer"
"Deep Learning Engineer","Neural Networks, Convolutional Neural Networks (CNNs), Recurrent Neural Networks (RNNs), Transformers, Generative Models (GANs, VAEs, Diffusion), Optimization Algorithms, GPU Programming, Model Architectures, Large Language Models, Python, C++, CUDA, Julia, TensorFlow, PyTorch, Keras, Hugging Face Transformers, OpenCV, cuDNN, Optuna, Ray, 🤗 Accelerate","Custom Diffusion Model for High-Resolution Image Generation","Implement and fine-tune a custom Denoising Diffusion Probabilistic Model (DDPM) or Stable Diffusion for generating high-resolution images of a specific domain (e.g., faces, landscapes). Focus on architecture details and sampling strategies, deployed with Gradio.","https://github.com/generative-dl-templates/custom-diffusion-model","Microsoft Certified: Azure AI Engineer Associate","Microsoft","https://learn.microsoft.com/en-us/certifications/azure-ai-engineer/"
"NLP Engineer","Text Preprocessing, Feature Engineering, Word Embeddings, Deep Learning for NLP, Transformer Models, Sequence Modeling, Information Retrieval, Text Classification, Sentiment Analysis, Named Entity Recognition, Topic Modeling, Python, Java, TensorFlow, PyTorch, Hugging Face Transformers, NLTK, spaCy, scikit-learn, Gensim, Rasa","Advanced Sentiment Analysis Web Application","Develop a full-stack web application (e.g., Flask/FastAPI backend, React/Vue frontend) that analyzes sentiment from user-inputted text using a fine-tuned BERT model. The application should include features for real-time inference, historical analysis, and visualization of sentiment trends, deployed via Docker.","https://github.com/practical-nlp/Sentiment-Analysis-BERT-WebApp","AWS Certified Machine Learning - Specialty","Amazon Web Services (AWS)","https://aws.amazon.com/certification/certified-machine-learning-specialty/"
"NLP Engineer","Text Preprocessing, Feature Engineering, Word Embeddings, Deep Learning for NLP, Transformer Models, Sequence Modeling, Information Retrieval, Text Classification, Sentiment Analysis, Named Entity Recognition, Topic Modeling, Python, Java, TensorFlow, PyTorch, Hugging Face Transformers, NLTK, spaCy, scikit-learn, Gensim, Rasa","Custom Conversational AI Chatbot","Design and implement a domain-specific chatbot using Rasa, integrating custom intents, entities, and actions to handle natural language queries. The chatbot should connect to a knowledge base or API to provide relevant information and be deployable via Docker or Kubernetes.","https://github.com/RasaHQ/rasa-starter-pack","Google Cloud Professional Machine Learning Engineer","Google Cloud","https://cloud.google.com/certification/machine-learning-engineer"
"NLP Engineer","Text Preprocessing, Feature Engineering, Word Embeddings, Deep Learning for NLP, Transformer Models, Sequence Modeling, Information Retrieval, Text Classification, Sentiment Analysis, Named Entity Recognition, Topic Modeling, Python, Java, TensorFlow, PyTorch, Hugging Face Transformers, NLTK, spaCy, scikit-learn, Gensim, Rasa","Named Entity Recognition (NER) for Legal Documents","Build an NER system to extract specific entities (e.g., dates, parties, locations, case numbers) from legal documents, leveraging spaCy and fine-tuning a pre-trained Transformer model. The project involves data annotation, model training, and a simple API endpoint for extraction.","https://github.com/explosion/projects/tree/v3/pipelines/ner_legal","Microsoft Certified: Azure AI Engineer Associate","Microsoft","https://learn.microsoft.com/en-us/certifications/azure-ai-engineer/"
"NLP Engineer","Text Preprocessing, Feature Engineering, Word Embeddings, Deep Learning for NLP, Transformer Models, Sequence Modeling, Information Retrieval, Text Classification, Sentiment Analysis, Named Entity Recognition, Topic Modeling, Python, Java, TensorFlow, PyTorch, Hugging Face Transformers, NLTK, spaCy, scikit-learn, Gensim, Rasa","Abstractive Text Summarizer","Develop an abstractive text summarization model using a T5 or BART-based Transformer architecture from Hugging Face Transformers. The model should be trained on a suitable dataset (e.g., CNN/Daily Mail) and integrate into a web interface for generating summaries from long articles.","https://github.com/huggingface/transformers/tree/main/examples/pytorch/summarization","DeepLearning.AI Natural Language Processing Specialization","Coursera / DeepLearning.AI","https://www.coursera.org/specializations/natural-language-processing"
"NLP Engineer","Text Preprocessing, Feature Engineering, Word Embeddings, Deep Learning for NLP, Transformer Models, Sequence Modeling, Information Retrieval, Text Classification, Sentiment Analysis, Named Entity Recognition, Topic Modeling, Python, Java, TensorFlow, PyTorch, Hugging Face Transformers, NLTK, spaCy, scikit-learn, Gensim, Rasa","Question Answering System on Custom Knowledge Base","Implement a question answering system using a SQuAD-trained BERT or RoBERTa model, fine-tuned on a custom dataset of FAQs or articles. The system should take a natural language question and retrieve the most relevant answer span from provided documents.","https://github.com/deepset-ai/haystack","IBM AI Engineering Professional Certificate","Coursera / IBM","https://www.coursera.org/professional-certificates/ai-engineering"
"NLP Engineer","Text Preprocessing, Feature Engineering, Word Embeddings, Deep Learning for NLP, Transformer Models, Sequence Modeling, Information Retrieval, Text Classification, Sentiment Analysis, Named Entity Recognition, Topic Modeling, Python, Java, TensorFlow, PyTorch, Hugging Face Transformers, NLTK, spaCy, scikit-learn, Gensim, Rasa","Multilingual Text Classification with Zero-Shot Learning","Create a multilingual text classification system capable of categorizing text in multiple languages without extensive labeled data for each using a multilingual Transformer model like XLM-R. The project demonstrates zero-shot and few-shot learning capabilities for new languages.","https://github.com/huggingface/transformers/tree/main/examples/pytorch/zero-shot-classification","Hugging Face Course Completion: NLP with Transformers","Hugging Face / freeCodeCamp","https://huggingface.co/course"
"Computer Vision Engineer","Image Processing, Feature Extraction, Deep Learning for CV, Convolutional Neural Networks (CNNs), Object Detection, Image Segmentation, Pose Estimation, Transfer Learning, Data Augmentation, Model Optimization, Python, C++, TensorFlow, PyTorch, Keras, OpenCV, scikit-image, Albumentations, YOLO, Detectron2, MediaPipe","Real-time Object Detection and Tracking System","Develop a real-time object detection and tracking system using YOLOv8 or SSD on video streams, capable of identifying multiple object classes. The system should integrate with OpenCV for video processing and provide a visual output, optionally deployed as a lightweight service with FastAPI and Docker.","https://github.com/ultralytics/ultralytics","AWS Certified Machine Learning - Specialty","Amazon Web Services (AWS)","https://aws.amazon.com/certification/certified-machine-learning-specialty/"
"Computer Vision Engineer","Image Processing, Feature Extraction, Deep Learning for CV, Convolutional Neural Networks (CNNs), Object Detection, Image Segmentation, Pose Estimation, Transfer Learning, Data Augmentation, Model Optimization, Python, C++, TensorFlow, PyTorch, Keras, OpenCV, scikit-image, Albumentations, YOLO, Detectron2, MediaPipe","Medical Image Segmentation for Tumor Detection","Implement a semantic segmentation model (e.g., U-Net or Mask R-CNN) using PyTorch or TensorFlow to segment tumors or anomalies in medical images (e.g., MRI scans). The project involves preprocessing DICOM data, training, and evaluating model performance on medical datasets.","https://github.com/milesial/Pytorch-UNet","Google Cloud Professional Machine Learning Engineer","Google Cloud","https://cloud.google.com/certification/machine-learning-engineer"
"Computer Vision Engineer","Image Processing, Feature Extraction, Deep Learning for CV, Convolutional Neural Networks (CNNs), Object Detection, Image Segmentation, Pose Estimation, Transfer Learning, Data Augmentation, Model Optimization, Python, C++, TensorFlow, PyTorch, Keras, OpenCV, scikit-image, Albumentations, YOLO, Detectron2, MediaPipe","Facial Emotion Recognition System","Build a facial emotion recognition system using CNNs (e.g., VGG-like architecture) trained on a public emotion dataset (e.g., FER-2013). The system should detect faces in images/video and classify them into various emotional categories, including a simple GUI.","https://github.com/aminebdj/facial_emotion_recognition","Microsoft Certified: Azure AI Engineer Associate","Microsoft","https://learn.microsoft.com/en-us/certifications/azure-ai-engineer/"
"Computer Vision Engineer","Image Processing, Feature Extraction, Deep Learning for CV, Convolutional Neural Networks (CNNs), Object Detection, Image Segmentation, Pose Estimation, Transfer Learning, Data Augmentation, Model Optimization, Python, C++, TensorFlow, PyTorch, Keras, OpenCV, scikit-image, Albumentations, YOLO, Detectron2, MediaPipe","Gesture Recognition for Human-Computer Interaction","Develop a gesture recognition system using MediaPipe for hand tracking and a subsequent classification model (e.g., LSTM or CNN) to interpret dynamic gestures. This can be applied to control a simple application or interact with a virtual environment.","https://github.com/google/mediapipe/tree/master/examples/gesture_recognizer","NVIDIA DLI Certificate - Fundamentals of Deep Learning for Computer Vision","NVIDIA Deep Learning Institute (DLI)","https://www.nvidia.com/en-us/training/online/computer-vision-fundamentals/"
"Computer Vision Engineer","Image Processing, Feature Extraction, Deep Learning for CV, Convolutional Neural Networks (CNNs), Object Detection, Image Segmentation, Pose Estimation, Transfer Learning, Data Augmentation, Model Optimization, Python, C++, TensorFlow, PyTorch, Keras, OpenCV, scikit-image, Albumentations, YOLO, Detectron2, MediaPipe","Automated Quality Inspection System","Create a computer vision system for automated quality inspection (e.g., detecting defects on manufacturing products) using image classification or anomaly detection techniques. The system should involve training on a dataset of good/defective items and providing real-time feedback.","https://github.com/openvinotoolkit/open_model_zoo/tree/master/demos/defect_detection_demo","DeepLearning.AI Computer Vision Specialization","Coursera / DeepLearning.AI","https://www.coursera.org/specializations/deep-learning-project-computer-vision"
"Computer Vision Engineer","Image Processing, Feature Extraction, Deep Learning for CV, Convolutional Neural Networks (CNNs), Object Detection, Image Segmentation, Pose Estimation, Transfer Learning, Data Augmentation, Model Optimization, Python, C++, TensorFlow, PyTorch, Keras, OpenCV, scikit-image, Albumentations, YOLO, Detectron2, MediaPipe","Image Style Transfer Application","Implement an artistic style transfer application using neural style transfer techniques, allowing users to apply the style of one image to the content of another. This could utilize pre-trained VGG networks and optimize perceptual losses in PyTorch or TensorFlow.","https://github.com/anishathalye/neural-style","Certified Kubernetes Application Developer (CKAD)","Linux Foundation","https://www.cncf.io/certification/ckad/"
"AI Application Developer","Python Programming, RESTful APIs, Web Frameworks (Flask/Django/FastAPI), Database Management, Containerization (Docker), Cloud Services (AWS/GCP/Azure), AI/ML Model Integration, MLOps Basics, System Design, Data Pipelines, Python, JavaScript, Go (optional), Flask, Django, FastAPI, Streamlit, Dash, React/Angular (for frontend integration), TensorFlow Serving, PyTorch Serve, LangChain, LlamaIndex","AI-Powered Recommendation Engine Web Application","Build a web application (e.g., using Django or FastAPI for the backend and React for the frontend) that provides personalized recommendations for products, movies, or articles. The application should integrate a collaborative filtering or content-based recommendation model, with an API for serving recommendations and user interaction tracking.","https://github.com/tiangolo/fastapi-ml-model-template","AWS Certified Developer - Associate","Amazon Web Services (AWS)","https://aws.amazon.com/certification/certified-developer-associate/"
"AI Application Developer","Python Programming, RESTful APIs, Web Frameworks (Flask/Django/FastAPI), Database Management, Containerization (Docker), Cloud Services (AWS/GCP/Azure), AI/ML Model Integration, MLOps Basics, System Design, Data Pipelines, Python, JavaScript, Go (optional), Flask, Django, FastAPI, Streamlit, Dash, React/Angular (for frontend integration), TensorFlow Serving, PyTorch Serve, LangChain, LlamaIndex","Intelligent Document Processing API","Develop a FastAPI-based microservice that processes uploaded documents, extracts key information using OCR (e.g., Tesseract or Google Vision API) and an NLP model (e.g., spaCy or a custom entity extractor), and stores the structured data. The service should be containerized with Docker.","https://github.com/microsoft/intelligent-document-processing-platform-sample","Google Cloud Associate Cloud Engineer","Google Cloud","https://cloud.google.com/certification/cloud-engineer"
"AI Application Developer","Python Programming, RESTful APIs, Web Frameworks (Flask/Django/FastAPI), Database Management, Containerization (Docker), Cloud Services (AWS/GCP/Azure), AI/ML Model Integration, MLOps Basics, System Design, Data Pipelines, Python, JavaScript, Go (optional), Flask, Django, FastAPI, Streamlit, Dash, React/Angular (for frontend integration), TensorFlow Serving, PyTorch Serve, LangChain, LlamaIndex","Conversational AI Interface for Customer Support","Integrate a Large Language Model (LLM) API (e.g., OpenAI GPT-4, Llama 2) into a web-based customer support portal using a framework like Flask or Streamlit. The system should handle user queries, provide relevant information, and escalate to human agents when necessary, demonstrating prompt engineering techniques.","https://github.com/streamlit/llm-app-starter","Microsoft Certified: Azure Developer Associate","Microsoft","https://learn.microsoft.com/en-us/certifications/azure-developer-associate/"
"AI Application Developer","Python Programming, RESTful APIs, Web Frameworks (Flask/Django/FastAPI), Database Management, Containerization (Docker), Cloud Services (AWS/GCP/Azure), AI/ML Model Integration, MLOps Basics, System Design, Data Pipelines, Python, JavaScript, Go (optional), Flask, Django, FastAPI, Streamlit, Dash, React/Angular (for frontend integration), TensorFlow Serving, PyTorch Serve, LangChain, LlamaIndex","Real-time Object Detection Dashboard","Create a Streamlit or Dash dashboard that streams live video from a webcam or file, performs real-time object detection using a pre-trained YOLO model (served via FastAPI), and displays bounding boxes and labels. The application should include performance metrics and a simple configuration interface.","https://github.com/tylerharter/streamlit-template-for-computer-vision","Certified Kubernetes Application Developer (CKAD)","Linux Foundation","https://www.cncf.io/certification/ckad/"
"AI Application Developer","Python Programming, RESTful APIs, Web Frameworks (Flask/Django/FastAPI), Database Management, Containerization (Docker), Cloud Services (AWS/GCP/Azure), AI/ML Model Integration, MLOps Basics, System Design, Data Pipelines, Python, JavaScript, Go (optional), Flask, Django, FastAPI, Streamlit, Dash, React/Angular (for frontend integration), TensorFlow Serving, PyTorch Serve, LangChain, LlamaIndex","Sentiment Analysis Microservice with CI/CD","Develop a sentiment analysis microservice using FastAPI and a fine-tuned Hugging Face Transformer model, deployed to a cloud platform (e.g., AWS Lambda or Google Cloud Run). Implement a CI/CD pipeline (GitHub Actions) for automated testing, building Docker images, and deployment.","https://github.com/nicknochnack/Sentiment-Analysis-API","IBM Data Science Professional Certificate","Coursera / IBM","https://www.coursera.org/professional-certificates/ibm-data-science"
"AI Application Developer","Python Programming, RESTful APIs, Web Frameworks (Flask/Django/FastAPI), Database Management, Containerization (Docker), Cloud Services (AWS/GCP/Azure), AI/ML Model Integration, MLOps Basics, System Design, Data Pipelines, Python, JavaScript, Go (optional), Flask, Django, FastAPI, Streamlit, Dash, React/Angular (for frontend integration), TensorFlow Serving, PyTorch Serve, LangChain, LlamaIndex","Personalized Content Generator using LLMs","Build a web application that allows users to input prompts and preferences to generate personalized content like blog posts, marketing copy, or creative stories using LLM APIs. Implement features for prompt history, content editing, and sharing, with a Python backend and simple frontend.","https://github.com/langchain-ai/langchain-template-python","Meta AI Learning: PyTorch Developer Professional Certificate","Coursera / Meta","https://www.coursera.org/professional-certificates/meta-pytorch-developer"
"Prompt Engineer","Prompt Design, Large Language Models (LLMs), Natural Language Understanding (NLU), Machine Learning Principles, A/B Testing, Evaluation Metrics, Python, Bash, Hugging Face Transformers, LangChain, LlamaIndex, OpenAI API, Anthropic API, Google Generative AI SDKs","AI Chatbot with Retrieval-Augmented Generation (RAG)","Develop a customer support chatbot using a fine-tuned LLM and RAG to answer specific domain questions from a proprietary knowledge base (e.g., product documentation). This involves LangChain, OpenAI API, and a vector database like FAISS or ChromaDB.","https://github.com/langchain-ai/langchain-template","Google Cloud - Associate Cloud Engineer","Google Cloud","https://cloud.google.com/certification/cloud-engineer"
"Prompt Engineer","Prompt Design, Large Language Models (LLMs), Natural Language Understanding (NLU), Machine Learning Principles, A/B Testing, Evaluation Metrics, Python, Bash, Hugging Face Transformers, LangChain, LlamaIndex, OpenAI API, Anthropic API, Google Generative AI SDKs","Prompt Optimization for Sentiment Analysis","Experiment with different prompting strategies (e.g., few-shot, chain-of-thought, persona-based) to improve the accuracy and nuance of an LLM-based sentiment analysis system for social media data. Utilize Python with OpenAI/Hugging Face models and Pandas for data handling.","https://github.com/openai/openai-cookbook/tree/main/examples/prompt_engineering","Microsoft Certified: Azure AI Engineer Associate","Microsoft","https://learn.microsoft.com/en-us/certifications/azure-ai-engineer/"
"Prompt Engineer","Prompt Design, Large Language Models (LLMs), Natural Language Understanding (NLU), Machine Learning Principles, A/B Testing, Evaluation Metrics, Python, Bash, Hugging Face Transformers, LangChain, LlamaIndex, OpenAI API, Anthropic API, Google Generative AI SDKs","Creative Content Generation Assistant with Iterative Refinement","Build an application that uses an LLM to generate creative content (e.g., blog post drafts, story plots, marketing copy) based on user prompts, with features for iterative refinement and feedback loops. Implement with Python, Streamlit/Gradio, and Google Generative AI SDK.","https://github.com/gradio-app/gradio-app-examples","AWS Certified Machine Learning – Specialty","Amazon Web Services (AWS)","https://aws.amazon.com/certification/certified-machine-learning-specialty/"
"Prompt Engineer","Prompt Design, Large Language Models (LLMs), Natural Language Understanding (NLU), Machine Learning Principles, A/B Testing, Evaluation Metrics, Python, Bash, Hugging Face Transformers, LangChain, LlamaIndex, OpenAI API, Anthropic API, Google Generative AI SDKs","Natural Language to SQL Query Generator","Design and implement a system where users can describe their data query needs in natural language, and an LLM translates it into an executable SQL query. This project utilizes Python, LangChain/LlamaIndex, and connects to a database like SQLite or PostgreSQL.","https://github.com/hwchase17/langchain-sql","freeCodeCamp - Scientific Computing with Python","freeCodeCamp","https://www.freecodecamp.org/learn/scientific-computing-with-python/"
"Prompt Engineer","Prompt Design, Large Language Models (LLMs), Natural Language Understanding (NLU), Machine Learning Principles, A/B Testing, Evaluation Metrics, Python, Bash, Hugging Face Transformers, LangChain, LlamaIndex, OpenAI API, Anthropic API, Google Generative AI SDKs","LLM-powered Code Explainer and Refactorer","Create a tool that takes a code snippet in any language and uses an LLM to explain its functionality in natural language, suggest improvements, or refactor it into a cleaner version. Implemented with Python, an LLM API (e.g., Code Llama), and a simple web interface.","https://github.com/prompt-engineering/prompt-engineering-for-developers","Coursera - Deep Learning Specialization","deeplearning.ai (Coursera)","https://www.coursera.org/specializations/deep-learning"
"Prompt Engineer","Prompt Design, Large Language Models (LLMs), Natural Language Understanding (NLU), Machine Learning Principles, A/B Testing, Evaluation Metrics, Python, Bash, Hugging Face Transformers, LangChain, LlamaIndex, OpenAI API, Anthropic API, Google Generative AI SDKs","Adversarial Prompting and Red Teaming Framework","Develop a small framework to test the robustness, safety, and ethical boundaries of an LLM by systematically generating adversarial prompts to identify biases, vulnerabilities, or unsafe content generation. Uses Python and interacts with various LLM APIs.","https://github.com/AnthropicAI/red-teaming-tools","Udemy - The Complete Prompt Engineering for AI Bootcamp","Udemy","https://www.udemy.com/course/the-complete-prompt-engineering-for-ai-bootcamp/"
"Data Analyst","SQL, Excel, Data Visualization, Statistical Analysis, Data Cleaning, Reporting, Storytelling, Python, R (optional), Pandas, NumPy, Matplotlib, Seaborn, basic Scikit-learn","Sales Performance Dashboard for an E-commerce Business","Analyze comprehensive sales data (transactions, customer demographics, product categories) to identify key performance indicators, top-selling products, and regional trends. Develop an interactive dashboard using Tableau or Power BI to visualize insights and support strategic decision-making.","https://github.com/DataTalksClub/data-engineering-zoomcamp/tree/main/module_5_batch","Google Data Analytics Professional Certificate","Google (Coursera)","https://www.coursera.org/professional-certificates/google-data-analytics"
"Data Analyst","SQL, Excel, Data Visualization, Statistical Analysis, Data Cleaning, Reporting, Storytelling, Python, R (optional), Pandas, NumPy, Matplotlib, Seaborn, basic Scikit-learn","Customer Churn Analysis and Segmentation","Perform exploratory data analysis (EDA) on telecommunication customer data to identify factors contributing to churn. Segment customers based on their behavior and demographics, and visualize key insights and potential churn predictors using Python (Pandas, Matplotlib, Seaborn).","https://github.com/ageron/handson-ml2/tree/master/datasets/telco-customer-churn","Microsoft Certified: Power BI Data Analyst Associate","Microsoft","https://learn.microsoft.com/en-us/certifications/power-bi-data-analyst-associate/"
"Data Analyst","SQL, Excel, Data Visualization, Statistical Analysis, Data Cleaning, Reporting, Storytelling, Python, R (optional), Pandas, NumPy, Matplotlib, Seaborn, basic Scikit-learn","Website Traffic and User Behavior Analysis","Analyze website traffic logs (e.g., page views, bounce rates, conversion funnels) from an e-commerce or content platform to understand user behavior patterns and identify areas for website optimization. Generate a comprehensive report with data-driven recommendations using SQL (BigQuery) and Python (Pandas).","https://github.com/GoogleCloudPlatform/training-data-analyst/tree/main/courses/data_analysis/lab1","Tableau Desktop Specialist","Tableau","https://www.tableau.com/learn/certification/desktop-specialist"
"Data Analyst","SQL, Excel, Data Visualization, Statistical Analysis, Data Cleaning, Reporting, Storytelling, Python, R (optional), Pandas, NumPy, Matplotlib, Seaborn, basic Scikit-learn","Human Resources Attrition Study","Investigate HR data to understand employee attrition rates, identify demographic or job-related factors (e.g., job role, tenure, salary) associated with attrition. Present findings with statistical summaries and visualizations to inform HR strategies, using Python (Pandas, SciPy, Matplotlib).","https://github.com/krishnaik06/EDA_Python/tree/main/HR%20Analytics","IBM Data Analyst Professional Certificate","IBM (Coursera)","https://www.coursera.org/professional-certificates/ibm-data-analyst"
"Data Analyst","SQL, Excel, Data Visualization, Statistical Analysis, Data Cleaning, Reporting, Storytelling, Python, R (optional), Pandas, NumPy, Matplotlib, Seaborn, basic Scikit-learn","Financial Market Trend Analysis","Analyze historical stock market data or cryptocurrency prices to identify trends, volatility, and potential patterns for investment analysis. Utilize Python (Pandas, Matplotlib, yfinance library) to perform time-series analysis and visualize market movements and correlations.","https://github.com/ranaroussi/yfinance","AWS Certified Cloud Practitioner","Amazon Web Services (AWS)","https://aws.amazon.com/certification/certified-cloud-practitioner/"
"Data Analyst","SQL, Excel, Data Visualization, Statistical Analysis, Data Cleaning, Reporting, Storytelling, Python, R (optional), Pandas, NumPy, Matplotlib, Seaborn, basic Scikit-learn","Healthcare Patient Readmission Analysis","Analyze a dataset of hospital patient records to understand factors influencing readmission rates within 30 days. Use statistical methods, hypothesis testing, and visualizations to uncover key drivers and provide insights for improving patient care using SQL and Python (Pandas, SciPy, Plotly).","https://github.com/rfordatascience/tidytuesday/tree/master/data/2021/2021-03-09","CompTIA Data+","CompTIA","https://www.comptia.org/certifications/data"
"Data Scientist","Machine Learning Algorithms, Statistical Modeling, Deep Learning (basic), Feature Engineering, Model Evaluation, A/B Testing, Data Storytelling, Hypothesis Testing, Python, SQL, R (optional), Scikit-learn, TensorFlow, Keras, PyTorch, XGBoost, LightGBM, Pandas, NumPy, Matplotlib, Seaborn","Predictive Maintenance System for Industrial Equipment","Develop a machine learning model to predict equipment failures based on sensor telemetry data (e.g., temperature, pressure, vibration). This involves data preprocessing, feature engineering, model training (e.g., XGBoost, Random Forest), and performance evaluation using Python (Pandas, scikit-learn).","https://github.com/Azure-Samples/predictive-maintenance/tree/main/predictive-maintenance-modeling","AWS Certified Machine Learning – Specialty","Amazon Web Services (AWS)","https://aws.amazon.com/certification/certified-machine-learning-specialty/"
"Data Scientist","Machine Learning Algorithms, Statistical Modeling, Deep Learning (basic), Feature Engineering, Model Evaluation, A/B Testing, Data Storytelling, Hypothesis Testing, Python, SQL, R (optional), Scikit-learn, TensorFlow, Keras, PyTorch, XGBoost, LightGBM, Pandas, NumPy, Matplotlib, Seaborn","Customer Lifetime Value (CLV) Prediction Model","Build a robust machine learning model to predict the future revenue (Customer Lifetime Value) a customer will generate for a business based on historical transaction data and customer demographics. This uses Python with libraries like Lifespan or LightGBM for advanced statistical modeling.","https://github.com/CamDavidsonPilon/lifespan/tree/master/examples","Microsoft Certified: Azure Data Scientist Associate","Microsoft","https://learn.microsoft.com/en-us/certifications/azure-data-scientist/"
"Data Scientist","Machine Learning Algorithms, Statistical Modeling, Deep Learning (basic), Feature Engineering, Model Evaluation, A/B Testing, Data Storytelling, Hypothesis Testing, Python, SQL, R (optional), Scikit-learn, TensorFlow, Keras, PyTorch, XGBoost, LightGBM, Pandas, NumPy, Matplotlib, Seaborn","Personalized Recommendation Engine","Implement a collaborative filtering or content-based recommendation system for an e-commerce platform or media streaming service. This project involves processing user-item interaction data and deploying a model (e.g., using Surprise library, implicit library) to suggest relevant items.","https://github.com/npatta01/Recommendation-System-Python","Google Professional Data Scientist","Google Cloud","https://cloud.google.com/certification/data-scientist"
"Data Scientist","Machine Learning Algorithms, Statistical Modeling, Deep Learning (basic), Feature Engineering, Model Evaluation, A/B Testing, Data Storytelling, Hypothesis Testing, Python, SQL, R (optional), Scikit-learn, TensorFlow, Keras, PyTorch, XGBoost, LightGBM, Pandas, NumPy, Matplotlib, Seaborn","Natural Language Processing (NLP) for Text Classification and Sentiment Analysis","Develop a model to classify text documents (e.g., news articles, customer reviews) into predefined categories and perform detailed sentiment analysis. This uses Python with NLTK, spaCy, and fine-tuning a pre-trained transformer model from Hugging Face for superior performance.","https://github.com/huggingface/transformers/tree/main/examples/pytorch/text-classification","IBM Data Science Professional Certificate","IBM (Coursera)","https://www.coursera.org/professional-certificates/ibm-data-science"
"Data Scientist","Machine Learning Algorithms, Statistical Modeling, Deep Learning (basic), Feature Engineering, Model Evaluation, A/B Testing, Data Storytelling, Hypothesis Testing, Python, SQL, R (optional), Scikit-learn, TensorFlow, Keras, PyTorch, XGBoost, LightGBM, Pandas, NumPy, Matplotlib, Seaborn","Image Classification with Deep Learning for Medical Diagnosis","Train a Convolutional Neural Network (CNN) to classify medical images (e.g., X-rays, MRI scans) to assist in disease diagnosis from a public medical dataset. Focus on data augmentation, model architecture (e.g., ResNet, VGG), and transfer learning using TensorFlow/Keras or PyTorch.","https://github.com/keras-team/keras-io/blob/master/examples/vision/image_classification_from_scratch.py","TensorFlow Developer Certificate","Google","https://www.tensorflow.org/certificate"
"Data Scientist","Machine Learning Algorithms, Statistical Modeling, Deep Learning (basic), Feature Engineering, Model Evaluation, A/B Testing, Data Storytelling, Hypothesis Testing, Python, SQL, R (optional), Scikit-learn, TensorFlow, Keras, PyTorch, XGBoost, LightGBM, Pandas, NumPy, Matplotlib, Seaborn","Anomaly Detection in Time Series Data for Fraud Detection","Build an unsupervised learning model (e.g., Isolation Forest, Autoencoder, Prophet) to detect anomalies in time-series data, such as financial transactions or network logs, to identify potential fraudulent activities. Uses Python (Pandas, scikit-learn, PyTorch/TensorFlow for autoencoders).","https://github.com/yzhao062/pyod/tree/master/examples","Databricks Certified Associate Data Scientist","Databricks","https://www.databricks.com/learn/training/certifications/data-scientist-associate"
"Data Engineer","Data Modeling, ETL/ELT, Distributed Systems, SQL, NoSQL, Data Warehousing, Python, Java, Scala, SQL, Apache Spark, Apache Flink, Pandas, Apache Airflow, Kafka Streams","Real-time Clickstream Analytics Pipeline","Design and implement a scalable data pipeline to ingest, process, and analyze website clickstream data in real-time. Utilizes Kafka for data ingestion, Spark Streaming for processing, and stores results in a NoSQL database like Cassandra or a data warehouse.","https://github.com/data-engineer-templates/realtime-clickstream-pipeline","AWS Certified Data Engineer – Associate","AWS","https://aws.amazon.com/certification/data-engineer-associate/"
"Data Engineer","Data Modeling, ETL/ELT, Distributed Systems, SQL, NoSQL, Data Warehousing, Python, Java, Scala, SQL, Apache Spark, Apache Flink, Pandas, Apache Airflow, Kafka Streams","ETL Pipeline for E-commerce Sales Data","Develop an ETL process to extract sales data from an operational database, transform it for analytical purposes, and load it into a data warehouse (e.g., Redshift or BigQuery). Implements data quality checks and uses Airflow for orchestration.","https://github.com/data-engineer-templates/ecommerce-etl-airflow","Google Cloud Professional Data Engineer","Google Cloud","https://cloud.google.com/certifications/data-engineer"
"Data Engineer","Data Modeling, ETL/ELT, Distributed Systems, SQL, NoSQL, Data Warehousing, Python, Java, Scala, SQL, Apache Spark, Apache Flink, Pandas, Apache Airflow, Kafka Streams","Data Lakehouse Architecture with Delta Lake","Construct a data lakehouse solution using S3 as a data lake, Apache Spark with Delta Lake for ACID transactions and schema enforcement, and expose data via an external table for BI tools. Focuses on medallion architecture (Bronze, Silver, Gold layers).","https://github.com/data-engineer-templates/delta-lakehouse-medallion","Microsoft Certified: Azure Data Engineer Associate","Microsoft Azure","https://learn.microsoft.com/en-us/certifications/azure-data-engineer/"
"Data Engineer","Data Modeling, ETL/ELT, Distributed Systems, SQL, NoSQL, Data Warehousing, Python, Java, Scala, SQL, Apache Spark, Apache Flink, Pandas, Apache Airflow, Kafka Streams","Data Quality and Validation Framework","Build a framework for validating data quality within a data pipeline. Integrates tools like Great Expectations or DBT for data profiling, anomaly detection, and implementing assertion tests on incoming and processed data.","https://github.com/data-engineer-templates/data-quality-validation","Databricks Certified Data Engineer Associate","Databricks","https://www.databricks.com/learn/certification/data-engineer-associate"
"Data Engineer","Data Modeling, ETL/ELT, Distributed Systems, SQL, NoSQL, Data Warehousing, Python, Java, Scala, SQL, Apache Spark, Apache Flink, Pandas, Apache Airflow, Kafka Streams","Cloud-native Serverless Data Ingestion","Create a serverless data ingestion pipeline leveraging AWS services like Kinesis Firehose for streaming, S3 for landing zone storage, and Lambda for lightweight transformations. Demonstrates cost-effective, scalable data capture.","https://github.com/data-engineer-templates/aws-serverless-data-ingestion","Certified Data Management Professional (CDMP) - Associate","DAMA International","https://www.dama.org/cpages/cdmp-exam-information"
"Data Engineer","Data Modeling, ETL/ELT, Distributed Systems, SQL, NoSQL, Data Warehousing, Python, Java, Scala, SQL, Apache Spark, Apache Flink, Pandas, Apache Airflow, Kafka Streams","GDPR Compliant Data Masking Tool","Develop a Python-based utility to mask sensitive customer information in datasets before they are used for analytics or testing, ensuring compliance with regulations like GDPR. Utilizes Faker library for realistic synthetic data generation.","https://github.com/data-engineer-templates/gdpr-data-masking-tool","Confluent Certified Developer for Apache Kafka","Confluent","https://www.confluent.io/kafka-certifications/"
"Business Intelligence Analyst","SQL, Data Visualization, Report Design, Data Modeling, ETL Concepts, Business Acumen, SQL, Python (basic), R (basic), Pandas, Matplotlib, Seaborn","Sales Performance Dashboard for Retail Chain","Develop an interactive dashboard using Power BI or Tableau to visualize key sales metrics such as revenue, profit margins, sales trends, and regional performance. Incorporates drill-down capabilities and filters for detailed analysis.","https://github.com/bi-analyst-templates/retail-sales-dashboard","Microsoft Certified: Power BI Data Analyst Associate","Microsoft","https://learn.microsoft.com/en-us/certifications/power-bi-data-analyst-associate/"
"Business Intelligence Analyst","SQL, Data Visualization, Report Design, Data Modeling, ETL Concepts, Business Acumen, SQL, Python (basic), R (basic), Pandas, Matplotlib, Seaborn","Customer Churn Prediction Analysis","Analyze customer data from a telecom or subscription service to identify factors leading to churn. Create reports visualizing churn rates, customer demographics, and potential early warning signs using SQL and a BI tool.","https://github.com/bi-analyst-templates/customer-churn-analysis","Tableau Desktop Specialist","Tableau (Salesforce)","https://www.tableau.com/learn/certification/desktop-specialist"
"Business Intelligence Analyst","SQL, Data Visualization, Report Design, Data Modeling, ETL Concepts, Business Acumen, SQL, Python (basic), R (basic), Pandas, Matplotlib, Seaborn","HR Employee Performance and Attrition Report","Design a comprehensive report on HR data, covering employee performance metrics, attrition rates, and demographic breakdowns. Focuses on identifying trends and insights that can inform talent management strategies.","https://github.com/bi-analyst-templates/hr-performance-report","Google Data Analytics Professional Certificate","Google (Coursera)","https://www.coursera.org/professional-certificates/google-data-analytics"
"Business Intelligence Analyst","SQL, Data Visualization, Report Design, Data Modeling, ETL Concepts, Business Acumen, SQL, Python (basic), R (basic), Pandas, Matplotlib, Seaborn","Marketing Campaign Effectiveness Dashboard","Build a dashboard to evaluate the performance of various marketing campaigns across different channels. Visualizes ROI, conversion rates, cost per acquisition, and audience engagement using data from a CRM or ad platform.","https://github.com/bi-analyst-templates/marketing-campaign-dashboard","Certified Business Intelligence Professional (CBIP)","TDWI","https://tdwi.org/certification/cbip/overview.aspx"
"Business Intelligence Analyst","SQL, Data Visualization, Report Design, Data Modeling, ETL Concepts, Business Acumen, SQL, Python (basic), R (basic), Pandas, Matplotlib, Seaborn","Supply Chain Inventory Optimization Analysis","Conduct an analysis of inventory data to identify slow-moving items, optimize stock levels, and reduce carrying costs. Presents findings through charts and graphs, recommending improvements for supply chain efficiency.","https://github.com/bi-analyst-templates/supply-chain-inventory-analysis","AWS Certified Cloud Practitioner","AWS","https://aws.amazon.com/certification/certified-cloud-practitioner/"
"Business Intelligence Analyst","SQL, Data Visualization, Report Design, Data Modeling, ETL Concepts, Business Acumen, SQL, Python (basic), R (basic), Pandas, Matplotlib, Seaborn","Website Traffic and User Engagement Report","Create a report utilizing Google Analytics data to visualize website traffic sources, user behavior patterns, bounce rates, and conversion funnels. Provides insights for improving user experience and website performance.","https://github.com/bi-analyst-templates/web-traffic-engagement-report","Advanced SQL for Data Analysis","Udemy (Example Course)","https://www.udemy.com/course/advanced-sql-for-data-analysis-power-users/"
"Analytics Engineer","SQL, Data Modeling (Dimensional), ELT, DBT, Data Warehousing, Version Control, SQL, Python (intermediate), DBT (dbt-core, dbt-cloud), Pandas","Modern Data Stack Transformation with DBT","Implement an ELT pipeline using Stitch/Fivetran for ingestion into a cloud data warehouse (Snowflake/BigQuery). Develop and test data models with DBT, applying Jinja templating and unit tests, feeding a BI tool.","https://github.com/analytics-engineer-templates/dbt-modern-data-stack","dbt Analytics Engineering Certification","dbt Labs","https://www.getdbt.com/dbt-certification/analytics-engineering/"
"Analytics Engineer","SQL, Data Modeling (Dimensional), ELT, DBT, Data Warehousing, Version Control, SQL, Python (intermediate), DBT (dbt-core, dbt-cloud), Pandas","Customer 360 Data Model","Design and build a comprehensive 'Customer 360' dimensional data model in a data warehouse. Uses DBT to integrate customer data from various sources (CRM, website, transactions) into a unified view for analytics.","https://github.com/analytics-engineer-templates/customer-360-dbt","Google Cloud Professional Data Engineer","Google Cloud","https://cloud.google.com/certifications/data-engineer"
"Analytics Engineer","SQL, Data Modeling (Dimensional), ELT, DBT, Data Warehousing, Version Control, SQL, Python (intermediate), DBT (dbt-core, dbt-cloud), Pandas","Sales Analytics Data Mart with DBT and Snowflake","Create a star schema-based sales data mart in Snowflake using DBT. Includes fact tables for sales transactions and dimension tables for products, customers, and time, ensuring data quality and lineage.","https://github.com/analytics-engineer-templates/dbt-snowflake-sales-mart","Snowflake SnowPro Core Certification","Snowflake","https://www.snowflake.com/certifications/snowpro-core/"
"Analytics Engineer","SQL, Data Modeling (Dimensional), ELT, DBT, Data Warehousing, Version Control, SQL, Python (intermediate), DBT (dbt-core, dbt-cloud), Pandas","Data Quality and Monitoring for a Marketing Pipeline","Develop a robust data quality framework for a marketing data pipeline using DBT's testing capabilities and integrating with data quality tools. Implements anomaly detection and alerting for data integrity issues.","https://github.com/analytics-engineer-templates/dbt-marketing-data-quality","Microsoft Certified: Azure Data Engineer Associate","Microsoft Azure","https://learn.microsoft.com/en-us/certifications/azure-data-engineer/"
"Analytics Engineer","SQL, Data Modeling (Dimensional), ELT, DBT, Data Warehousing, Version Control, SQL, Python (intermediate), DBT (dbt-core, dbt-cloud), Pandas","Finance Reporting Data Model with Incremental Loads","Build a financial reporting data model that handles daily incremental data loads efficiently. Utilizes DBT's incremental models and snapshots to manage historical data and ensure reporting accuracy.","https://github.com/analytics-engineer-templates/dbt-finance-incremental","Databricks Certified Data Engineer Associate","Databricks","https://www.databricks.com/learn/certification/data-engineer-associate"
"Analytics Engineer","SQL, Data Modeling (Dimensional), ELT, DBT, Data Warehousing, Version Control, SQL, Python (intermediate), DBT (dbt-core, dbt-cloud), Pandas","Implementing CI/CD for Data Models","Set up a CI/CD pipeline for DBT projects using GitHub Actions or GitLab CI. Automates testing, documentation generation, and deployment of data models to a development and production environment upon code changes.","https://github.com/analytics-engineer-templates/dbt-cicd-pipeline","AWS Certified Data Engineer – Associate","AWS","https://aws.amazon.com/certification/data-engineer-associate/"
"Data Visualization Specialist","Data Storytelling, Dashboard Design, Data Cleaning, Statistical Graphics, Interactive Visualization, UI/UX Principles, Python, R, JavaScript, SQL, D3.js, Tableau, Power BI, Matplotlib, Seaborn, Plotly, Bokeh, Looker, Qlik Sense","Interactive COVID-19 Dashboard","Develop a dynamic web dashboard using Plotly Dash or Streamlit to visualize global COVID-19 trends, including cases, deaths, and vaccination rates from public APIs. Features include time-series analysis, choropleth maps, and user-selectable regions.","https://github.com/plotly/dash-sample-apps/tree/master/apps/dash-covid-19","Tableau Certified Data Analyst","Tableau","https://www.tableau.com/learn/certification"
"Data Visualization Specialist","Data Storytelling, Dashboard Design, Data Cleaning, Statistical Graphics, Interactive Visualization, UI/UX Principles, Python, R, JavaScript, SQL, D3.js, Tableau, Power BI, Matplotlib, Seaborn, Plotly, Bokeh, Looker, Qlik Sense","E-commerce Sales Performance Dashboard","Create a comprehensive Tableau or Power BI dashboard to analyze e-commerce sales data, identifying key trends in product performance, customer segments, and regional sales. The dashboard incorporates drill-down capabilities, KPIs, and comparative analysis.","https://github.com/tableau/tableau-public-examples/tree/master/Superstore","Microsoft Certified: Power BI Data Analyst Associate","Microsoft","https://learn.microsoft.com/en-us/certifications/power-bi-data-analyst-associate/"
"Data Visualization Specialist","Data Storytelling, Dashboard Design, Data Cleaning, Statistical Graphics, Interactive Visualization, UI/UX Principles, Python, R, JavaScript, SQL, D3.js, Tableau, Power BI, Matplotlib, Seaborn, Plotly, Bokeh, Looker, Qlik Sense","Real-time Stock Market Visualizer","Build a web application using D3.js to display real-time stock prices and historical data for selected companies. The project integrates with a financial API to show candlestick charts, volume trends, and moving averages with interactive controls.","https://github.com/observablehq/plot","Google Data Analytics Professional Certificate","Google (Coursera)","https://www.coursera.org/professional-certificates/google-data-analytics"
"Data Visualization Specialist","Data Storytelling, Dashboard Design, Data Cleaning, Statistical Graphics, Interactive Visualization, UI/UX Principles, Python, R, JavaScript, SQL, D3.js, Tableau, Power BI, Matplotlib, Seaborn, Plotly, Bokeh, Looker, Qlik Sense","Social Media Sentiment Analysis Report","Visualize sentiment (positive, negative, neutral) extracted from social media data using Python (NLTK, TextBlob) and present insights in an interactive Plotly Dash application. Includes features like word clouds, sentiment distribution charts, and topic modeling.","https://github.com/nickmccallum/twitter-sentiment-analysis-flask","IBM Data Science Professional Certificate","IBM (Coursera)","https://www.coursera.org/professional-certificates/ibm-data-science"
"Data Visualization Specialist","Data Storytelling, Dashboard Design, Data Cleaning, Statistical Graphics, Interactive Visualization, UI/UX Principles, Python, R, JavaScript, SQL, D3.js, Tableau, Power BI, Matplotlib, Seaborn, Plotly, Bokeh, Looker, Qlik Sense","Smart City Traffic Flow Analysis","Develop a geospatial visualization project using Folium or Leaflet.js in Python to map traffic density, congestion hotspots, and accident locations based on open-source city traffic data. The application allows filtering by time of day, incident type, and displays aggregated statistics.","https://github.com/python-visualization/folium/tree/main/examples","Data Visualization with Python","freeCodeCamp","https://www.freecodecamp.org/learn/data-analysis-with-python/data-visualization-with-python-projects/"
"Data Visualization Specialist","Data Storytelling, Dashboard Design, Data Cleaning, Statistical Graphics, Interactive Visualization, UI/UX Principles, Python, R, JavaScript, SQL, D3.js, Tableau, Power BI, Matplotlib, Seaborn, Plotly, Bokeh, Looker, Qlik Sense","Healthcare Patient Outcomes Dashboard","Design an interactive dashboard using R (ggplot2, Shiny) to visualize patient demographics, treatment efficacy, and readmission rates from a simulated healthcare dataset. This project allows healthcare professionals to compare different patient groups and identify areas for improvement.","https://github.com/rstudio/shiny-examples/tree/main/069-risky-business","SAS Visual Analytics Specialist","SAS","https://www.sas.com/en_us/training/certifications/visual-analytics-specialist.html"
"Cloud Engineer","Cloud Architecture, Infrastructure as Code (IaC), Networking, Security, Containerization, CI/CD, Scripting, Monitoring & Logging, Python, Go, Bash, PowerShell, Terraform, Ansible, Docker, Kubernetes, Serverless Framework, AWS CloudFormation, Azure ARM Templates, GCP Deployment Manager","Automated Web Server Deployment with IaC","Deploy a scalable Nginx web server on AWS EC2 instances using Terraform, including VPC, security groups, and an Auto Scaling Group. This project demonstrates automated infrastructure provisioning and configuration management.","https://github.com/hashicorp/terraform-aws-modules/tree/master/modules/ec2-instance","CompTIA Cloud+","CompTIA","https://www.comptia.org/certifications/cloud"
"Cloud Engineer","Cloud Architecture, Infrastructure as Code (IaC), Networking, Security, Containerization, CI/CD, Scripting, Monitoring & Logging, Python, Go, Bash, PowerShell, Terraform, Ansible, Docker, Kubernetes, Serverless Framework, AWS CloudFormation, Azure ARM Templates, GCP Deployment Manager","Containerized Microservices on Kubernetes","Deploy a multi-service application (e.g., a simple API and a frontend) into a Kubernetes cluster (Minikube/EKS/AKS/GKE) using Docker and Helm charts for packaging. Implement service discovery, ingress, and basic horizontal pod autoscaling.","https://github.com/kubernetes/examples/tree/master/staging/k8s-pod-deployment","Microsoft Certified: Azure Administrator Associate","Microsoft","https://learn.microsoft.com/en-us/certifications/azure-administrator/"
"Cloud Engineer","Cloud Architecture, Infrastructure as Code (IaC), Networking, Security, Containerization, CI/CD, Scripting, Monitoring & Logging, Python, Go, Bash, PowerShell, Terraform, Ansible, Docker, Kubernetes, Serverless Framework, AWS CloudFormation, Azure ARM Templates, GCP Deployment Manager","CI/CD Pipeline for Serverless Application","Build a serverless REST API (e.g., using AWS Lambda, API Gateway, DynamoDB) and automate its deployment using GitHub Actions or AWS CodePipeline. The pipeline includes stages for linting, testing, deployment, and rollback.","https://github.com/serverless/examples/tree/master/aws-node-rest-api","Google Cloud Certified - Associate Cloud Engineer","Google Cloud","https://cloud.google.com/certification/cloud-engineer"
"Cloud Engineer","Cloud Architecture, Infrastructure as Code (IaC), Networking, Security, Containerization, CI/CD, Scripting, Monitoring & Logging, Python, Go, Bash, PowerShell, Terraform, Ansible, Docker, Kubernetes, Serverless Framework, AWS CloudFormation, Azure ARM Templates, GCP Deployment Manager","Cloud-based Data Processing Pipeline","Set up an event-driven data pipeline using cloud services like AWS S3 (data lake), AWS Lambda (processing), and AWS Athena/Glue (querying). This project ingests raw data, performs simple transformations, and enables analytics.","https://github.com/aws-samples/aws-lake-formation-templates","HashiCorp Certified: Terraform Associate","HashiCorp","https://www.hashicorp.com/certifications/terraform"
"Cloud Engineer","Cloud Architecture, Infrastructure as Code (IaC), Networking, Security, Containerization, CI/CD, Scripting, Monitoring & Logging, Python, Go, Bash, PowerShell, Terraform, Ansible, Docker, Kubernetes, Serverless Framework, AWS CloudFormation, Azure ARM Templates, GCP Deployment Manager","Multi-Cloud Disaster Recovery Solution (POC)","Design and implement a proof-of-concept for data backup and recovery between two different cloud providers (e.g., AWS S3 to Azure Blob Storage) using object storage replication or custom scripting. This demonstrates cross-cloud data portability and resilience.","https://github.com/Azure-Samples/storage-blob-upload-download-python","Certified Kubernetes Administrator (CKA)","Cloud Native Computing Foundation (CNCF)","https://www.cncf.io/certification/cka/"
"Cloud Engineer","Cloud Architecture, Infrastructure as Code (IaC), Networking, Security, Containerization, CI/CD, Scripting, Monitoring & Logging, Python, Go, Bash, PowerShell, Terraform, Ansible, Docker, Kubernetes, Serverless Framework, AWS CloudFormation, Azure ARM Templates, GCP Deployment Manager","Monitoring and Alerting for Cloud Infrastructure","Deploy a Prometheus and Grafana stack on a cloud VM to monitor CPU, memory, and network metrics of other cloud instances. Configure alerts for high resource utilization and build custom dashboards for visualization.","https://github.com/prometheus/prometheus/tree/main/documentation/examples","AWS Certified Cloud Practitioner","AWS","https://aws.amazon.com/certification/certified-cloud-practitioner/"
"AWS Cloud Engineer","AWS Services (EC2, S3, VPC, IAM, RDS, Lambda, ECS, CloudWatch, Route 53), Infrastructure as Code (CloudFormation/Terraform), CI/CD, Networking, Security, Scripting, Monitoring & Logging, Python, Bash, AWS CloudFormation, AWS CDK, Terraform, Serverless Framework, Docker","Serverless Website Deployment on AWS","Host a static website using AWS S3, CloudFront for CDN, and Route 53 for DNS. Implement a backend contact form using API Gateway and Lambda, with automated deployment via AWS SAM or Serverless Framework.","https://github.com/aws-samples/aws-serverless-webapp-static-website","AWS Certified Cloud Practitioner","AWS","https://aws.amazon.com/certification/certified-cloud-practitioner/"
"AWS Cloud Engineer","AWS Services (EC2, S3, VPC, IAM, RDS, Lambda, ECS, CloudWatch, Route 53), Infrastructure as Code (CloudFormation/Terraform), CI/CD, Networking, Security, Scripting, Monitoring & Logging, Python, Bash, AWS CloudFormation, AWS CDK, Terraform, Serverless Framework, Docker","Scalable E-commerce Backend with ECS","Deploy a containerized e-commerce backend (e.g., Flask/Node.js API) on AWS ECS Fargate, backed by Amazon RDS (PostgreSQL/MySQL) and Amazon ElastiCache. Configure Auto Scaling, Application Load Balancer, and continuous deployment.","https://github.com/aws-samples/amazon-ecs-fargate-workshop","AWS Certified Solutions Architect – Associate","AWS","https://aws.amazon.com/certification/solutions-architect-associate/"
"AWS Cloud Engineer","AWS Services (EC2, S3, VPC, IAM, RDS, Lambda, ECS, CloudWatch, Route 53), Infrastructure as Code (CloudFormation/Terraform), CI/CD, Networking, Security, Scripting, Monitoring & Logging, Python, Bash, AWS CloudFormation, AWS CDK, Terraform, Serverless Framework, Docker","Automated AWS Environment Provisioning with CloudFormation","Create a CloudFormation template to provision a secure AWS VPC, including public/private subnets, NAT Gateways, Internet Gateway, security groups, and an EC2 instance. This template ensures consistent and repeatable infrastructure deployment.","https://github.com/aws-samples/aws-cloudformation-templates/tree/master/VPC/Basic-VPC-with-2-Subnets","AWS Certified Developer – Associate","AWS","https://aws.amazon.com/certification/developer-associate/"
"AWS Cloud Engineer","AWS Services (EC2, S3, VPC, IAM, RDS, Lambda, ECS, CloudWatch, Route 53), Infrastructure as Code (CloudFormation/Terraform), CI/CD, Networking, Security, Scripting, Monitoring & Logging, Python, Bash, AWS CloudFormation, AWS CDK, Terraform, Serverless Framework, Docker","Data Lake Ingestion Pipeline with Kinesis and Lambda","Build a real-time data ingestion pipeline using AWS Kinesis Data Streams to capture streaming data, process it with AWS Lambda for transformations, and store it in an S3 Data Lake. Integrate with Athena for querying the lake.","https://github.com/aws-samples/aws-iot-kinesis-data-stream-lambda-s3-athena-quicksight","AWS Certified SysOps Administrator – Associate","AWS","https://aws.amazon.com/certification/sysops-administrator-associate/"
"AWS Cloud Engineer","AWS Services (EC2, S3, VPC, IAM, RDS, Lambda, ECS, CloudWatch, Route 53), Infrastructure as Code (CloudFormation/Terraform), CI/CD, Networking, Security, Scripting, Monitoring & Logging, Python, Bash, AWS CloudFormation, AWS CDK, Terraform, Serverless Framework, Docker","Multi-Account AWS Cost Monitoring Dashboard","Develop a solution to aggregate and visualize AWS billing data (Cost Explorer, Cost and Usage Reports) across multiple accounts using AWS Organizations, S3, Athena, and QuickSight. This helps identify cost trends and optimization opportunities.","https://github.com/aws-samples/aws-cloud-financial-management","AWS Certified Security – Specialty","AWS","https://aws.amazon.com/certification/certified-security-specialty/"
"AWS Cloud Engineer","AWS Services (EC2, S3, VPC, IAM, RDS, Lambda, ECS, CloudWatch, Route 53), Infrastructure as Code (CloudFormation/Terraform), CI/CD, Networking, Security, Scripting, Monitoring & Logging, Python, Bash, AWS CloudFormation, AWS CDK, Terraform, Serverless Framework, Docker","Secure File Upload & Processing System","Design and implement a secure system where users can upload files to S3 via pre-signed URLs, which triggers an S3 event notification to Lambda for virus scanning (e.g., integration with ClamAV on Lambda) and metadata extraction. This ensures secure and automated content processing.","https://github.com/aws-samples/serverless-clamav","HashiCorp Certified: Terraform Associate","HashiCorp","https://www.hashicorp.com/certifications/terraform"
"Azure Cloud Engineer","Azure IaaS/PaaS, Azure Networking, Azure Security, Azure Identity Management, Azure Monitoring, Infrastructure as Code (IaC), Scripting, Database Management, Cost Management, Python, PowerShell, Bash, C# (optional), Azure SDKs, .NET (optional)","Automated Azure Web App Deployment with IaC","Deploy a multi-tier web application consisting of Azure App Service, Azure SQL Database, and Azure Storage Account using either ARM Templates or Bicep. Focus on parameterized deployments, secure credential management, and resource tagging for governance.","https://github.com/Azure/azure-quickstart-templates","Microsoft Certified: Azure Fundamentals","Microsoft","https://learn.microsoft.com/en-us/credentials/certifications/azure-fundamentals/"
"Azure Cloud Engineer","Azure IaaS/PaaS, Azure Networking, Azure Security, Azure Identity Management, Azure Monitoring, Infrastructure as Code (IaC), Scripting, Database Management, Cost Management, Python, PowerShell, Bash, C# (optional), Azure SDKs, .NET (optional)","Azure Network Infrastructure with VNet Peering and VPN Gateway","Design and implement a complex virtual network infrastructure across multiple Azure regions or subscriptions. This includes setting up Virtual Networks, subnets, Network Security Groups, VNet peering, and configuring a Site-to-Site VPN Gateway for hybrid connectivity simulation.","https://github.com/Azure-Samples/vpn-gateway-vnet-to-vnet","Microsoft Certified: Azure Administrator Associate","Microsoft","https://learn.microsoft.com/en-us/credentials/certifications/azure-administrator-associate/"
"Azure Cloud Engineer","Azure IaaS/PaaS, Azure Networking, Azure Security, Azure Identity Management, Azure Monitoring, Infrastructure as Code (IaC), Scripting, Database Management, Cost Management, Python, PowerShell, Bash, C# (optional), Azure SDKs, .NET (optional)","Serverless API with Azure Functions and Cosmos DB Backend","Develop an HTTP-triggered Azure Functions application that provides a RESTful API. The API should perform CRUD operations against an Azure Cosmos DB database, demonstrating serverless backend development and NoSQL data management.","https://github.com/Azure-Samples/cosmosdb-serverless-sample","Microsoft Certified: Azure Developer Associate","Microsoft","https://learn.microsoft.com/en-us/credentials/certifications/azure-developer-associate/"
"Azure Cloud Engineer","Azure IaaS/PaaS, Azure Networking, Azure Security, Azure Identity Management, Azure Monitoring, Infrastructure as Code (IaC), Scripting, Database Management, Cost Management, Python, PowerShell, Bash, C# (optional), Azure SDKs, .NET (optional)","Azure Kubernetes Service (AKS) Application Deployment with CI/CD","Set up an Azure Kubernetes Service (AKS) cluster and deploy a containerized microservices application to it. Implement a full CI/CD pipeline using Azure DevOps or GitHub Actions to build Docker images, push them to Azure Container Registry, and deploy to AKS using Helm charts.","https://github.com/Azure-Samples/aks-store-demo","HashiCorp Certified: Terraform Associate","HashiCorp","https://www.hashicorp.com/certification/terraform-associate"
"Azure Cloud Engineer","Azure IaaS/PaaS, Azure Networking, Azure Security, Azure Identity Management, Azure Monitoring, Infrastructure as Code (IaC), Scripting, Database Management, Cost Management, Python, PowerShell, Bash, C# (optional), Azure SDKs, .NET (optional)","Azure Sentinel for Security Information and Event Management (SIEM)","Configure an Azure Sentinel workspace to collect security logs from various Azure resources (e.g., Activity Logs, VM logs, Azure AD logs). Create custom analytics rules, workbooks, and automated playbooks using Azure Logic Apps to respond to detected threats.","https://github.com/Azure/Azure-Sentinel","Microsoft Certified: Azure Security Engineer Associate","Microsoft","https://learn.microsoft.com/en-us/credentials/certifications/azure-security-engineer/"
"Azure Cloud Engineer","Azure IaaS/PaaS, Azure Networking, Azure Security, Azure Identity Management, Azure Monitoring, Infrastructure as Code (IaC), Scripting, Database Management, Cost Management, Python, PowerShell, Bash, C# (optional), Azure SDKs, .NET (optional)","Cost Management and Optimization with Azure Budgets and Advisor","Implement an Azure cost management solution by setting up Azure Budgets for different departments or projects and configuring alerts. Utilize Azure Advisor recommendations to identify and implement cost-saving opportunities, demonstrating FinOps principles.","https://github.com/Azure-Samples/azure-cost-management-samples","Microsoft Certified: Azure Solutions Architect Expert","Microsoft","https://learn.microsoft.com/en-us/credentials/certifications/azure-solutions-architect-expert/"
"DevOps Engineer","CI/CD Pipeline Development, Infrastructure as Code (IaC), Configuration Management, Containerization, Orchestration, Cloud Platforms, Scripting, Version Control, Monitoring & Logging, Python, Go, Bash, Groovy, Ruby (optional), N/A","Automated Web Application CI/CD Pipeline to Cloud VM","Develop a comprehensive CI/CD pipeline for a simple web application (e.g., Node.js or Python Flask). The pipeline, using Jenkins or GitHub Actions, should include code checkout, build, unit testing, Docker image creation, pushing to a registry, and deploying to a cloud VM on AWS/Azure/GCP.","https://github.com/jenkins-docs/simple-nodejs-react-app","Docker Certified Associate (DCA)","Docker","https://www.docker.com/certification/dca/"
"DevOps Engineer","CI/CD Pipeline Development, Infrastructure as Code (IaC), Configuration Management, Containerization, Orchestration, Cloud Platforms, Scripting, Version Control, Monitoring & Logging, Python, Go, Bash, Groovy, Ruby (optional), N/A","Cloud Infrastructure Provisioning and Configuration with Terraform and Ansible","Provision a complete cloud infrastructure stack (e.g., VPC, EC2 instances, Security Groups, Load Balancer) on AWS using Terraform. Subsequently, use Ansible playbooks to configure the provisioned EC2 instances, install necessary software (e.g., Nginx, Docker), and deploy a sample application.","https://github.com/hashicorp/terraform-guides","Certified Kubernetes Administrator (CKA)","Cloud Native Computing Foundation (CNCF)","https://www.cncf.io/certification/cka/"
"DevOps Engineer","CI/CD Pipeline Development, Infrastructure as Code (IaC), Configuration Management, Containerization, Orchestration, Cloud Platforms, Scripting, Version Control, Monitoring & Logging, Python, Go, Bash, Groovy, Ruby (optional), N/A","Kubernetes Cluster Application Deployment with Helm","Deploy a multi-service containerized application to a Kubernetes cluster (e.g., Minikube, EKS, AKS). Package the application using Helm charts, manage configurations with Kustomize, and implement rolling updates and rollbacks.","https://github.com/kubernetes/minikube","HashiCorp Certified: Terraform Associate","HashiCorp","https://www.hashicorp.com/certification/terraform-associate"
"DevOps Engineer","CI/CD Pipeline Development, Infrastructure as Code (IaC), Configuration Management, Containerization, Orchestration, Cloud Platforms, Scripting, Version Control, Monitoring & Logging, Python, Go, Bash, Groovy, Ruby (optional), N/A","Monitoring and Alerting Stack with Prometheus, Grafana, and Alertmanager","Set up a monitoring solution using Prometheus to collect metrics from sample applications and servers, Grafana for dashboard visualization, and Alertmanager for routing alerts. Define Service Level Indicators (SLIs) and Service Level Objectives (SLOs) for critical services.","https://github.com/prometheus/prometheus","AWS Certified DevOps Engineer - Professional","Amazon Web Services (AWS)","https://aws.amazon.com/certification/certified-devops-engineer-professional/"
"DevOps Engineer","CI/CD Pipeline Development, Infrastructure as Code (IaC), Configuration Management, Containerization, Orchestration, Cloud Platforms, Scripting, Version Control, Monitoring & Logging, Python, Go, Bash, Groovy, Ruby (optional), N/A","Containerized Application Development with Docker Compose and Registry Integration","Create a multi-container application (e.g., a web application with a database and cache) using Docker Compose. Build optimized Docker images, push them to a private or public container registry (e.g., Docker Hub, AWS ECR), and manage image versions.","https://github.com/docker/awesome-compose","Microsoft Certified: Azure DevOps Engineer Expert","Microsoft","https://learn.microsoft.com/en-us/credentials/certifications/azure-devops-engineer/"
"DevOps Engineer","CI/CD Pipeline Development, Infrastructure as Code (IaC), Configuration Management, Containerization, Orchestration, Cloud Platforms, Scripting, Version Control, Monitoring & Logging, Python, Go, Bash, Groovy, Ruby (optional), N/A","DevSecOps Pipeline Integration with SAST/DAST/SCA","Enhance an existing CI/CD pipeline by integrating security tools at various stages. Include Static Application Security Testing (SAST) with SonarQube, container image scanning with Trivy/Clair, and Dynamic Application Security Testing (DAST) with OWASP ZAP for automated vulnerability detection.","https://github.com/anchore/syft","Red Hat Certified Specialist in Ansible Automation","Red Hat","https://www.redhat.com/en/services/certification/rhca-ansible-automation"
"Site Reliability Engineer","Reliability Engineering, Observability (Monitoring, Logging, Tracing), Incident Management, Postmortems, Automation, Performance Tuning, Capacity Planning, Distributed Systems, Scripting, Cloud Platforms, Linux Administration, Python, Go, Bash, Java (optional), Ruby (optional), OpenTelemetry, Prometheus client libraries, Grafana query languages","Distributed Application Observability with OpenTelemetry and Kubernetes","Instrument a sample microservices application with OpenTelemetry to generate comprehensive metrics, logs, and traces. Deploy this application to a Kubernetes cluster and configure Prometheus, Grafana, and Jaeger/Zipkin to collect, visualize, and analyze its telemetry data.","https://github.com/open-telemetry/opentelemetry-demo","Certified Kubernetes Administrator (CKA)","Cloud Native Computing Foundation (CNCF)","https://www.cncf.io/certification/cka/"
"Site Reliability Engineer","Reliability Engineering, Observability (Monitoring, Logging, Tracing), Incident Management, Postmortems, Automation, Performance Tuning, Capacity Planning, Distributed Systems, Scripting, Cloud Platforms, Linux Administration, Python, Go, Bash, Java (optional), Ruby (optional), OpenTelemetry, Prometheus client libraries, Grafana query languages","Automated Incident Response and Remediation Playbook","Design and implement an automated incident response playbook using a combination of monitoring alerts (e.g., from Prometheus), serverless functions (e.g., AWS Lambda, Azure Functions), and communication tools (e.g., PagerDuty, Slack). The playbook should diagnose and auto-remediate common issues or escalate to on-call teams.","https://github.com/PagerDuty/go-pagerduty","Google Cloud Professional Cloud Architect","Google Cloud","https://cloud.google.com/certification/cloud-architect"
"Site Reliability Engineer","Reliability Engineering, Observability (Monitoring, Logging, Tracing), Incident Management, Postmortems, Automation, Performance Tuning, Capacity Planning, Distributed Systems, Scripting, Cloud Platforms, Linux Administration, Python, Go, Bash, Java (optional), Ruby (optional), OpenTelemetry, Prometheus client libraries, Grafana query languages","Chaos Engineering Experimentation for Application Resilience","Utilize a chaos engineering platform like LitmusChaos or Gremlin to design and execute chaos experiments on a sample application deployed in Kubernetes. Inject failures such as pod deletion, network latency, or resource exhaustion to identify and fix system weaknesses.","https://github.com/litmuschaos/litmus","AWS Certified Solutions Architect - Professional","Amazon Web Services (AWS)","https://aws.amazon.com/certification/certified-solutions-architect-professional/"
"Site Reliability Engineer","Reliability Engineering, Observability (Monitoring, Logging, Tracing), Incident Management, Postmortems, Automation, Performance Tuning, Capacity Planning, Distributed Systems, Scripting, Cloud Platforms, Linux Administration, Python, Go, Bash, Java (optional), Ruby (optional), OpenTelemetry, Prometheus client libraries, Grafana query languages","High Availability and Disaster Recovery (DR) for a Critical Service","Architect and implement a highly available and disaster-recoverable setup for a critical web service across multiple availability zones or regions in a chosen cloud provider (e.g., AWS Multi-AZ deployments with RDS, Azure Geo-redundant storage, GCP Regional Managed Instance Groups).","https://github.com/aws-samples/amazon-vpc-site-to-site-vpn-sample-templates","Linux Foundation Certified Engineer (LFCE)","Linux Foundation","https://training.linuxfoundation.org/certification/lfce/"
"Site Reliability Engineer","Reliability Engineering, Observability (Monitoring, Logging, Tracing), Incident Management, Postmortems, Automation, Performance Tuning, Capacity Planning, Distributed Systems, Scripting, Cloud Platforms, Linux Administration, Python, Go, Bash, Java (optional), Ruby (optional), OpenTelemetry, Prometheus client libraries, Grafana query languages","Performance Testing and Capacity Planning Tool Development","Develop a custom performance testing framework or script using tools like Locust or JMeter to simulate high load on a target application. Analyze the performance metrics to derive insights for capacity planning, auto-scaling configurations, and identifying bottlenecks.","https://github.com/locustio/locust","Datadog Certified Professional - Observability Fundamentals","Datadog","https://www.datadoghq.com/certification/observability-fundamentals/"
"Site Reliability Engineer","Reliability Engineering, Observability (Monitoring, Logging, Tracing), Incident Management, Postmortems, Automation, Performance Tuning, Capacity Planning, Distributed Systems, Scripting, Cloud Platforms, Linux Administration, Python, Go, Bash, Java (optional), Ruby (optional), OpenTelemetry, Prometheus client libraries, Grafana query languages","SRE-focused Kubernetes Controller for Automated Operations","Create a custom Kubernetes operator or controller (using Operator SDK or Kubebuilder) to automate a specific SRE task. Examples include ensuring pod anti-affinity, automatically scaling resources based on custom metrics, or managing application-specific health checks.","https://github.com/operator-framework/operator-sdk-samples","SRE Foundation Certification","DevOps Institute","https://devopsinstitute.com/certifications/sre-foundation/"
"Platform Engineer","Infrastructure as Code, CI/CD, Containerization, Orchestration, Cloud Computing, Observability, Python, Go, Bash, YAML, N/A","Automated Kubernetes Cluster Deployment with Terraform & Ansible","Deploy an EKS/AKS/GKE Kubernetes cluster on a cloud provider using Terraform for infrastructure provisioning, then configure it with Ansible for day-2 operations and tooling installation.","https://github.com/terraform-aws-modules/terraform-aws-eks","AWS Certified DevOps Engineer - Professional","AWS","https://aws.amazon.com/certification/certified-devops-engineer-professional/"
"Platform Engineer","Infrastructure as Code, CI/CD, Containerization, Orchestration, Cloud Computing, Observability, Python, Go, Bash, YAML, N/A","CI/CD Pipeline for a Microservices Application","Build a comprehensive CI/CD pipeline using Jenkins, GitLab CI, or GitHub Actions to automate the build, test, containerization, and deployment of a sample microservices application to a Kubernetes cluster.","https://github.com/jenkinsci/pipeline-examples","Certified Kubernetes Administrator (CKA)","CNCF (Linux Foundation)","https://www.cncf.io/certification/cka/"
"Platform Engineer","Infrastructure as Code, CI/CD, Containerization, Orchestration, Cloud Computing, Observability, Python, Go, Bash, YAML, N/A","Observability Stack Implementation (Prometheus, Grafana, Loki)","Set up a complete monitoring, logging, and alerting solution for a containerized application using Prometheus for metrics, Grafana for visualization, and Loki for log aggregation.","https://github.com/prometheus-operator/kube-prometheus","HashiCorp Certified: Terraform Associate","HashiCorp","https://www.hashicorp.com/certifications/terraform-associate"
"Platform Engineer","Infrastructure as Code, CI/CD, Containerization, Orchestration, Cloud Computing, Observability, Python, Go, Bash, YAML, N/A","Multi-Cloud Infrastructure as Code with Pulumi","Provision and manage resources across two different cloud providers (e.g., AWS S3 and Azure Blob Storage) using Pulumi, demonstrating cloud-agnostic Infrastructure as Code principles.","https://github.com/pulumi/examples/tree/master/aws-typescript","Microsoft Certified: Azure DevOps Engineer Expert","Microsoft","https://learn.microsoft.com/en-us/certifications/azure-devops-engineer/"
"Platform Engineer","Infrastructure as Code, CI/CD, Containerization, Orchestration, Cloud Computing, Observability, Python, Go, Bash, YAML, N/A","GitOps Workflow with ArgoCD for Kubernetes","Implement a GitOps approach for declarative Kubernetes application deployments and cluster management using ArgoCD, synchronizing application states with a Git repository.","https://github.com/argoproj/argocd-example-apps","Google Cloud Professional Cloud DevOps Engineer","Google Cloud","https://cloud.google.com/certification/cloud-devops-engineer"
"Platform Engineer","Infrastructure as Code, CI/CD, Containerization, Orchestration, Cloud Computing, Observability, Python, Go, Bash, YAML, N/A","Immutable Infrastructure with Packer and AWS AMI","Develop Packer templates to create custom, hardened, and pre-configured Amazon Machine Images (AMIs) for various application roles, ensuring consistency and faster deployments.","https://github.com/hashicorp/packer-examples/tree/master/aws/ubuntu","Red Hat Certified Engineer (RHCE) for Ansible Automation","Red Hat","https://www.redhat.com/en/services/training/ex294-red-hat-certified-engineer-rhce-exam-ansible-automation"
"Cybersecurity Analyst","Threat Detection, Vulnerability Assessment, Incident Response, SIEM, Network Security, Compliance & Governance, Python, PowerShell, Bash, N/A","Home Lab SIEM Implementation (ELK Stack)","Set up a Security Information and Event Management (SIEM) system using the ELK (Elasticsearch, Logstash, Kibana) stack to collect, parse, and visualize logs from various simulated sources (Windows, Linux, web servers) for threat monitoring.","https://github.com/security-on-demand/docker-compose-siem","CompTIA Security+","CompTIA","https://www.comptia.org/certifications/security"
"Cybersecurity Analyst","Threat Detection, Vulnerability Assessment, Incident Response, SIEM, Network Security, Compliance & Governance, Python, PowerShell, Bash, N/A","Vulnerability Scanning and Reporting with OpenVAS","Perform comprehensive vulnerability assessments on a simulated network environment or web application using OpenVAS/Greenbone Vulnerability Manager, then generate detailed reports with remediation recommendations.","https://github.com/greenbone/openvas","(ISC)² SSCP (Systems Security Certified Practitioner)","(ISC)²","https://www.isc2.org/Certifications/SSCP"
"Cybersecurity Analyst","Threat Detection, Vulnerability Assessment, Incident Response, SIEM, Network Security, Compliance & Governance, Python, PowerShell, Bash, N/A","Incident Response Playbook Development","Create a detailed incident response playbook for a common cyber attack scenario (e.g., ransomware infection, phishing attempt), outlining steps from detection and containment to eradication and recovery.","https://github.com/Security-Playbook/security-playbook","CompTIA CySA+ (Cybersecurity Analyst+)","CompTIA","https://www.comptia.org/certifications/cysa"
"Cybersecurity Analyst","Threat Detection, Vulnerability Assessment, Incident Response, SIEM, Network Security, Compliance & Governance, Python, PowerShell, Bash, N/A","Network Traffic Analysis for Intrusion Detection","Analyze captured network packets using Wireshark and set up Suricata/Snort intrusion detection rules to identify suspicious activities, malware communications, and potential intrusion attempts within a sample network traffic dataset.","https://github.com/secureworks/sbsd-network-traffic-samples","EC-Council CEH (Certified Ethical Hacker)","EC-Council","https://www.eccouncil.org/programs/certified-ethical-hacker-ceh/"
"Cybersecurity Analyst","Threat Detection, Vulnerability Assessment, Incident Response, SIEM, Network Security, Compliance & Governance, Python, PowerShell, Bash, N/A","Phishing Campaign Simulation & Awareness Training","Set up a controlled phishing simulation using an open-source tool like GoPhish, analyze the results to understand user susceptibility, and develop a basic security awareness training module based on findings.","https://github.com/gophish/gophish","Microsoft Certified: Azure Security Engineer Associate","Microsoft","https://learn.microsoft.com/en-us/certifications/azure-security-engineer/"
"Cybersecurity Analyst","Threat Detection, Vulnerability Assessment, Incident Response, SIEM, Network Security, Compliance & Governance, Python, PowerShell, Bash, N/A","Basic OS Hardening Scripting (PowerShell/Bash)","Develop PowerShell scripts for Windows or Bash scripts for Linux to automate common security best practices, such as configuring firewall rules, managing user privileges, enabling audit logging, and applying security updates.","https://github.com/ansible-lockdown/Windows-Security-Baseline","Google Cloud Professional Cloud Security Engineer","Google Cloud","https://cloud.google.com/certification/cloud-security-engineer"
"Security Engineer","Security Architecture, Cloud Security, Application Security, Automation, Penetration Testing, Cryptography, Python, Go, Java, C#, Bash, PowerShell, OWASP ZAP, Burp Suite, Spring Security","Automated Security Scanning in CI/CD Pipeline","Integrate SAST (Static Application Security Testing) like Bandit/SonarQube and DAST (Dynamic Application Security Testing) using OWASP ZAP into a CI/CD pipeline for a web application to detect vulnerabilities early and automatically.","https://github.com/zaproxy/zaproxy/wiki/CI-CD-Integration","(ISC)² CISSP (Certified Information Systems Security Professional)","(ISC)²","https://www.isc2.org/Certifications/CISSP"
"Security Engineer","Security Architecture, Cloud Security, Application Security, Automation, Penetration Testing, Cryptography, Python, Go, Java, C#, Bash, PowerShell, OWASP ZAP, Burp Suite, Spring Security","Cloud Security Posture Management (CSPM) with Cloud Custodian","Implement a continuous cloud security posture management solution using Cloud Custodian to enforce security policies, identify misconfigurations, and automate remediation actions across an AWS, Azure, or GCP environment.","https://github.com/cloud-custodian/cloud-custodian","Certified Cloud Security Professional (CCSP)","(ISC)²","https://www.isc2.org/Certifications/CCSP"
"Security Engineer","Security Architecture, Cloud Security, Application Security, Automation, Penetration Testing, Cryptography, Python, Go, Java, C#, Bash, PowerShell, OWASP ZAP, Burp Suite, Spring Security","Threat Modeling and Secure Design for a Microservices Architecture","Conduct a comprehensive threat model for a sample microservices application (e.g., using OWASP Threat Dragon) and propose secure design patterns, authentication mechanisms, and data protection strategies.","https://github.com/OWASP/threat-dragon-desktop","Offensive Security Certified Professional (OSCP)","Offensive Security","https://www.offensive-security.com/pwk-oscp/"
"Security Engineer","Security Architecture, Cloud Security, Application Security, Automation, Penetration Testing, Cryptography, Python, Go, Java, C#, Bash, PowerShell, OWASP ZAP, Burp Suite, Spring Security","Identity and Access Management (IAM) Automation with Terraform","Automate the provisioning and management of IAM roles, policies, and users across a cloud environment (AWS, Azure, or GCP) using Terraform, ensuring least privilege and compliance with security standards.","https://github.com/terraform-aws-modules/terraform-aws-iam","AWS Certified Security - Specialty","AWS","https://aws.amazon.com/certification/certified-security-specialty/"
"Security Engineer","Security Architecture, Cloud Security, Application Security, Automation, Penetration Testing, Cryptography, Python, Go, Java, C#, Bash, PowerShell, OWASP ZAP, Burp Suite, Spring Security","Web Application Firewall (WAF) Deployment and Configuration","Deploy and configure an open-source Web Application Firewall (e.g., ModSecurity with Nginx/Apache) to protect a sample web application from common web attacks listed in the OWASP Top 10.","https://github.com/SpiderLabs/ModSecurity","Microsoft Certified: Cybersecurity Architect Expert (SC-100)","Microsoft","https://learn.microsoft.com/en-us/certifications/cybersecurity-architect-expert/"
"Security Engineer","Security Architecture, Cloud Security, Application Security, Automation, Penetration Testing, Cryptography, Python, Go, Java, C#, Bash, PowerShell, OWASP ZAP, Burp Suite, Spring Security","Security GRC Automation with Policy-as-Code (OPA)","Implement security governance, risk, and compliance checks using an open-source policy engine like Open Policy Agent (OPA) to validate infrastructure deployments (e.g., Kubernetes manifests, Terraform plans) against defined security policies.","https://github.com/open-policy-agent/opa-examples","Certified Kubernetes Security Specialist (CKS)","CNCF (Linux Foundation)","https://www.cncf.io/certification/cks/"
"Penetration Tester","Network Security, Web Application Security, Exploitation, Post-Exploitation, Vulnerability Assessment, Red Teaming, Python, Bash, PowerShell, C/C++, Metasploit, Nmap Scripting Engine (NSE), Mimikatz, BloodHound","Web Application Penetration Testing Lab","Set up and exploit vulnerabilities in a vulnerable web application like DVWA or OWASP Juice Shop, focusing on common attacks such as SQL Injection, XSS, and broken authentication using Burp Suite and SQLMap.","https://github.com/digininja/DVWA","CompTIA PenTest+","CompTIA","https://www.comptia.org/certifications/pentest"
"Penetration Tester","Network Security, Web Application Security, Exploitation, Post-Exploitation, Vulnerability Assessment, Red Teaming, Python, Bash, PowerShell, C/C++, Metasploit, Nmap Scripting Engine (NSE), Mimikatz, BloodHound","Active Directory Exploitation Lab","Build a simulated Active Directory environment on a virtualized network, perform reconnaissance with BloodHound, identify misconfigurations, and execute attacks like Kerberoasting and Golden Ticket using tools like Mimikatz and Impacket.","https://github.com/dafthack/ADLab","OSCP (Offensive Security Certified Professional)","Offensive Security","https://www.offensive-security.com/pwk-oscp/"
"Penetration Tester","Network Security, Web Application Security, Exploitation, Post-Exploitation, Vulnerability Assessment, Red Teaming, Python, Bash, PowerShell, C/C++, Metasploit, Nmap Scripting Engine (NSE), Mimikatz, BloodHound","Network Enumeration and Exploitation Challenge","Complete a series of network penetration testing challenges on platforms like TryHackMe or Hack The Box, documenting the entire process from initial reconnaissance (Nmap, enumeration scripts) to gaining root access and post-exploitation.","https://github.com/kali-linux/kali-docs/blob/master/pages/general-use/whats-new-in-kali.md","eJPT (eLearnSecurity Junior Penetration Tester)","eLearnSecurity (INE)","https://checkout.ine.com/ejpt"
"Penetration Tester","Network Security, Web Application Security, Exploitation, Post-Exploitation, Vulnerability Assessment, Red Teaming, Python, Bash, PowerShell, C/C++, Metasploit, Nmap Scripting Engine (NSE), Mimikatz, BloodHound","Custom Vulnerability Scanner for XSS","Develop a Python script that scans web pages for common Cross-Site Scripting (XSS) vulnerabilities. The script should crawl a target website, identify potential input fields, and inject XSS payloads to detect reflected or stored XSS.","https://github.com/s0md3v/XSStrike","CEH (Certified Ethical Hacker)","EC-Council","https://www.eccouncil.org/programs/certified-ethical-hacker-ceh/"
"Penetration Tester","Network Security, Web Application Security, Exploitation, Post-Exploitation, Vulnerability Assessment, Red Teaming, Python, Bash, PowerShell, C/C++, Metasploit, Nmap Scripting Engine (NSE), Mimikatz, BloodHound","Basic Buffer Overflow Exploit Development","Analyze a simple vulnerable C program, identify a buffer overflow vulnerability, and develop a working exploit to gain control of program execution, leading to a shell, using tools like GDB and Pwntools.","https://github.com/R3x/buffer-overflow-exploit-development","GIAC GPEN (GIAC Penetration Tester)","GIAC","https://www.giac.org/certifications/penetration-tester-gpen/"
"Penetration Tester","Network Security, Web Application Security, Exploitation, Post-Exploitation, Vulnerability Assessment, Red Teaming, Python, Bash, PowerShell, C/C++, Metasploit, Nmap Scripting Engine (NSE), Mimikatz, BloodHound","Cloud Security Misconfiguration Finder","Create a script (e.g., using Python and AWS Boto3) to audit common AWS or Azure services (S3 buckets, EC2 instances, Storage Accounts) for known security misconfigurations, such as public access or overly permissive IAM policies.","https://github.com/cloud-custodian/cloud-custodian","PNPT (Practical Network Penetration Tester)","TCM Security","https://certifications.tcm-sec.com/pnpt/"
"Security Operations Analyst","SIEM Management, Incident Response, Threat Intelligence, Log Analysis, Network Monitoring, Endpoint Detection and Response (EDR), Python, PowerShell, Bash, ELK Stack (Elasticsearch, Logstash, Kibana), Splunk SPL, Pandas (for data analysis)","Home SIEM Lab with ELK Stack","Set up an ELK (Elasticsearch, Logstash, Kibana) stack in a virtualized environment. Collect logs from various sources (Windows Event Logs, Linux Syslog, firewall logs), create custom dashboards, and develop alerts for suspicious activities.","https://github.com/elk-community/elk-docker","CompTIA Security+","CompTIA","https://www.comptia.org/certifications/security"
"Security Operations Analyst","SIEM Management, Incident Response, Threat Intelligence, Log Analysis, Network Monitoring, Endpoint Detection and Response (EDR), Python, PowerShell, Bash, ELK Stack (Elasticsearch, Logstash, Kibana), Splunk SPL, Pandas (for data analysis)","Incident Response Playbook Development","Create a detailed incident response playbook for a common cybersecurity incident, such as a phishing attack or ransomware infection. Include steps for detection, analysis, containment, eradication, recovery, and post-incident review.","https://github.com/certs/incident-response-playbooks","Microsoft Certified: Security Operations Analyst Associate (SC-200)","Microsoft","https://learn.microsoft.com/en-us/certifications/security-operations-analyst/"
"Security Operations Analyst","SIEM Management, Incident Response, Threat Intelligence, Log Analysis, Network Monitoring, Endpoint Detection and Response (EDR), Python, PowerShell, Bash, ELK Stack (Elasticsearch, Logstash, Kibana), Splunk SPL, Pandas (for data analysis)","Threat Hunting Script for IOCs","Develop a Python script that automates the process of searching for Indicators of Compromise (IOCs) across various logs or endpoints. Integrate with a threat intelligence feed (e.g., MISP) to gather relevant IOCs.","https://github.com/olafhartong/ThreatHunting","Splunk Core Certified Power User","Splunk","https://www.splunk.com/en_us/training/certification-track/splunk-core-certified-power-user.html"
"Security Operations Analyst","SIEM Management, Incident Response, Threat Intelligence, Log Analysis, Network Monitoring, Endpoint Detection and Response (EDR), Python, PowerShell, Bash, ELK Stack (Elasticsearch, Logstash, Kibana), Splunk SPL, Pandas (for data analysis)","Malware Analysis Sandbox Setup","Build a secure virtualized sandbox environment for safely analyzing malware. Use tools like Cuckoo Sandbox or setup a custom environment with Procmon, Wireshark, and a disassembler/debugger (e.g., Ghidra).","https://github.com/cuckoosandbox/cuckoo","GIAC GCIH (GIAC Certified Incident Handler)","GIAC","https://www.giac.org/certifications/certified-incident-handler-gcih/"
"Security Operations Analyst","SIEM Management, Incident Response, Threat Intelligence, Log Analysis, Network Monitoring, Endpoint Detection and Response (EDR), Python, PowerShell, Bash, ELK Stack (Elasticsearch, Logstash, Kibana), Splunk SPL, Pandas (for data analysis)","Network Traffic Analysis Exercises","Perform network traffic analysis on captured PCAP files using Wireshark. Identify malicious activity, analyze protocol anomalies, and extract information like C2 communication or data exfiltration attempts from pre-provided scenarios.","https://github.com/Hack-with-Rohtang/Network-Traffic-Analysis-using-Wireshark","CySA+ (Cybersecurity Analyst+)","CompTIA","https://www.comptia.org/certifications/cysa"
"Security Operations Analyst","SIEM Management, Incident Response, Threat Intelligence, Log Analysis, Network Monitoring, Endpoint Detection and Response (EDR), Python, PowerShell, Bash, ELK Stack (Elasticsearch, Logstash, Kibana), Splunk SPL, Pandas (for data analysis)","SOAR Playbook for Alert Triage","Design and implement a basic Security Orchestration, Automation, and Response (SOAR) playbook using a free or open-source SOAR platform (e.g., Shuffle) or a scripting language. Automate the enrichment and initial triage of a common security alert.","https://github.com/frikky/shuffle","Cisco Certified CyberOps Associate","Cisco","https://www.cisco.com/c/en/us/training-events/training-certifications/certifications/associate/cyberops-associate.html"
"Cloud Security Engineer","Cloud Architecture Security, IAM, Network Security (VPCs, Security Groups), Data Protection, Compliance, Infrastructure as Code Security, Container Security, Python, Go, Bash, Terraform, CloudFormation, Kubernetes, Open Policy Agent (OPA)","Secure Cloud Environment Deployment with Terraform","Deploy a secure and compliant multi-tier application architecture (e.g., web server, database) on AWS, Azure, or GCP using Terraform. Implement secure configurations for VPCs, subnets, security groups, IAM roles, and encrypted storage.","https://github.com/aws-samples/aws-security-terraform-templates","AWS Certified Security - Specialty","AWS","https://aws.amazon.com/certification/certified-security-specialty/"
"Cloud Security Engineer","Cloud Architecture Security, IAM, Network Security (VPCs, Security Groups), Data Protection, Compliance, Infrastructure as Code Security, Container Security, Python, Go, Bash, Terraform, CloudFormation, Kubernetes, Open Policy Agent (OPA)","CI/CD Pipeline with Integrated Security Scans","Set up a CI/CD pipeline (e.g., Jenkins, GitLab CI/CD) that includes automated security checks such as SAST (SonarQube), DAST (OWASP ZAP), IaC scanning (Checkov), and container image scanning (Clair, Trivy) for a sample application.","https://github.com/devsecops/awesome-devsecops","Microsoft Certified: Azure Security Engineer Associate (AZ-500)","Microsoft","https://learn.microsoft.com/en-us/certifications/azure-security-engineer/"
"Cloud Security Engineer","Cloud Architecture Security, IAM, Network Security (VPCs, Security Groups), Data Protection, Compliance, Infrastructure as Code Security, Container Security, Python, Go, Bash, Terraform, CloudFormation, Kubernetes, Open Policy Agent (OPA)","IAM Policy Analyzer and Hardener","Develop a Python script using cloud provider SDKs (Boto3 for AWS, Azure SDK) to analyze existing IAM policies for overly permissive permissions, identify unused roles/users, and suggest least-privilege configurations.","https://github.com/salesforce/policy_sentry","Google Cloud Professional Cloud Security Engineer","Google Cloud","https://cloud.google.com/certification/cloud-security-engineer"
"Cloud Security Engineer","Cloud Architecture Security, IAM, Network Security (VPCs, Security Groups), Data Protection, Compliance, Infrastructure as Code Security, Container Security, Python, Go, Bash, Terraform, CloudFormation, Kubernetes, Open Policy Agent (OPA)","Serverless Application Security Hardening","Build a serverless application (e.g., AWS Lambda, API Gateway) and implement security best practices including input validation, least-privilege Lambda roles, secure API Gateway configurations, and logging to a SIEM.","https://github.com/serverless-stack/serverless-stack","(ISC)² CCSP (Certified Cloud Security Professional)","(ISC)²","https://www.isc2.org/Certifications/CCSP"
"Cloud Security Engineer","Cloud Architecture Security, IAM, Network Security (VPCs, Security Groups), Data Protection, Compliance, Infrastructure as Code Security, Container Security, Python, Go, Bash, Terraform, CloudFormation, Kubernetes, Open Policy Agent (OPA)","Kubernetes Cluster Security Hardening","Deploy a Kubernetes cluster (e.g., K3s, Minikube) and apply security best practices: implement network policies, secure API server access, integrate secrets management (HashiCorp Vault), and use a Pod Security Standard.","https://github.com/kubernetes/security-profiles-operator","Certified Kubernetes Security Specialist (CKS)","Linux Foundation","https://training.linuxfoundation.org/certification/certified-kubernetes-security-specialist-cks/"
"Cloud Security Engineer","Cloud Architecture Security, IAM, Network Security (VPCs, Security Groups), Data Protection, Compliance, Infrastructure as Code Security, Container Security, Python, Go, Bash, Terraform, CloudFormation, Kubernetes, Open Policy Agent (OPA)","Cloud Security Posture Management (CSPM) Automation","Integrate an open-source CSPM tool like Prowler or ScoutSuite into a cloud environment. Automate daily scans, send reports to a notification channel, and use its findings to remediate misconfigurations via scripting.","https://github.com/cloudsecurityalliance/cspm-guidance","Certificate of Cloud Security Knowledge (CCSK)","Cloud Security Alliance (CSA)","https://cloudsecurityalliance.org/education/ccsk/"
"Application Security Engineer","Web Application Security, API Security, Mobile App Security, SAST, DAST, IAST, Threat Modeling, Vulnerability Management, Secure SDLC, Cloud Security, Python, Java, JavaScript, Go, C#, Shell Scripting, OWASP ZAP, Burp Suite, Nmap, Metasploit, Nessus, OpenVAS","Secure REST API with Authentication & Authorization","Develop a multi-user REST API using Python (Flask/Django) or Java (Spring Boot) implementing robust authentication (JWT) and authorization mechanisms, input validation, and secure error handling, demonstrating protection against common API vulnerabilities.","https://github.com/secure-api-templates/python-jwt-auth-api-template","CompTIA Security+","CompTIA","https://www.comptia.org/certifications/security"
"Application Security Engineer","Web Application Security, API Security, Mobile App Security, SAST, DAST, IAST, Threat Modeling, Vulnerability Management, Secure SDLC, Cloud Security, Python, Java, JavaScript, Go, C#, Shell Scripting, OWASP ZAP, Burp Suite, Nmap, Metasploit, Nessus, OpenVAS","OWASP Top 10 Vulnerable Web Application & Fixes","Create a deliberately vulnerable web application (e.g., using DVWA or WebGoat as inspiration) in Node.js or PHP, identify and exploit OWASP Top 10 vulnerabilities, and then implement secure coding practices to fix them, documenting the process.","https://github.com/appsec-learning/vulnerable-webapp-exploits-fixes","(ISC)² CSSLP - Certified Secure Software Lifecycle Professional","(ISC)²","https://www.isc2.org/Certifications/CSSLP"
"Application Security Engineer","Web Application Security, API Security, Mobile App Security, SAST, DAST, IAST, Threat Modeling, Vulnerability Management, Secure SDLC, Cloud Security, Python, Java, JavaScript, Go, C#, Shell Scripting, OWASP ZAP, Burp Suite, Nmap, Metasploit, Nessus, OpenVAS","Automated DevSecOps Pipeline for a Microservice","Design and implement a CI/CD pipeline using Jenkins, GitHub Actions, or GitLab CI/CD for a simple microservice. Integrate SAST (e.g., SonarQube), DAST (e.g., OWASP ZAP), and dependency scanning tools to automate security checks at each stage.","https://github.com/devsecops-templates/microservice-cicd-pipeline","GIAC GWAPT - GIAC Web Application Penetration Tester","GIAC (SANS)","https://www.giac.org/certifications/web-application-penetration-tester-gwapt/"
"Application Security Engineer","Web Application Security, API Security, Mobile App Security, SAST, DAST, IAST, Threat Modeling, Vulnerability Management, Secure SDLC, Cloud Security, Python, Java, JavaScript, Go, C#, Shell Scripting, OWASP ZAP, Burp Suite, Nmap, Metasploit, Nessus, OpenVAS","Mobile Application Security Assessment Tool","Develop a script or small tool using Python that automates basic security checks for Android or iOS applications, such as identifying insecure configurations, checking permissions, or scanning for hardcoded secrets in the APK/IPA.","https://github.com/mobile-appsec/android-security-analyzer-script","eJPTv2 - eLearnSecurity Junior Penetration Tester","eLearnSecurity (INE)","https://ine.com/certifications/ejpt-v2"
"Application Security Engineer","Web Application Security, API Security, Mobile App Security, SAST, DAST, IAST, Threat Modeling, Vulnerability Management, Secure SDLC, Cloud Security, Python, Java, JavaScript, Go, C#, Shell Scripting, OWASP ZAP, Burp Suite, Nmap, Metasploit, Nessus, OpenVAS","Cloud Native Application with Security Best Practices","Deploy a containerized web application to AWS ECS/EKS or GCP GKE, ensuring security best practices like least privilege IAM roles, network segmentation, secrets management (AWS Secrets Manager/GCP Secret Manager), and container image scanning.","https://github.com/cloud-native-security-templates/ecs-app-security-boilerplate","AWS Certified Security - Specialty","Amazon Web Services (AWS)","https://aws.amazon.com/certification/certified-security-specialty/"
"Application Security Engineer","Web Application Security, API Security, Mobile App Security, SAST, DAST, IAST, Threat Modeling, Vulnerability Management, Secure SDLC, Cloud Security, Python, Java, JavaScript, Go, C#, Shell Scripting, OWASP ZAP, Burp Suite, Nmap, Metasploit, Nessus, OpenVAS","Threat Modeling and Security Design for a New Feature","Conduct a comprehensive threat model (e.g., using STRIDE methodology) for a proposed new feature in an existing application (e.g., payment processing or user profile management). Document identified threats, vulnerabilities, and recommended security controls.","https://github.com/threat-modeling-examples/payment-feature-threat-model-template","Certified Application Security Engineer (CASE)","EC-Council","https://www.eccouncil.org/programs/certified-application-security-engineer-case/"
"Android Developer","Kotlin, Java, Android SDK, Android Jetpack, UI/UX Design, RESTful APIs, MVVM Architecture, Room Database, Git, Gradle, Kotlin, Java, Android Jetpack (Compose, ViewModel, LiveData, Room, Hilt/Dagger), Retrofit, Glide, OkHttp, Mockito, Espresso","Dynamic Weather Forecast App","Develop an Android application that displays real-time weather forecasts for multiple locations using a public weather API (e.g., OpenWeatherMap). Implement MVVM architecture, Retrofit for network calls, Room for caching, and Jetpack Compose for the UI.","https://github.com/android-templates/compose-weather-app","Associate Android Developer Certification","Google Developers","https://developers.google.com/training/android/certification"
"Android Developer","Kotlin, Java, Android SDK, Android Jetpack, UI/UX Design, RESTful APIs, MVVM Architecture, Room Database, Git, Gradle, Kotlin, Java, Android Jetpack (Compose, ViewModel, LiveData, Room, Hilt/Dagger), Retrofit, Glide, OkHttp, Mockito, Espresso","Productivity Task Manager with Reminder","Build a task management application where users can add, edit, delete, and mark tasks as complete. Features include local data persistence with Room database, notifications for reminders, and a clean Material Design UI using XML or Compose.","https://github.com/android-templates/room-task-manager-app","Professional Android Developer Specialization","Google (via Coursera)","https://www.coursera.org/specializations/android-app-development"
"Android Developer","Kotlin, Java, Android SDK, Android Jetpack, UI/UX Design, RESTful APIs, MVVM Architecture, Room Database, Git, Gradle, Kotlin, Java, Android Jetpack (Compose, ViewModel, LiveData, Room, Hilt/Dagger), Retrofit, Glide, OkHttp, Mockito, Espresso","E-commerce Product Catalog with Filtering","Create an e-commerce-style application displaying a list of products fetched from a dummy API. Implement image loading with Glide, search, filtering capabilities (by category, price), and detailed product views following modern UI patterns.","https://github.com/android-templates/ecommerce-catalog-app","Kotlin Certified Associate Developer (KCAD)","JetBrains","https://kotlinlang.org/education/certification/"
"Android Developer","Kotlin, Java, Android SDK, Android Jetpack, UI/UX Design, RESTful APIs, MVVM Architecture, Room Database, Git, Gradle, Kotlin, Java, Android Jetpack (Compose, ViewModel, LiveData, Room, Hilt/Dagger), Retrofit, Glide, OkHttp, Mockito, Espresso","Social Media Feed with Firebase Backend","Develop a simplified social media feed application where users can post text and images. Utilize Firebase Firestore for data storage, Firebase Authentication for user login, and Firebase Storage for image uploads, integrating with MVVM.","https://github.com/android-templates/firebase-social-feed-app","IBM Professional Certificate in Android App Development","IBM (via Coursera)","https://www.coursera.org/professional-certificates/android-app-development-ibm"
"Android Developer","Kotlin, Java, Android SDK, Android Jetpack, UI/UX Design, RESTful APIs, MVVM Architecture, Room Database, Git, Gradle, Kotlin, Java, Android Jetpack (Compose, ViewModel, LiveData, Room, Hilt/Dagger), Retrofit, Glide, OkHttp, Mockito, Espresso","Multi-Module News Reader App with Hilt","Design a news reader application fetching articles from a news API. Structure the app into multiple modules (e.g., app, data, domain, presentation) and use Hilt for dependency injection, showcasing modular architecture and best practices.","https://github.com/android-templates/multi-module-news-reader","The Complete Android 14 & Kotlin Development Masterclass","Udemy","https://www.udemy.com/course/android-kotlin-developer/"
"Android Developer","Kotlin, Java, Android SDK, Android Jetpack, UI/UX Design, RESTful APIs, MVVM Architecture, Room Database, Git, Gradle, Kotlin, Java, Android Jetpack (Compose, ViewModel, LiveData, Room, Hilt/Dagger), Retrofit, Glide, OkHttp, Mockito, Espresso","QR Code Scanner & Generator Utility","Implement a utility application capable of scanning QR codes (using CameraX or similar library) and generating QR codes from user input (text, URLs). Focus on camera permissions, efficient image processing, and a user-friendly interface.","https://github.com/android-templates/qr-scanner-generator","Google Cloud Associate Cloud Engineer","Google Cloud","https://cloud.google.com/certification/cloud-engineer"
"iOS Developer","Swift, UIKit, SwiftUI, Xcode, Auto Layout, Core Data, RESTful APIs, MVVM/MVC, Git, Grand Central Dispatch (GCD), Swift, Objective-C (for legacy code understanding), UIKit, SwiftUI, Combine, Core Data, Realm, Alamofire, Kingfisher, XCTest","Personal Finance Tracker with Core Data","Develop an iOS application that allows users to track income and expenses across different categories. Implement local data persistence using Core Data, generate simple reports, and present a clean UI using UIKit or SwiftUI.","https://github.com/ios-templates/coredata-finance-tracker","Professional Certificate in iOS App Development with Swift","University of Michigan (via Coursera)","https://www.coursera.org/professional-certificates/ios-app-development-swift"
"iOS Developer","Swift, UIKit, SwiftUI, Xcode, Auto Layout, Core Data, RESTful APIs, MVVM/MVC, Git, Grand Central Dispatch (GCD), Swift, Objective-C (for legacy code understanding), UIKit, SwiftUI, Combine, Core Data, Realm, Alamofire, Kingfisher, XCTest","Dynamic News Reader App with REST API","Create a news reader app that fetches articles from a public news API (e.g., NewsAPI.org). Display articles in a list, allow users to view details, and implement features like search and favoriting, using URLSession or Alamofire.","https://github.com/ios-templates/news-app-rest-api","The Complete iOS App Development Bootcamp","Udemy (Dr. Angela Yu)","https://www.udemy.com/course/ios-13-app-development-bootcamp/"
"iOS Developer","Swift, UIKit, SwiftUI, Xcode, Auto Layout, Core Data, RESTful APIs, MVVM/MVC, Git, Grand Central Dispatch (GCD), Swift, Objective-C (for legacy code understanding), UIKit, SwiftUI, Combine, Core Data, Realm, Alamofire, Kingfisher, XCTest","Recipe Finder App using SwiftUI and Combine","Build a recipe discovery application where users can search for recipes based on ingredients or keywords. Utilize SwiftUI for the entire user interface and Combine for reactive programming to handle network requests and data flow.","https://github.com/ios-templates/swiftui-recipe-finder","Swift Programming Language (freeCodeCamp Certification)","freeCodeCamp","https://www.freecodecamp.org/learn/swift-programming-language/"
"iOS Developer","Swift, UIKit, SwiftUI, Xcode, Auto Layout, Core Data, RESTful APIs, MVVM/MVC, Git, Grand Central Dispatch (GCD), Swift, Objective-C (for legacy code understanding), UIKit, SwiftUI, Combine, Core Data, Realm, Alamofire, Kingfisher, XCTest","Location-Based Reminder App with MapKit","Develop an app that allows users to set reminders that trigger when they enter or exit specific geographical locations. Implement MapKit for map integration, Core Location for geofencing, and User Notifications for alerts.","https://github.com/ios-templates/location-reminder-app","Google Cloud Associate Cloud Engineer","Google Cloud","https://cloud.google.com/certification/cloud-engineer"
"iOS Developer","Swift, UIKit, SwiftUI, Xcode, Auto Layout, Core Data, RESTful APIs, MVVM/MVC, Git, Grand Central Dispatch (GCD), Swift, Objective-C (for legacy code understanding), UIKit, SwiftUI, Combine, Core Data, Realm, Alamofire, Kingfisher, XCTest","Social Media Clone with Firebase Backend","Create a simplified social media platform where users can post updates, upload photos, and follow others. Integrate Firebase Firestore for data storage, Firebase Authentication for users, and Firebase Storage for media management.","https://github.com/ios-templates/firebase-social-app","AWS Certified Cloud Practitioner","Amazon Web Services (AWS)","https://aws.amazon.com/certification/certified-cloud-practitioner/"
"iOS Developer","Swift, UIKit, SwiftUI, Xcode, Auto Layout, Core Data, RESTful APIs, MVVM/MVC, Git, Grand Central Dispatch (GCD), Swift, Objective-C (for legacy code understanding), UIKit, SwiftUI, Combine, Core Data, Realm, Alamofire, Kingfisher, XCTest","Photo Filter & Editor App with Core Image","Build an image editing application where users can pick photos from their library and apply various filters and adjustments (e.g., brightness, contrast) using Core Image framework. Implement a save-to-gallery feature.","https://github.com/ios-templates/photo-editor-coreimage","Professional Certificate in Mobile Application Development","Microsoft (via edX)","https://www.edx.org/professional-certificate/microsoft-mobile-app-development"
"Flutter Developer","Dart programming, Flutter framework, UI/UX design, State Management (Provider, BLoC, Riverpod), RESTful APIs, Firebase integration, Local storage (SQLite, Hive), Dart, Flutter, Provider, BLoC, Riverpod, GetX, http, dio, shared_preferences","E-commerce Mobile App","Develop a multi-vendor e-commerce application featuring user authentication, product listing, shopping cart functionality, payment gateway integration (dummy), and order management, using Firebase as the backend and a robust state management solution like Riverpod.","https://github.com/iampawan/Flutter-UI-Kit-with-Firebase","Google Associate Android Developer","Google","https://developers.google.com/training/certification/android-developer/"
"Flutter Developer","Dart programming, Flutter framework, UI/UX design, State Management (Provider, BLoC, Riverpod), RESTful APIs, Firebase integration, Local storage (SQLite, Hive), Dart, Flutter, Provider, BLoC, Riverpod, GetX, http, dio, shared_preferences","Social Media Feed App","Create a social media application with an infinite scrolling feed, user profiles, post creation (text and images), liking, commenting, and real-time updates using RESTful APIs and a suitable database like Firestore or Supabase.","https://github.com/iam-veeramalla/flutter-social-media-app","The Complete 2024 Flutter Development Bootcamp with Dart","Udemy (Angela Yu)","https://www.udemy.com/course/flutter-bootcamp-with-dart/"
"Flutter Developer","Dart programming, Flutter framework, UI/UX design, State Management (Provider, BLoC, Riverpod), RESTful APIs, Firebase integration, Local storage (SQLite, Hive), Dart, Flutter, Provider, BLoC, Riverpod, GetX, http, dio, shared_preferences","Dynamic Weather Forecast App","Build a weather application that fetches real-time weather data from a third-party API (e.g., OpenWeatherMap), displays forecasts, uses location services, and offers dynamic UI updates based on weather conditions and time of day.","https://github.com/londonappbrewery/Clima-Flutter","Flutter & Dart - The Complete Guide","Udemy (Academind)","https://www.udemy.com/course/learn-flutter-dart-to-build-ios-android-apps/"
"Flutter Developer","Dart programming, Flutter framework, UI/UX design, State Management (Provider, BLoC, Riverpod), RESTful APIs, Firebase integration, Local storage (SQLite, Hive), Dart, Flutter, Provider, BLoC, Riverpod, GetX, http, dio, shared_preferences","Productivity Task Manager","Implement a full-featured to-do list and task manager application. Features include CRUD operations, task categorization, reminders, notification scheduling, and local data persistence using Hive or SQLite for offline access.","https://github.com/RitikCoder001/TaskEase_Flutter_TodoApp","Google Cloud Certified - Associate Cloud Engineer","Google Cloud","https://cloud.google.com/certification/cloud-engineer"
"Flutter Developer","Dart programming, Flutter framework, UI/UX design, State Management (Provider, BLoC, Riverpod), RESTful APIs, Firebase integration, Local storage (SQLite, Hive), Dart, Flutter, Provider, BLoC, Riverpod, GetX, http, dio, shared_preferences","Personal Finance Expense Tracker","Develop an expense tracker app that allows users to log income and expenses, categorize transactions, visualize spending with charts (e.g., `fl_chart`), and set budgets. Utilize local storage for data and provide backup options.","https://github.com/aungpyaephyo123/flutter_personal_expense_tracker","AWS Certified Cloud Practitioner","AWS","https://aws.amazon.com/certification/certified-cloud-practitioner/"
"Flutter Developer","Dart programming, Flutter framework, UI/UX design, State Management (Provider, BLoC, Riverpod), RESTful APIs, Firebase integration, Local storage (SQLite, Hive), Dart, Flutter, Provider, BLoC, Riverpod, GetX, http, dio, shared_preferences","News Aggregator and Reader","Create a news aggregation application that pulls articles from multiple news APIs, categorizes them, offers search functionality, allows users to bookmark articles, and provides a customizable reading experience.","https://github.com/afzalali152/NewsApp_Flutter","Introduction to Mobile Development (Flutter)","Coursera (Google)","https://www.coursera.org/learn/introduction-to-mobile-development-flutter"
"React Native Developer","JavaScript/TypeScript, React Native framework, React concepts (components, hooks, context API), State Management (Redux, MobX, Zustand), RESTful APIs, Firebase/Supabase, Expo CLI, JavaScript, TypeScript, React Native, Redux, MobX, Zustand, React Navigation, Axios, Expo, Styled Components, Formik","E-commerce Mobile App with Cart & Auth","Build a robust e-commerce application using React Native, featuring user authentication, product browsing, a shopping cart, wish list functionality, and integration with a backend like Firebase or Supabase for data management.","https://github.com/react-native-templates/react-native-template-e-commerce","Microsoft Certified: Azure Developer Associate","Microsoft","https://learn.microsoft.com/en-us/certifications/azure-developer-associate/"
"React Native Developer","JavaScript/TypeScript, React Native framework, React concepts (components, hooks, context API), State Management (Redux, MobX, Zustand), RESTful APIs, Firebase/Supabase, Expo CLI, JavaScript, TypeScript, React Native, Redux, MobX, Zustand, React Navigation, Axios, Expo, Styled Components, Formik","Real-time Chat Application","Develop a real-time chat application with user authentication, instant messaging, image sharing, and push notifications. Utilize Firebase Firestore or a WebSocket-based backend for real-time data synchronization.","https://github.com/ReactNative-App-Templates/chat-app-react-native","Meta Front-End Developer Professional Certificate","Coursera (Meta)","https://www.coursera.org/professional-certificates/meta-front-end-developer"
"React Native Developer","JavaScript/TypeScript, React Native framework, React concepts (components, hooks, context API), State Management (Redux, MobX, Zustand), RESTful APIs, Firebase/Supabase, Expo CLI, JavaScript, TypeScript, React Native, Redux, MobX, Zustand, React Navigation, Axios, Expo, Styled Components, Formik","Ride-Sharing Service Clone","Create a simplified ride-sharing application clone featuring Google Maps integration for real-time location tracking, user authentication, driver/passenger interfaces, and basic trip request/acceptance flow.","https://github.com/akashpattnaik/Uber-Clone-React-Native","AWS Certified Developer - Associate","AWS","https://aws.amazon.com/certification/certified-developer-associate/"
"React Native Developer","JavaScript/TypeScript, React Native framework, React concepts (components, hooks, context API), State Management (Redux, MobX, Zustand), RESTful APIs, Firebase/Supabase, Expo CLI, JavaScript, TypeScript, React Native, Redux, MobX, Zustand, React Navigation, Axios, Expo, Styled Components, Formik","Recipe Discovery and Management App","Implement a recipe discovery application that fetches recipes from a public API (e.g., Spoonacular or TheMealDB). Include features like searching, filtering, displaying detailed recipe instructions, and saving favorite recipes locally.","https://github.com/dheeraj-madhukar/Recipe-App-Using-React-Native","The Complete React Native and Redux Course","Udemy (Stephen Grider)","https://www.udemy.com/course/the-complete-react-native-and-redux-course/"
"React Native Developer","JavaScript/TypeScript, React Native framework, React concepts (components, hooks, context API), State Management (Redux, MobX, Zustand), RESTful APIs, Firebase/Supabase, Expo CLI, JavaScript, TypeScript, React Native, Redux, MobX, Zustand, React Navigation, Axios, Expo, Styled Components, Formik","Personal Fitness Tracker","Design a fitness tracking application where users can log workouts, track exercise duration and calories burned, set fitness goals, and visualize progress over time using charts and graphs. Integrate with native health kits if possible.","https://github.com/ReactNative-App-Templates/fitness-app-react-native","React Native - The Practical Guide","Udemy (Academind)","https://www.udemy.com/course/react-native-the-practical-guide/"
"React Native Developer","JavaScript/TypeScript, React Native framework, React concepts (components, hooks, context API), State Management (Redux, MobX, Zustand), RESTful APIs, Firebase/Supabase, Expo CLI, JavaScript, TypeScript, React Native, Redux, MobX, Zustand, React Navigation, Axios, Expo, Styled Components, Formik","Movie/TV Show Browser and Watchlist","Develop an app to browse movies and TV shows from a public API like TMDB. Include features such as detailed views, trailers, search functionality, and a watchlist to save content for later viewing.","https://github.com/ReactNative-App-Templates/react-native-movie-app","Google Associate Android Developer","Google","https://developers.google.com/training/certification/android-developer/"
"Mobile App Developer","Java/Kotlin, Swift/Objective-C, Android SDK, iOS SDK, UI/UX design, RESTful APIs, Local storage (SQLite, Core Data, Realm), Push Notifications, App Store/Play Store deployment, Version Control, Kotlin, Swift, Java, Objective-C, Android Jetpack Compose, Android Architecture Components, Retrofit, Room, Coroutines (Android), SwiftUI, UIKit, Combine, Alamofire, Realm (iOS)","Native E-commerce App (Android/iOS)","Develop a native mobile e-commerce application demonstrating core features like user authentication, product catalog, shopping cart, and mock payment processing. Integrate with a backend (e.g., Firebase) and utilize local storage for offline capabilities.","https://github.com/iamkhadkeshubham/Ecommerce-App-Android-Native-Kotlin","Google Associate Android Developer","Google","https://developers.google.com/training/certification/android-developer/"
"Mobile App Developer","Java/Kotlin, Swift/Objective-C, Android SDK, iOS SDK, UI/UX design, RESTful APIs, Local storage (SQLite, Core Data, Realm), Push Notifications, App Store/Play Store deployment, Version Control, Kotlin, Swift, Java, Objective-C, Android Jetpack Compose, Android Architecture Components, Retrofit, Room, Coroutines (Android), SwiftUI, UIKit, Combine, Alamofire, Realm (iOS)","Location-Based Services & Navigation App (Android/iOS)","Create an application that leverages native location services (GPS), integrates with mapping APIs (Google Maps/MapKit), displays points of interest, and provides basic navigation or proximity alerts, demonstrating background location handling.","https://github.com/MindorksOpenSource/android-location-example","AWS Certified Developer - Associate","AWS","https://aws.amazon.com/certification/certified-developer-associate/"
"Mobile App Developer","Java/Kotlin, Swift/Objective-C, Android SDK, iOS SDK, UI/UX design, RESTful APIs, Local storage (SQLite, Core Data, Realm), Push Notifications, App Store/Play Store deployment, Version Control, Kotlin, Swift, Java, Objective-C, Android Jetpack Compose, Android Architecture Components, Retrofit, Room, Coroutines (Android), SwiftUI, UIKit, Combine, Alamofire, Realm (iOS)","Secure Notes & Journal App (Android/iOS)","Build a secure note-taking or journaling application featuring local data encryption, biometric authentication (fingerprint/Face ID), rich text editing capabilities, and optional cloud synchronization (e.g., Firebase, iCloud).","https://github.com/moezbhatti/Secure-Notes-App-Android","iOS & Swift - The Complete iOS App Development Bootcamp","Udemy (Angela Yu)","https://www.udemy.com/course/ios-13-swiftui-masterclass/"
"Mobile App Developer","Java/Kotlin, Swift/Objective-C, Android SDK, iOS SDK, UI/UX design, RESTful APIs, Local storage (SQLite, Core Data, Realm), Push Notifications, App Store/Play Store deployment, Version Control, Kotlin, Swift, Java, Objective-C, Android Jetpack Compose, Android Architecture Components, Retrofit, Room, Coroutines (Android), SwiftUI, UIKit, Combine, Alamofire, Realm (iOS)","Offline-First Music Player App (Android/iOS)","Develop a native music player application that supports local audio file playback, playlist management, and background playback. Implement an offline-first strategy allowing users to download and manage music for access without internet.","https://github.com/Ashok-Varma/Android-Music-Player-App","Microsoft Certified: Azure Developer Associate","Microsoft","https://learn.microsoft.com/en-us/certifications/azure-developer-associate/"
"Mobile App Developer","Java/Kotlin, Swift/Objective-C, Android SDK, iOS SDK, UI/UX design, RESTful APIs, Local storage (SQLite, Core Data, Realm), Push Notifications, App Store/Play Store deployment, Version Control, Kotlin, Swift, Java, Objective-C, Android Jetpack Compose, Android Architecture Components, Retrofit, Room, Coroutines (Android), SwiftUI, UIKit, Combine, Alamofire, Realm (iOS)","Augmented Reality (AR) Object Viewer (Android/iOS)","Create an augmented reality application using ARCore (Android) or ARKit (iOS) that allows users to place virtual 3D objects in their real-world environment and interact with them, showcasing basic AR capabilities.","https://github.com/google-ar/arcore-android-sdk/tree/master/samples/kotlin/hello_ar_kotlin","CompTIA Security+","CompTIA","https://www.comptia.org/certifications/security"
"Mobile App Developer","Java/Kotlin, Swift/Objective-C, Android SDK, iOS SDK, UI/UX design, RESTful APIs, Local storage (SQLite, Core Data, Realm), Push Notifications, App Store/Play Store deployment, Version Control, Kotlin, Swift, Java, Objective-C, Android Jetpack Compose, Android Architecture Components, Retrofit, Room, Coroutines (Android), SwiftUI, UIKit, Combine, Alamofire, Realm (iOS)","Smart Home Device Control App (Android/iOS)","Build a conceptual smart home control application that interacts with dummy IoT devices via a simulated API. Features could include real-time device status updates, sending commands to devices, and scheduling actions.","https://github.com/googlesamples/assistant-smarthome-android","Google Cloud Certified - Associate Cloud Engineer","Google Cloud","https://cloud.google.com/certification/cloud-engineer"
"Product Manager","Market Research, User Experience (UX), Product Vision & Strategy, Roadmap Development, Stakeholder Management, Data Analysis, User Story Creation, Pricing Strategy, N/A (basic SQL/Python for analytics understanding), N/A (focus on product methodologies)","SaaS Customer Feedback Portal","Develop a product vision and roadmap for a customer feedback portal, including user personas, wireframes (Figma), and a prioritized feature backlog in Jira. Focus on gathering, triaging, and acting on user input.","https://github.com/example/customer-feedback-portal","Certified Scrum Product Owner (CSPO)","Scrum Alliance","https://example.com/cspo"
"Product Manager","Market Research, User Experience (UX), Product Vision & Strategy, Roadmap Development, Stakeholder Management, Data Analysis, User Story Creation, Pricing Strategy, N/A (basic SQL/Python for analytics understanding), N/A (focus on product methodologies)","E-commerce Personalization Engine Strategy","Outline a strategy for implementing an AI-driven product recommendation engine for an e-commerce platform. This involves market research, defining key metrics, and creating user stories for personalized shopping experiences.","https://github.com/example/ecommerce-personalization-strategy","Product Management Certification","Pragmatic Institute","https://example.com/pragmatic-pmc"
"Product Manager","Market Research, User Experience (UX), Product Vision & Strategy, Roadmap Development, Stakeholder Management, Data Analysis, User Story Creation, Pricing Strategy, N/A (basic SQL/Python for analytics understanding), N/A (focus on product methodologies)","Mobile App Onboarding Flow Redesign","Conduct user research and A/B testing strategy for redesigning a mobile application's onboarding flow. Document current state analysis, proposed improvements, and success metrics for user activation.","https://github.com/example/mobile-onboarding-redesign","Google Product Management Certificate","Coursera / Google","https://example.com/google-pm-cert"
"Product Manager","Market Research, User Experience (UX), Product Vision & Strategy, Roadmap Development, Stakeholder Management, Data Analysis, User Story Creation, Pricing Strategy, N/A (basic SQL/Python for analytics understanding), N/A (focus on product methodologies)","Data Analytics Dashboard for Product Performance","Design a product performance dashboard (e.g., using Tableau mockups) tracking key metrics like daily active users, feature adoption, and churn rate. Define data sources and reporting requirements for stakeholders.","https://github.com/example/product-analytics-dashboard","AIPMM Certified Product Manager (CPM)","AIPMM","https://example.com/aipmm-cpm"
"Product Manager","Market Research, User Experience (UX), Product Vision & Strategy, Roadmap Development, Stakeholder Management, Data Analysis, User Story Creation, Pricing Strategy, N/A (basic SQL/Python for analytics understanding), N/A (focus on product methodologies)","Subscription Service Pricing Model Optimization","Analyze existing subscription service pricing models and propose an optimized strategy based on market research, competitor analysis, and customer segment value propositions. Include potential A/B testing plans.","https://github.com/example/subscription-pricing-optimization","Digital Product Management: Modern Fundamentals","University of Virginia (Coursera)","https://example.com/uva-digitalpm"
"Product Manager","Market Research, User Experience (UX), Product Vision & Strategy, Roadmap Development, Stakeholder Management, Data Analysis, User Story Creation, Pricing Strategy, N/A (basic SQL/Python for analytics understanding), N/A (focus on product methodologies)","Internal Tool for Employee Productivity","Develop a product proposal for an internal tool designed to improve employee productivity. This project involves internal stakeholder interviews, requirement gathering, and a phased rollout plan.","https://github.com/example/employee-productivity-tool","Product Analytics Certification","Product School","https://example.com/product-school-analytics"
"Technical Product Manager","API Design, System Architecture, Technical Feasibility, Data Modeling, Agile Development, Requirement Gathering, Stakeholder Management, Product Lifecycle Management, Software Development Life Cycle (SDLC), Python, Java, JavaScript, SQL (understanding, not necessarily daily coding), React, Node.js, Spring Boot, Django (conceptual understanding for technical discussions)","RESTful API Design for a Microservice","Design and document a RESTful API for a new microservice (e.g., user authentication or payment processing), including OpenAPI specification, error handling, security considerations, and mock implementations in Python/Node.js.","https://github.com/example/microservice-api-design","AWS Certified Solutions Architect – Associate","Amazon Web Services (AWS)","https://example.com/aws-sa-associate"
"Technical Product Manager","API Design, System Architecture, Technical Feasibility, Data Modeling, Agile Development, Requirement Gathering, Stakeholder Management, Product Lifecycle Management, Software Development Life Cycle (SDLC), Python, Java, JavaScript, SQL (understanding, not necessarily daily coding), React, Node.js, Spring Boot, Django (conceptual understanding for technical discussions)","Cloud Migration Strategy for a Legacy Application","Outline a technical strategy and phased roadmap for migrating a legacy monolithic application to a cloud-native architecture on AWS/Azure/GCP. This includes identifying services, cost analysis, and migration risks.","https://github.com/example/cloud-migration-strategy","Microsoft Certified: Azure Developer Associate","Microsoft","https://example.com/azure-dev-associate"
"Technical Product Manager","API Design, System Architecture, Technical Feasibility, Data Modeling, Agile Development, Requirement Gathering, Stakeholder Management, Product Lifecycle Management, Software Development Life Cycle (SDLC), Python, Java, JavaScript, SQL (understanding, not necessarily daily coding), React, Node.js, Spring Boot, Django (conceptual understanding for technical discussions)","Data Pipeline Architecture for Real-time Analytics","Design a scalable data pipeline architecture (e.g., Kafka, Spark, Flink) to collect, process, and store real-time event data for product analytics. Detail data models, processing logic, and potential visualization tools.","https://github.com/example/realtime-analytics-pipeline","Professional Scrum Product Owner I (PSPO I)","Scrum.org","https://example.com/pspo1"
"Technical Product Manager","API Design, System Architecture, Technical Feasibility, Data Modeling, Agile Development, Requirement Gathering, Stakeholder Management, Product Lifecycle Management, Software Development Life Cycle (SDLC), Python, Java, JavaScript, SQL (understanding, not necessarily daily coding), React, Node.js, Spring Boot, Django (conceptual understanding for technical discussions)","CI/CD Pipeline Implementation for a Web App","Define and document a CI/CD pipeline using tools like Jenkins/GitHub Actions/GitLab CI for a web application. Focus on automated testing, deployment strategies (e.g., blue-green), and rollback mechanisms.","https://github.com/example/ci-cd-web-app","Google Cloud Professional Cloud Architect","Google Cloud Platform (GCP)","https://example.com/gcp-cloud-architect"
"Technical Product Manager","API Design, System Architecture, Technical Feasibility, Data Modeling, Agile Development, Requirement Gathering, Stakeholder Management, Product Lifecycle Management, Software Development Life Cycle (SDLC), Python, Java, JavaScript, SQL (understanding, not necessarily daily coding), React, Node.js, Spring Boot, Django (conceptual understanding for technical discussions)","Technical Debt Prioritization and Refactoring Plan","Analyze a hypothetical codebase to identify areas of technical debt. Create a prioritized backlog of refactoring tasks, estimate effort, and propose a strategic plan for addressing critical technical debt items.","https://github.com/example/tech-debt-refactoring-plan","Certified API Product Manager","API Academy / Nordic APIs","https://example.com/api-product-manager"
"Technical Product Manager","API Design, System Architecture, Technical Feasibility, Data Modeling, Agile Development, Requirement Gathering, Stakeholder Management, Product Lifecycle Management, Software Development Life Cycle (SDLC), Python, Java, JavaScript, SQL (understanding, not necessarily daily coding), React, Node.js, Spring Boot, Django (conceptual understanding for technical discussions)","Third-Party Integration Strategy and API Wrapper","Develop a strategy for integrating a third-party service (e.g., payment gateway, CRM). Design an API wrapper and define a robust integration pattern, including error handling, rate limiting, and data mapping.","https://github.com/example/third-party-integration","Certified Technical Product Manager","Product School","https://example.com/product-school-technical-pm"
"Project Manager (Tech)","Project Planning, Risk Management, Budget Management, Scope Management, Stakeholder Communication, Agile Methodologies, Resource Allocation, Change Management, Quality Assurance, Project Tracking, N/A (understanding of technical concepts is key), N/A (focus on methodologies and tools)","Agile Software Development Project Plan","Create a comprehensive project plan for an agile software development initiative (e.g., building a new mobile banking feature). Include sprint planning, backlog management (Jira), burndown charts, and stakeholder communication strategy.","https://github.com/example/agile-software-plan","Project Management Professional (PMP)","Project Management Institute (PMI)","https://example.com/pmp"
"Project Manager (Tech)","Project Planning, Risk Management, Budget Management, Scope Management, Stakeholder Communication, Agile Methodologies, Resource Allocation, Change Management, Quality Assurance, Project Tracking, N/A (understanding of technical concepts is key), N/A (focus on methodologies and tools)","IT Infrastructure Upgrade Project","Outline a project plan for an IT infrastructure upgrade, including scope definition, resource allocation, risk assessment, vendor management, and a detailed rollout schedule using Microsoft Project or equivalent.","https://github.com/example/it-infrastructure-upgrade","Certified ScrumMaster (CSM)","Scrum Alliance","https://example.com/csm"
"Project Manager (Tech)","Project Planning, Risk Management, Budget Management, Scope Management, Stakeholder Communication, Agile Methodologies, Resource Allocation, Change Management, Quality Assurance, Project Tracking, N/A (understanding of technical concepts is key), N/A (focus on methodologies and tools)","New Product Launch Project Management","Develop a cross-functional project plan for launching a new tech product. This involves coordinating development, marketing, sales, and support teams, with emphasis on dependency management and critical path analysis.","https://github.com/example/new-product-launch-pm","PRINCE2 Foundation and Practitioner","AXELOS Global Best Practice","https://example.com/prince2"
"Project Manager (Tech)","Project Planning, Risk Management, Budget Management, Scope Management, Stakeholder Communication, Agile Methodologies, Resource Allocation, Change Management, Quality Assurance, Project Tracking, N/A (understanding of technical concepts is key), N/A (focus on methodologies and tools)","Cloud Migration Project Charter and Execution","Prepare a project charter for migrating on-premise applications to a cloud environment (AWS/Azure/GCP). Detail objectives, deliverables, budget, timelines, and a high-level execution strategy with mitigation plans for technical risks.","https://github.com/example/cloud-migration-project","CompTIA Project+","CompTIA","https://example.com/comptia-project-plus"
"Project Manager (Tech)","Project Planning, Risk Management, Budget Management, Scope Management, Stakeholder Communication, Agile Methodologies, Resource Allocation, Change Management, Quality Assurance, Project Tracking, N/A (understanding of technical concepts is key), N/A (focus on methodologies and tools)","Cybersecurity Implementation Project","Plan the implementation of a new cybersecurity solution (e.g., SIEM system, MFA rollout). Define phases, security requirements, compliance checks, user training, and a post-implementation review process.","https://github.com/example/cybersecurity-implementation","PMI Agile Certified Practitioner (PMI-ACP)","Project Management Institute (PMI)","https://example.com/pmi-acp"
"Project Manager (Tech)","Project Planning, Risk Management, Budget Management, Scope Management, Stakeholder Communication, Agile Methodologies, Resource Allocation, Change Management, Quality Assurance, Project Tracking, N/A (understanding of technical concepts is key), N/A (focus on methodologies and tools)","Data Warehouse Development Project","Manage the project lifecycle for developing a new enterprise data warehouse. This includes requirement gathering from business units, data modeling, ETL process definition, and testing/deployment strategies.","https://github.com/example/data-warehouse-project","Google Project Management: Professional Certificate","Coursera / Google","https://example.com/google-pm-prof-cert"
"Program Manager","Strategic Planning, Risk Management, Stakeholder Engagement, Budget Oversight, Agile Methodologies, Resource Allocation, PMBOK, PRINCE2, SAFe, Scrum, Kanban","Program Portfolio Dashboard with Power BI","Developed an interactive dashboard using Power BI to visualize the status, budget, risks, and resource allocation across multiple projects within a program, enabling executive oversight.","https://github.com/microsoft/PowerBI-Models","Project Management Professional (PMP)","Project Management Institute (PMI)","https://www.pmi.org/certifications/project-management-pmp"
"Program Manager","Strategic Planning, Risk Management, Stakeholder Engagement, Budget Oversight, Agile Methodologies, Resource Allocation, PMBOK, PRINCE2, SAFe, Scrum, Kanban","Agile Transformation Roadmap & Tracker","Designed a comprehensive Agile transformation roadmap for a business unit, utilizing Jira for backlog management, sprint planning, and progress tracking across multiple scrum teams.","https://github.com/atlassian/atlassian-docs","Certified ScrumMaster (CSM)","Scrum Alliance","https://www.scrumalliance.org/get-certified/scrum-master-path/csm"
"Program Manager","Strategic Planning, Risk Management, Stakeholder Engagement, Budget Oversight, Agile Methodologies, Resource Allocation, PMBOK, PRINCE2, SAFe, Scrum, Kanban","Enterprise Risk Management Framework Implementation","Implemented a standardized enterprise risk management framework using Confluence for documentation and a custom spreadsheet-based tracking system for mitigation actions and reporting.","https://github.com/github/docs","SAFe Agilist (SA)","Scaled Agile, Inc.","https://www.scaledagileframework.com/safe-agilist/"
"Program Manager","Strategic Planning, Risk Management, Stakeholder Engagement, Budget Oversight, Agile Methodologies, Resource Allocation, PMBOK, PRINCE2, SAFe, Scrum, Kanban","Stakeholder Communication & Engagement Plan","Created a detailed stakeholder communication and engagement plan for a large-scale product launch program, including communication matrix, cadence, and feedback loop mechanisms.","https://github.com/squidfunk/mkdocs-material","PRINCE2 Foundation & Practitioner","AXELOS","https://www.axelos.com/certifications/prince2"
"Program Manager","Strategic Planning, Risk Management, Stakeholder Engagement, Budget Oversight, Agile Methodologies, Resource Allocation, PMBOK, PRINCE2, SAFe, Scrum, Kanban","Budget Forecasting & Variance Analysis Tool","Developed an Excel/Google Sheets-based tool for program budget forecasting, actual expense tracking, and monthly variance analysis, identifying potential overruns and opportunities.","https://github.com/quantopian/quantopian-research","Program Management Professional (PgMP)","Project Management Institute (PMI)","https://www.pmi.org/certifications/program-management-pgmp"
"Program Manager","Strategic Planning, Risk Management, Stakeholder Engagement, Budget Oversight, Agile Methodologies, Resource Allocation, PMBOK, PRINCE2, SAFe, Scrum, Kanban","Cross-functional Program Management Office (PMO) Playbook","Authored a PMO playbook outlining standard operating procedures, governance models, and best practices for managing complex interdependencies across various projects in a program.","https://github.com/github/handbook","CompTIA Project+","CompTIA","https://www.comptia.org/certifications/project"
"Digital Marketing Analyst","Web Analytics, SEO/SEM Performance, Data Visualization, A/B Testing, Campaign Analysis, Marketing Data Reporting, SQL, Python, Google Analytics 4 (GA4), Google Tag Manager (GTM), Google Ads API, Facebook Graph API","E-commerce Website Performance Dashboard (GA4 & Looker Studio)","Developed an interactive dashboard in Looker Studio integrating GA4 data to monitor key e-commerce metrics like conversion rate, revenue, user behavior, and traffic sources.","https://github.com/looker/looker-dashboards","Google Analytics Individual Qualification (GAIQ)","Google","https://skillshop.withgoogle.com/certification-portal/google-analytics"
"Digital Marketing Analyst","Web Analytics, SEO/SEM Performance, Data Visualization, A/B Testing, Campaign Analysis, Marketing Data Reporting, SQL, Python, Google Analytics 4 (GA4), Google Tag Manager (GTM), Google Ads API, Facebook Graph API","SEO Keyword Gap Analysis Tool (Python & Google Search Console API)","Built a Python script that leverages the Google Search Console API and a competitor analysis database to identify keyword gaps and content opportunities for a target website.","https://github.com/google/python-samples/tree/main/search-console","Google Ads Search Certification","Google","https://skillshop.withgoogle.com/certification-portal/google-ads"
"Digital Marketing Analyst","Web Analytics, SEO/SEM Performance, Data Visualization, A/B Testing, Campaign Analysis, Marketing Data Reporting, SQL, Python, Google Analytics 4 (GA4), Google Tag Manager (GTM), Google Ads API, Facebook Graph API","A/B Test Analysis for Landing Page Conversion (Python Pandas/SciPy)","Performed statistical analysis on A/B test data from a landing page, using Python (Pandas, SciPy) to determine statistical significance and recommend the winning variant.","https://github.com/jakevdp/PythonDataScienceHandbook","Meta Certified Digital Marketing Associate","Meta","https://www.facebook.com/business/learn/certifications/marketing-associate-certification"
"Digital Marketing Analyst","Web Analytics, SEO/SEM Performance, Data Visualization, A/B Testing, Campaign Analysis, Marketing Data Reporting, SQL, Python, Google Analytics 4 (GA4), Google Tag Manager (GTM), Google Ads API, Facebook Graph API","Paid Media Campaign Budget Optimizer (Google Sheets & Google Ads Data)","Created an automated Google Sheet using Google Ads data imports to track campaign performance against budget, calculate ROI, and suggest budget reallocation across different campaigns.","https://github.com/googleads/googleads-scripts-examples","HubSpot Content Marketing Certification","HubSpot Academy","https://academy.hubspot.com/certificates/content-marketing"
"Digital Marketing Analyst","Web Analytics, SEO/SEM Performance, Data Visualization, A/B Testing, Campaign Analysis, Marketing Data Reporting, SQL, Python, Google Analytics 4 (GA4), Google Tag Manager (GTM), Google Ads API, Facebook Graph API","Customer Segmentation for Email Marketing (SQL & CRM Data)","Used SQL queries to segment a customer database based on purchase history, engagement, and demographics, creating target audiences for personalized email marketing campaigns.","https://github.com/sartak/SQL-practice-problems","Microsoft Certified: Power BI Data Analyst Associate","Microsoft","https://learn.microsoft.com/en-us/certifications/power-bi-data-analyst-associate/"
"Digital Marketing Analyst","Web Analytics, SEO/SEM Performance, Data Visualization, A/B Testing, Campaign Analysis, Marketing Data Reporting, SQL, Python, Google Analytics 4 (GA4), Google Tag Manager (GTM), Google Ads API, Facebook Graph API","Social Media Engagement Report (Meta Business Suite Data & Tableau)","Generated a comprehensive report in Tableau visualizing engagement metrics, audience demographics, and content performance across various social media platforms using data extracted from Meta Business Suite.","https://github.com/tableau/starter-kits","Tableau Desktop Specialist","Tableau","https://www.tableau.com/learn/certification/desktop-specialist"
"Growth Analyst","Product Analytics, A/B Testing, SQL, Python for Data Analysis, Funnel Analysis, User Segmentation, SQL, Python, Pandas, NumPy, Scikit-learn, Matplotlib, Seaborn","User Onboarding Funnel Analysis (SQL & Looker Studio)","Created a detailed onboarding funnel analysis for a SaaS product using SQL to extract user event data and visualized drop-off points in Looker Studio to identify areas for improvement.","https://github.com/dbt-labs/dbt-core","Google Data Analytics Professional Certificate","Google (Coursera)","https://www.coursera.org/professional-certificates/google-data-analytics"
"Growth Analyst","Product Analytics, A/B Testing, SQL, Python for Data Analysis, Funnel Analysis, User Segmentation, SQL, Python, Pandas, NumPy, Scikit-learn, Matplotlib, Seaborn","A/B Test Results Analyzer with Statistical Significance (Python/Jupyter Notebook)","Developed a Python-based Jupyter Notebook to automatically analyze A/B test results, calculate statistical significance (p-value), and interpret confidence intervals for key metrics.","https://github.com/jupyter/jupyterlab-samples","IBM Data Analyst Professional Certificate","IBM (Coursera)","https://www.coursera.org/professional-certificates/ibm-data-analyst"
"Growth Analyst","Product Analytics, A/B Testing, SQL, Python for Data Analysis, Funnel Analysis, User Segmentation, SQL, Python, Pandas, NumPy, Scikit-learn, Matplotlib, Seaborn","Customer Churn Prediction Model (Python Scikit-learn & SQL)","Built a predictive model using Python's Scikit-learn library to forecast potential customer churn based on historical user behavior data extracted via SQL queries from a data warehouse.","https://github.com/ageron/handson-ml2","AWS Certified Data Analytics - Specialty","Amazon Web Services (AWS)","https://aws.amazon.com/certification/certified-data-analytics-specialty/"
"Growth Analyst","Product Analytics, A/B Testing, SQL, Python for Data Analysis, Funnel Analysis, User Segmentation, SQL, Python, Pandas, NumPy, Scikit-learn, Matplotlib, Seaborn","Cohort Analysis for User Retention (SQL, Pandas & Matplotlib)","Performed a cohort analysis on a user base to understand long-term retention trends, using SQL for data extraction and Python (Pandas, Matplotlib) for visualization and trend identification.","https://github.com/Python-for-Data-Science-and-Machine-Learning/Python-for-Data-Science-and-Machine-Learning-Bootcamp","Microsoft Certified: Azure Data Scientist Associate","Microsoft","https://learn.microsoft.com/en-us/certifications/azure-data-scientist/"
"Growth Analyst","Product Analytics, A/B Testing, SQL, Python for Data Analysis, Funnel Analysis, User Segmentation, SQL, Python, Pandas, NumPy, Scikit-learn, Matplotlib, Seaborn","Feature Adoption Rate Dashboard (Mixpanel & Tableau)","Designed an interactive Tableau dashboard showcasing the adoption rates and engagement metrics for new product features, leveraging event data from Mixpanel.","https://github.com/mixpanel/mixpanel-api-python","Looker Business Analyst","Google Cloud (Looker)","https://cloud.google.com/certification/looker-business-analyst"
"Growth Analyst","Product Analytics, A/B Testing, SQL, Python for Data Analysis, Funnel Analysis, User Segmentation, SQL, Python, Pandas, NumPy, Scikit-learn, Matplotlib, Seaborn","Experimentation Design & Readout for a New Product Feature (Documentation & Mockup Analysis)","Documented the full lifecycle of an A/B experiment for a new feature, including hypothesis, experimental design, metric definition, and a mock readout of expected results and recommendations.","https://github.com/github/docs","The Certified Analytics Professional (CAP)","INFORMS","https://www.certifiedanalytics.org/"
"Marketing Data Analyst","Data analysis, Statistical analysis, A/B testing, Data visualization, SQL, Excel, Web analytics, Marketing automation platforms, Python, R, SQL, Pandas, NumPy, Matplotlib, Seaborn, Scikit-learn (basic)","E-commerce Sales Performance and Customer Segmentation","Analyze a transactional e-commerce dataset using SQL and Python (Pandas) to identify top-selling products, regional sales trends, and segment customers based on purchasing behavior (e.g., RFM analysis). Visualize key findings using Matplotlib/Seaborn.","https://github.com/krishnaik06/e-commerce-sales-analysis-python","Google Analytics Certification","Google","https://skillshop.withgoogle.com/course/google-analytics-individual-qualification"
"Marketing Data Analyst","Data analysis, Statistical analysis, A/B testing, Data visualization, SQL, Excel, Web analytics, Marketing automation platforms, Python, R, SQL, Pandas, NumPy, Matplotlib, Seaborn, Scikit-learn (basic)","Customer Churn Prediction Model","Develop a machine learning model using Python (Scikit-learn) to predict customer churn based on historical interaction data (e.g., website visits, purchase frequency, support tickets). Evaluate model performance and identify key churn drivers.","https://github.com/krishnaik06/Customer-Churn-Prediction","Google Ads Search Certification","Google","https://skillshop.withgoogle.com/certification/google-ads-search"
"Marketing Data Analyst","Data analysis, Statistical analysis, A/B testing, Data visualization, SQL, Excel, Web analytics, Marketing automation platforms, Python, R, SQL, Pandas, NumPy, Matplotlib, Seaborn, Scikit-learn (basic)","Website Traffic and User Behavior Dashboard","Create an interactive dashboard using Google Analytics data (exported or API-driven) and Power BI/Tableau to visualize website traffic sources, user engagement metrics (bounce rate, pages per session), and conversion funnels. Focus on actionable insights.","https://github.com/google/data-studio-samples/tree/master/web-analytics","Meta Marketing Science Professional Certificate","Meta / Coursera","https://www.coursera.org/professional-certificates/meta-marketing-science"
"Marketing Data Analyst","Data analysis, Statistical analysis, A/B testing, Data visualization, SQL, Excel, Web analytics, Marketing automation platforms, Python, R, SQL, Pandas, NumPy, Matplotlib, Seaborn, Scikit-learn (basic)","A/B Test Analysis for Landing Page Optimization","Design and statistically analyze the results of a hypothetical A/B test comparing two landing page variations for a marketing campaign. Determine if observed differences in conversion rates are statistically significant using Python or R.","https://github.com/udacity/a-b-testing-project","Microsoft Certified: Power BI Data Analyst Associate","Microsoft","https://learn.microsoft.com/en-us/credentials/certifications/power-bi-data-analyst-associate/"
"Marketing Data Analyst","Data analysis, Statistical analysis, A/B testing, Data visualization, SQL, Excel, Web analytics, Marketing automation platforms, Python, R, SQL, Pandas, NumPy, Matplotlib, Seaborn, Scikit-learn (basic)","Social Media Sentiment Analysis for Brand Monitoring","Collect social media mentions (e.g., via Twitter API or scraped data) for a specific brand or product. Perform sentiment analysis using Python (NLTK/TextBlob) to gauge public perception and visualize sentiment trends over time.","https://github.com/krishnaik06/Twitter-Sentiment-Analysis","Tableau Desktop Specialist","Tableau","https://www.tableau.com/learn/certification/desktop-specialist"
"Marketing Data Analyst","Data analysis, Statistical analysis, A/B testing, Data visualization, SQL, Excel, Web analytics, Marketing automation platforms, Python, R, SQL, Pandas, NumPy, Matplotlib, Seaborn, Scikit-learn (basic)","Ad Campaign Performance Optimization Report","Analyze performance data from a Google Ads or Facebook Ads campaign using SQL and Excel. Identify underperforming keywords, ad creatives, or audience segments and provide data-driven recommendations for budget reallocation and optimization strategies.","https://github.com/marketing-data-analytics/ad-campaign-analyzer","IBM Data Analyst Professional Certificate","IBM / Coursera","https://www.coursera.org/professional-certificates/ibm-data-analyst"
"SEO Specialist","Keyword research, On-page SEO, Technical SEO, Off-page SEO (Link building), Content marketing, Competitive analysis, Web analytics, Reporting, Basic HTML/CSS, Python (for scripting/automation), N/A (Tool-centric)","Comprehensive SEO Audit for a Sample E-commerce Site","Perform a full technical, on-page, and off-page SEO audit for a provided e-commerce website using tools like Screaming Frog, Google Search Console, and SEMrush. Identify critical issues (e.g., broken links, crawl errors, duplicate content) and propose prioritized solutions.","https://github.com/seo-auditor/website-audit-template","Google Analytics Certification","Google","https://skillshop.withgoogle.com/course/google-analytics-individual-qualification"
"SEO Specialist","Keyword research, On-page SEO, Technical SEO, Off-page SEO (Link building), Content marketing, Competitive analysis, Web analytics, Reporting, Basic HTML/CSS, Python (for scripting/automation), N/A (Tool-centric)","Keyword Research and Content Strategy for a Niche Blog","Develop an in-depth keyword research report for a specific niche, identifying high-volume, low-competition keywords. Outline a content calendar with topic clusters and content briefs optimized for target keywords, including search intent analysis.","https://github.com/keywords-research/content-strategy-template","Google Search Console Training","Google","https://search.google.com/search-console/about"
"SEO Specialist","Keyword research, On-page SEO, Technical SEO, Off-page SEO (Link building), Content marketing, Competitive analysis, Web analytics, Reporting, Basic HTML/CSS, Python (for scripting/automation), N/A (Tool-centric)","Local SEO Optimization for a Small Business","Formulate and implement a local SEO strategy for a hypothetical small business (e.g., a local restaurant or service provider). This includes optimizing Google My Business profiles, building local citations, and developing a review management strategy.","https://github.com/local-seo/gmb-optimization-template","SEMrush SEO Toolkit Certification","SEMrush Academy","https://semrush.com/academy/courses/seo-toolkit-course"
"SEO Specialist","Keyword research, On-page SEO, Technical SEO, Off-page SEO (Link building), Content marketing, Competitive analysis, Web analytics, Reporting, Basic HTML/CSS, Python (for scripting/automation), N/A (Tool-centric)","Technical SEO Implementation and Site Speed Optimization","Optimize a WordPress (or similar CMS) website for technical SEO factors such as site speed (using GTmetrix, PageSpeed Insights), mobile-friendliness, creation of XML sitemaps, robots.txt management, and structured data implementation (e.g., schema markup).","https://github.com/technical-seo/wordpress-speed-optimization","HubSpot SEO Certification","HubSpot Academy","https://academy.hubspot.com/courses/seo-training"
"SEO Specialist","Keyword research, On-page SEO, Technical SEO, Off-page SEO (Link building), Content marketing, Competitive analysis, Web analytics, Reporting, Basic HTML/CSS, Python (for scripting/automation), N/A (Tool-centric)","Competitor Backlink Analysis and Link Building Strategy","Analyze the backlink profiles of 3-5 competitors using Ahrefs or SEMrush. Identify key link opportunities, assess link quality, and propose a data-driven link building outreach strategy for a client or target website.","https://github.com/link-building/competitor-backlink-analyzer","Moz SEO Essentials Certificate","Moz Academy","https://moz.com/academy/courses/seo-essentials"
"SEO Specialist","Keyword research, On-page SEO, Technical SEO, Off-page SEO (Link building), Content marketing, Competitive analysis, Web analytics, Reporting, Basic HTML/CSS, Python (for scripting/automation), N/A (Tool-centric)","Automated SEO Performance Dashboard in Google Data Studio","Build an interactive and automated SEO performance dashboard using Google Data Studio (Looker Studio) that integrates data from Google Analytics and Google Search Console. Visualize organic traffic trends, keyword rankings, top-performing pages, and conversions.","https://github.com/google/data-studio-templates/tree/master/seo-performance","Google's Advanced Search Engine Optimization (Coursera)","University of California, Davis / Coursera","https://www.coursera.org/learn/advanced-seo-strategies"
"Software Engineer","Data structures, Algorithms, Object-Oriented Programming (OOP), System design, Version control (Git), Testing (Unit, Integration), Debugging, API design (RESTful), Database management, Python, Java, JavaScript, Go, C++, Django/Flask (Python), Spring Boot (Java), Node.js/Express.js (JavaScript), React/Angular/Vue (for full-stack context)","RESTful API for a Task Management System","Develop a backend RESTful API using Python (Flask/Django REST Framework) with user authentication, CRUD operations for tasks, and a PostgreSQL database. Implement proper error handling, data validation, and API documentation.","https://github.com/miguelgrinberg/microblog","AWS Certified Developer - Associate","AWS","https://aws.amazon.com/certification/certified-developer-associate/"
"Software Engineer","Data structures, Algorithms, Object-Oriented Programming (OOP), System design, Version control (Git), Testing (Unit, Integration), Debugging, API design (RESTful), Database management, Python, Java, JavaScript, Go, C++, Django/Flask (Python), Spring Boot (Java), Node.js/Express.js (JavaScript), React/Angular/Vue (for full-stack context)","E-commerce Product Catalog Microservice (Java)","Build a dedicated microservice in Java using Spring Boot to manage product data, including inventory, pricing, and search functionality. Utilize a NoSQL database like MongoDB for flexible schema and containerize with Docker.","https://github.com/spring-projects/spring-boot-samples/tree/main/spring-boot-sample-web-thymeleaf","Microsoft Certified: Azure Developer Associate","Microsoft","https://learn.microsoft.com/en-us/credentials/certifications/azure-developer-associate/"
"Software Engineer","Data structures, Algorithms, Object-Oriented Programming (OOP), System design, Version control (Git), Testing (Unit, Integration), Debugging, API design (RESTful), Database management, Python, Java, JavaScript, Go, C++, Django/Flask (Python), Spring Boot (Java), Node.js/Express.js (JavaScript), React/Angular/Vue (for full-stack context)","Real-time Chat Application with WebSockets (Node.js)","Implement a real-time chat application using Node.js and Express.js with WebSockets (Socket.IO). Features include multiple chat rooms, user presence, message persistence, and a simple frontend for interaction.","https://github.com/socketio/chat-example","Google Associate Cloud Engineer","Google Cloud","https://cloud.google.com/learn/certification/cloud-engineer"
"Software Engineer","Data structures, Algorithms, Object-Oriented Programming (OOP), System design, Version control (Git), Testing (Unit, Integration), Debugging, API design (RESTful), Database management, Python, Java, JavaScript, Go, C++, Django/Flask (Python), Spring Boot (Java), Node.js/Express.js (JavaScript), React/Angular/Vue (for full-stack context)","High-Performance URL Shortener Service (Go)","Design and implement a URL shortening service using Go, focusing on performance and scalability. Include features like custom short links, click tracking, and utilize a Redis cache for frequently accessed URLs and a PostgreSQL database for persistence.","https://github.com/antranapp/url-shortener","Certified Kubernetes Application Developer (CKAD)","CNCF / Linux Foundation","https://training.linuxfoundation.org/certification/certified-kubernetes-application-developer-ckad/"
"Software Engineer","Data structures, Algorithms, Object-Oriented Programming (OOP), System design, Version control (Git), Testing (Unit, Integration), Debugging, API design (RESTful), Database management, Python, Java, JavaScript, Go, C++, Django/Flask (Python), Spring Boot (Java), Node.js/Express.js (JavaScript), React/Angular/Vue (for full-stack context)","Containerized Blog Platform with CI/CD Pipeline","Create a full-stack blog application (e.g., Python/Django or Node.js/React) containerized using Docker. Implement a CI/CD pipeline with GitHub Actions to automate testing and deployment to a cloud platform like AWS EC2 or Google Cloud Run.","https://github.com/docker/awesome-compose/tree/master/react-flask-nginx","freeCodeCamp Backend Development and APIs Certification","freeCodeCamp","https://www.freecodecamp.org/learn/back-end-development-and-apis/"
"Software Engineer","Data structures, Algorithms, Object-Oriented Programming (OOP), System design, Version control (Git), Testing (Unit, Integration), Debugging, API design (RESTful), Database management, Python, Java, JavaScript, Go, C++, Django/Flask (Python), Spring Boot (Java), Node.js/Express.js (JavaScript), React/Angular/Vue (for full-stack context)","Miniature Distributed File Storage System (Python)","Build a simplified version of a distributed file storage system using Python, demonstrating core concepts like file chunking, data replication across multiple nodes, and a basic client-server architecture for file upload/download operations.","https://github.com/tonyhe/distributed-file-system-py","CompTIA Security+","CompTIA","https://www.comptia.org/certifications/security"
"Software Developer","Data Structures & Algorithms, Object-Oriented Programming, API Design, Database Management, Version Control, Software Testing, Python, JavaScript, Java, C#, Go, React, Node.js/Express, Spring Boot, Django/Flask, .NET Core","MERN Stack E-commerce Platform","Develop a full-stack e-commerce application using MongoDB, Express.js, React, and Node.js. Features include user authentication, product listings, shopping cart, order management, and payment gateway integration.","https://github.com/bradtraversy/proshop_mern","AWS Certified Developer - Associate","Amazon Web Services (AWS)","https://aws.amazon.com/certification/certified-developer-associate/"
"Software Developer","Data Structures & Algorithms, Object-Oriented Programming, API Design, Database Management, Version Control, Software Testing, Python, JavaScript, Java, C#, Go, React, Node.js/Express, Spring Boot, Django/Flask, .NET Core","Spring Boot Microservices for a Blog API","Implement a blog platform backend using Spring Boot, broken down into microservices for user management, post management, and comments. Utilize a relational database like PostgreSQL and communicate via RESTful APIs.","https://github.com/eazybytes/microservices","Microsoft Certified: Azure Developer Associate","Microsoft","https://learn.microsoft.com/en-us/certifications/azure-developer-associate/"
"Software Developer","Data Structures & Algorithms, Object-Oriented Programming, API Design, Database Management, Version Control, Software Testing, Python, JavaScript, Java, C#, Go, React, Node.js/Express, Spring Boot, Django/Flask, .NET Core","Django Blog with Admin Panel","Create a robust blog application with Django, featuring user authentication, post creation/editing, comments, and an administrative interface for content moderation. Integrate with a SQLite or PostgreSQL database.","https://github.com/CoreyMSchafer/code_snippets/tree/master/Django_Blog","Google Cloud Certified - Associate Cloud Engineer","Google Cloud","https://cloud.google.com/certification/cloud-engineer"
"Software Developer","Data Structures & Algorithms, Object-Oriented Programming, API Design, Database Management, Version Control, Software Testing, Python, JavaScript, Java, C#, Go, React, Node.js/Express, Spring Boot, Django/Flask, .NET Core","Serverless API for Data Analytics","Build a serverless backend API using AWS Lambda, API Gateway, and DynamoDB to process and store data. Implement endpoints for data ingestion, retrieval, and basic aggregation, demonstrating event-driven architecture.","https://github.com/awslabs/serverless-application-model/tree/main/samples/python/api-backend","Oracle Certified Professional, Java SE 11 Developer (1Z0-819)","Oracle","https://education.oracle.com/java-se-programmer-ii-1z0-819/pexam_1Z0-819"
"Software Developer","Data Structures & Algorithms, Object-Oriented Programming, API Design, Database Management, Version Control, Software Testing, Python, JavaScript, Java, C#, Go, React, Node.js/Express, Spring Boot, Django/Flask, .NET Core","Cross-Platform Desktop Application (Electron)","Develop a desktop application (e.g., a markdown editor or task manager) using Electron and React. Focus on desktop-specific features, local storage, and ensuring cross-platform compatibility.","https://github.com/electron-react-boilerplate/electron-react-boilerplate","freeCodeCamp Full Stack Development Certification","freeCodeCamp","https://www.freecodecamp.org/learn/full-stack-web-development/"
"Software Developer","Data Structures & Algorithms, Object-Oriented Programming, API Design, Database Management, Version Control, Software Testing, Python, JavaScript, Java, C#, Go, React, Node.js/Express, Spring Boot, Django/Flask, .NET Core","Real-time Chat Application with Socket.io","Create a real-time chat application using Node.js and Socket.io for instant messaging. Implement features like user joining/leaving rooms, message broadcasting, and displaying active users.","https://github.com/bradtraversy/chatcord","Certified Kubernetes Application Developer (CKAD)","Cloud Native Computing Foundation (CNCF)","https://www.cncf.io/certification/ckad/"
"Systems Engineer","Linux/Unix Administration, Networking Fundamentals, Scripting (Python, Bash), Virtualization, Cloud Platforms, Infrastructure as Code (IaC), Automation, Python, Bash, PowerShell, Ansible, Terraform, Kubernetes, Docker Compose","Automated AWS Infrastructure Deployment with Terraform","Design and deploy a complete web application infrastructure on AWS using Terraform. This includes VPC, subnets, EC2 instances, security groups, load balancers, and a managed database (RDS).","https://github.com/hashicorp/terraform-guides/tree/master/infrastructure-as-code/terraform-getting-started","AWS Certified SysOps Administrator - Associate","Amazon Web Services (AWS)","https://aws.amazon.com/certification/certified-sysops-admin-associate/"
"Systems Engineer","Linux/Unix Administration, Networking Fundamentals, Scripting (Python, Bash), Virtualization, Cloud Platforms, Infrastructure as Code (IaC), Automation, Python, Bash, PowerShell, Ansible, Terraform, Kubernetes, Docker Compose","CI/CD Pipeline for a Web Application","Set up an end-to-end CI/CD pipeline for a sample web application using Jenkins or GitLab CI. Implement automated testing, build, and deployment to a staging environment, triggered by Git commits.","https://github.com/jenkinsci/pipeline-examples","Microsoft Certified: Azure Administrator Associate","Microsoft","https://learn.microsoft.com/en-us/certifications/azure-administrator-associate/"
"Systems Engineer","Linux/Unix Administration, Networking Fundamentals, Scripting (Python, Bash), Virtualization, Cloud Platforms, Infrastructure as Code (IaC), Automation, Python, Bash, PowerShell, Ansible, Terraform, Kubernetes, Docker Compose","Kubernetes Cluster Deployment and Application Orchestration","Deploy a multi-node Kubernetes cluster (e.g., using kubeadm or an AWS EKS/Azure AKS module). Deploy a multi-tier application (e.g., a microservices app) onto the cluster, configuring deployments, services, and ingress.","https://github.com/kubernetes/kubeadm","CompTIA Linux+","CompTIA","https://www.comptia.org/certifications/linux"
"Systems Engineer","Linux/Unix Administration, Networking Fundamentals, Scripting (Python, Bash), Virtualization, Cloud Platforms, Infrastructure as Code (IaC), Automation, Python, Bash, PowerShell, Ansible, Terraform, Kubernetes, Docker Compose","Monitoring and Alerting Stack with Prometheus and Grafana","Implement a comprehensive monitoring solution for a set of servers and applications using Prometheus for metrics collection and Grafana for visualization and alerting. Deploy via Docker Compose.","https://github.com/vegas-cs/prometheus-grafana-docker-compose-template","Red Hat Certified Engineer (RHCE)","Red Hat","https://www.redhat.com/en/services/certification/rhce"
"Systems Engineer","Linux/Unix Administration, Networking Fundamentals, Scripting (Python, Bash), Virtualization, Cloud Platforms, Infrastructure as Code (IaC), Automation, Python, Bash, PowerShell, Ansible, Terraform, Kubernetes, Docker Compose","Configuration Management with Ansible for Server Provisioning","Develop Ansible playbooks and roles to automate the provisioning and configuration of Linux servers. Tasks include package installation, user management, service configuration (e.g., Nginx, Apache), and security hardening.","https://github.com/geerlingguy/ansible-role-nginx","Certified Kubernetes Administrator (CKA)","Cloud Native Computing Foundation (CNCF)","https://www.cncf.io/certification/cka/"
"Systems Engineer","Linux/Unix Administration, Networking Fundamentals, Scripting (Python, Bash), Virtualization, Cloud Platforms, Infrastructure as Code (IaC), Automation, Python, Bash, PowerShell, Ansible, Terraform, Kubernetes, Docker Compose","Distributed Log Management System with ELK Stack","Set up a centralized logging system using Elasticsearch, Logstash, and Kibana (ELK Stack) on Docker. Configure Logstash to collect logs from multiple sources and visualize them in Kibana dashboards.","https://github.com/deviantony/docker-elk","ITIL 4 Foundation","AXELOS","https://www.axelos.com/certifications/itil-certifications/itil-4-foundation"
"Embedded Systems Engineer","C/C++ Programming, Microcontroller Programming, RTOS Concepts, Digital & Analog Electronics, Communication Protocols (SPI, I2C, UART), Debugging, Schematics Reading, C, C++, Assembly (basic), Python (for scripting/testing), Arduino IDE, ESP-IDF, Mbed OS, Zephyr RTOS, STM32Cube","IoT Weather Station with ESP32 & Cloud Integration","Develop an IoT weather station using an ESP32 microcontroller, collecting data from temperature, humidity, and pressure sensors. Transmit data securely to a cloud platform (e.g., AWS IoT Core) for visualization and analysis.","https://github.com/espressif/esp-aws-iot","AWS Certified IoT - Specialty","Amazon Web Services (AWS)","https://aws.amazon.com/certification/certified-iot-specialty/"
"Embedded Systems Engineer","C/C++ Programming, Microcontroller Programming, RTOS Concepts, Digital & Analog Electronics, Communication Protocols (SPI, I2C, UART), Debugging, Schematics Reading, C, C++, Assembly (basic), Python (for scripting/testing), Arduino IDE, ESP-IDF, Mbed OS, Zephyr RTOS, STM32Cube","Real-time Motor Control with STM32 and PID Controller","Implement a real-time motor control system using an STM32 microcontroller. Apply a PID (Proportional-Integral-Derivative) algorithm to precisely control motor speed or position based on sensor feedback.","https://github.com/STMicroelectronics/STM32CubeG4/tree/master/Projects/NUCLEO-G474RE/Applications/MotorControl","CompTIA IoT+","CompTIA","https://www.comptia.org/certifications/iot"
"Embedded Systems Engineer","C/C++ Programming, Microcontroller Programming, RTOS Concepts, Digital & Analog Electronics, Communication Protocols (SPI, I2C, UART), Debugging, Schematics Reading, C, C++, Assembly (basic), Python (for scripting/testing), Arduino IDE, ESP-IDF, Mbed OS, Zephyr RTOS, STM32Cube","Home Automation Hub with Raspberry Pi","Build a home automation hub using a Raspberry Pi, capable of controlling various smart devices via protocols like MQTT, Zigbee, or Wi-Fi. Develop a web-based interface for remote control and monitoring.","https://github.com/Koenkk/zigbee2mqtt","CPA: C++ Certified Associate Programmer","C++ Institute","https://cppinstitute.org/cpa-c-cpp-certified-associate-programmer"
"Embedded Systems Engineer","C/C++ Programming, Microcontroller Programming, RTOS Concepts, Digital & Analog Electronics, Communication Protocols (SPI, I2C, UART), Debugging, Schematics Reading, C, C++, Assembly (basic), Python (for scripting/testing), Arduino IDE, ESP-IDF, Mbed OS, Zephyr RTOS, STM32Cube","Wearable Activity Tracker Prototype","Design a basic wearable activity tracker prototype using a low-power microcontroller (e.g., ESP32 or Arduino Nano BLE) and an accelerometer/gyroscope. Display data on a small OLED screen and potentially sync with a mobile app.","https://github.com/LilyGo/TTGO_TWatch_Library","LPI Linux Essentials","Linux Professional Institute (LPI)","https://www.lpi.org/our-certifications/linux-essentials-overview"
"Embedded Systems Engineer","C/C++ Programming, Microcontroller Programming, RTOS Concepts, Digital & Analog Electronics, Communication Protocols (SPI, I2C, UART), Debugging, Schematics Reading, C, C++, Assembly (basic), Python (for scripting/testing), Arduino IDE, ESP-IDF, Mbed OS, Zephyr RTOS, STM32Cube","Embedded Linux Application for an Edge Device","Develop a C/C++ application for an embedded Linux platform (e.g., Raspberry Pi or BeagleBone Black) that interacts with specific hardware peripherals, processes data, and potentially communicates over a network.","https://github.com/Seeed-Studio/seeed-linux-project-sample","NI Certified LabVIEW Associate Developer (CLAD)","National Instruments (NI)","https://www.ni.com/en-us/support/certifications/certified-labview-associate-developer.html"
"Embedded Systems Engineer","C/C++ Programming, Microcontroller Programming, RTOS Concepts, Digital & Analog Electronics, Communication Protocols (SPI, I2C, UART), Debugging, Schematics Reading, C, C++, Assembly (basic), Python (for scripting/testing), Arduino IDE, ESP-IDF, Mbed OS, Zephyr RTOS, STM32Cube","Custom Sensor Interface with ADC/DAC","Create a custom interface between an analog sensor and a microcontroller using its Analog-to-Digital Converter (ADC) or a dedicated ADC chip. Develop firmware to read, process, and potentially output analog signals via a DAC.","https://github.com/espressif/esp-idf/tree/master/examples/peripherals/adc","Coursera: Embedded Systems Essentials with Arm Specialization","Arm Education (via Coursera)","https://www.coursera.org/specializations/arm-embedded-systems"
"Robotics Software Engineer","Robot Operating System (ROS), Control Systems, Kinematics & Dynamics, Sensor Integration, Path Planning & Navigation, Computer Vision, Machine Learning Fundamentals, Embedded Programming, Real-time Operating Systems (RTOS), Simulation (Gazebo), Linux, C++, Python, MATLAB, C, ROS, OpenCV, PyTorch/TensorFlow, Eigen, PCL (Point Cloud Library), MoveIt!","ROS-based Mobile Robot Navigation Stack","Develop and integrate a complete navigation stack for a differential drive robot using ROS, including sensor data processing (LiDAR, IMU), SLAM for mapping, global and local path planning, and obstacle avoidance. The project demonstrates core ROS navigation functionalities.","https://github.com/ros-planning/navigation","ROS Developer Level 1 Certification","The Construct (Robot Ignite Academy)","https://www.theconstructsim.com/robotigniteacademy_course/ros-developer-certification-level-1/"
"Robotics Software Engineer","Robot Operating System (ROS), Control Systems, Kinematics & Dynamics, Sensor Integration, Path Planning & Navigation, Computer Vision, Machine Learning Fundamentals, Embedded Programming, Real-time Operating Systems (RTOS), Simulation (Gazebo), Linux, C++, Python, MATLAB, C, ROS, OpenCV, PyTorch/TensorFlow, Eigen, PCL (Point Cloud Library), MoveIt!","Robotic Arm Pick-and-Place System","Implement a robotic arm control system using ROS and MoveIt! for executing pick-and-place tasks. The system utilizes inverse kinematics for motion planning, integrates with a simulated gripper, and uses basic computer vision for object detection.","https://github.com/ros-planning/moveit_tutorials","Certified Embedded Software Professional (CESP)","VEF (Vector Education Foundation)","https://www.vef.org.in/index.php/certifications/certified-embedded-software-professional"
"Robotics Software Engineer","Robot Operating System (ROS), Control Systems, Kinematics & Dynamics, Sensor Integration, Path Planning & Navigation, Computer Vision, Machine Learning Fundamentals, Embedded Programming, Real-time Operating Systems (RTOS), Simulation (Gazebo), Linux, C++, Python, MATLAB, C, ROS, OpenCV, PyTorch/TensorFlow, Eigen, PCL (Point Cloud Library), MoveIt!","Simultaneous Localization and Mapping (SLAM) with Lidar","Create a SLAM solution using a 2D LiDAR sensor to build a map of an unknown environment while simultaneously localizing the robot within that map. The project involves data filtering, pose estimation, and map optimization algorithms.","https://github.com/cartographer-project/cartographer","AWS Certified Machine Learning - Specialty","Amazon Web Services (AWS)","https://aws.amazon.com/certification/certified-machine-learning-specialty/"
"Robotics Software Engineer","Robot Operating System (ROS), Control Systems, Kinematics & Dynamics, Sensor Integration, Path Planning & Navigation, Computer Vision, Machine Learning Fundamentals, Embedded Programming, Real-time Operating Systems (RTOS), Simulation (Gazebo), Linux, C++, Python, MATLAB, C, ROS, OpenCV, PyTorch/TensorFlow, Eigen, PCL (Point Cloud Library), MoveIt!","Autonomous Drone Flight Controller (Simulation)","Develop a simulated autonomous drone flight controller leveraging PX4 or ArduPilot, integrated with ROS. Implement waypoint navigation, obstacle detection, and avoidance mechanisms using simulated sensor inputs in Gazebo.","https://github.com/PX4/Firmware","NVIDIA DLI: Fundamentals of Deep Learning for Computer Vision","NVIDIA Deep Learning Institute","https://www.nvidia.com/en-us/training/instructor-led-workshops/fundamentals-deep-learning-computer-vision/"
"Robotics Software Engineer","Robot Operating System (ROS), Control Systems, Kinematics & Dynamics, Sensor Integration, Path Planning & Navigation, Computer Vision, Machine Learning Fundamentals, Embedded Programming, Real-time Operating Systems (RTOS), Simulation (Gazebo), Linux, C++, Python, MATLAB, C, ROS, OpenCV, PyTorch/TensorFlow, Eigen, PCL (Point Cloud Library), MoveIt!","Human Gesture Recognition for Robot Control","Build a system that interprets human hand gestures (via a camera or depth sensor) and translates them into commands for a robotic system. This involves computer vision for gesture detection and ROS for robot communication.","https://github.com/opencv/opencv","Coursera Specialization: Modern Robotics: Mechanics, Planning, and Control (University of Pennsylvania)","Coursera","https://www.coursera.org/specializations/modern-robotics"
"Robotics Software Engineer","Robot Operating System (ROS), Control Systems, Kinematics & Dynamics, Sensor Integration, Path Planning & Navigation, Computer Vision, Machine Learning Fundamentals, Embedded Programming, Real-time Operating Systems (RTOS), Simulation (Gazebo), Linux, C++, Python, MATLAB, C, ROS, OpenCV, PyTorch/TensorFlow, Eigen, PCL (Point Cloud Library), MoveIt!","Industrial Robot Simulation and Task Planning","Simulate a specific industrial robot (e.g., Kuka, UR) in Gazebo and develop a task planning interface using ROS. Focus on defining complex multi-step tasks, collision avoidance, and optimizing robot movements for efficiency.","https://github.com/ros-industrial/universal_robot","Microsoft Certified: Azure AI Engineer Associate","Microsoft","https://learn.microsoft.com/en-us/certifications/azure-ai-engineer/"
"Game Developer","Game Engine Architecture, 3D Graphics Fundamentals, Physics Engines, AI for Games, Gameplay Programming, Level Design Principles, Performance Optimization, Version Control (Git), Debugging, Shaders, UI/UX for Games, C++, C#, Python, Unreal Engine, Unity, Godot, DirectX/OpenGL/Vulkan (concepts), SFML, SDL","2D Platformer Game with Unity","Develop a classic 2D platformer featuring character movement, enemy AI, collectible items, and multiple levels. The project demonstrates Unity's physics system, animation states, tilemaps, and UI elements for score and health management.","https://github.com/unity-technologies/2d-game-kit","Unity Certified Associate: Programmer","Unity Technologies","https://unity.com/learn/certifications/programmer"
"Game Developer","Game Engine Architecture, 3D Graphics Fundamentals, Physics Engines, AI for Games, Gameplay Programming, Level Design Principles, Performance Optimization, Version Control (Git), Debugging, Shaders, UI/UX for Games, C++, C#, Python, Unreal Engine, Unity, Godot, DirectX/OpenGL/Vulkan (concepts), SFML, SDL","3D First-Person Shooter Prototype with Unreal Engine","Create a basic 3D FPS prototype in Unreal Engine, including player character controls, weapon mechanics (shooting, reloading), enemy AI, and simple level design. The project utilizes Unreal's Blueprints and C++ for core gameplay logic.","https://github.com/EpicGames/UnrealEngine","Unreal Engine Developer Certification","Epic Games","https://www.unrealengine.com/en-US/onlinelearning-courses/unreal-engine-developer-certification"
"Game Developer","Game Engine Architecture, 3D Graphics Fundamentals, Physics Engines, AI for Games, Gameplay Programming, Level Design Principles, Performance Optimization, Version Control (Git), Debugging, Shaders, UI/UX for Games, C++, C#, Python, Unreal Engine, Unity, Godot, DirectX/OpenGL/Vulkan (concepts), SFML, SDL","Mobile Puzzle Game (Android/iOS)","Design and implement a touch-based puzzle game for mobile platforms, focusing on intuitive controls and engaging puzzle mechanics. The project addresses mobile optimization, UI scaling, and platform-specific deployment considerations.","https://github.com/unity-technologies/unity-mobile-samples","Google Associate Android Developer","Google","https://developers.google.com/training/certification/android-developer/"
"Game Developer","Game Engine Architecture, 3D Graphics Fundamentals, Physics Engines, AI for Games, Gameplay Programming, Level Design Principles, Performance Optimization, Version Control (Git), Debugging, Shaders, UI/UX for Games, C++, C#, Python, Unreal Engine, Unity, Godot, DirectX/OpenGL/Vulkan (concepts), SFML, SDL","Multiplayer Arcade Game with Networking","Build a small multiplayer arcade game using a chosen engine's networking solution (e.g., Unity Netcode for GameObjects or Unreal Engine's networking). Implement client-server communication, player synchronization, and game state replication.","https://github.com/Unity-Technologies/Netcode-for-GameObjects","Coursera Specialization: Game Design and Development with Unity (Michigan State University)","Coursera","https://www.coursera.org/specializations/game-development"
"Game Developer","Game Engine Architecture, 3D Graphics Fundamentals, Physics Engines, AI for Games, Gameplay Programming, Level Design Principles, Performance Optimization, Version Control (Git), Debugging, Shaders, UI/UX for Games, C++, C#, Python, Unreal Engine, Unity, Godot, DirectX/OpenGL/Vulkan (concepts), SFML, SDL","Procedural Dungeon Generator","Develop a system that procedurally generates 2D or 3D dungeon layouts, including room placement, corridor generation, and enemy/item spawning. This project emphasizes algorithms for generative content and scene population.","https://github.com/watabou/roguelike-tutorial","Microsoft Certified: Azure Developer Associate","Microsoft","https://learn.microsoft.com/en-us/certifications/azure-developer/"
"Game Developer","Game Engine Architecture, 3D Graphics Fundamentals, Physics Engines, AI for Games, Gameplay Programming, Level Design Principles, Performance Optimization, Version Control (Git), Debugging, Shaders, UI/UX for Games, C++, C#, Python, Unreal Engine, Unity, Godot, DirectX/OpenGL/Vulkan (concepts), SFML, SDL","Basic AI Opponent for a Strategy Game","Implement a simple AI opponent for a turn-based or real-time strategy game using state machines, behavior trees, or simple decision-making algorithms. The AI should be able to make basic strategic moves, build units, or control territory.","https://github.com/Unity-Technologies/Unity-Game-AI-Fundamentals","Professional Certificate in Game Design (RIT)","edX","https://www.edx.org/certificates/professional-certificate/ritx-game-design"
"AR/VR Developer","3D Graphics Fundamentals, Spatial Computing, AR/VR SDKs (ARKit, ARCore, OpenXR), Game Engines (Unity, Unreal), XR UI/UX Design, Performance Optimization, Sensor Fusion, Hand/Eye Tracking, Mobile Development, C#, C++, JavaScript (WebXR), Unity XR Interaction Toolkit, AR Foundation, Unreal Engine XR, OpenXR, A-Frame, Three.js, Babylon.js, WebXR","AR Mobile App for Interior Design/Placement","Develop an AR application for iOS/Android using AR Foundation (Unity) or ARCore/ARKit directly. Users can place virtual 3D furniture models onto real-world surfaces, scale them, and move them, demonstrating plane detection and object manipulation.","https://github.com/unity-technologies/arfoundation-samples","Unity Certified Associate: Programmer","Unity Technologies","https://unity.com/learn/certifications/programmer"
"AR/VR Developer","3D Graphics Fundamentals, Spatial Computing, AR/VR SDKs (ARKit, ARCore, OpenXR), Game Engines (Unity, Unreal), XR UI/UX Design, Performance Optimization, Sensor Fusion, Hand/Eye Tracking, Mobile Development, C#, C++, JavaScript (WebXR), Unity XR Interaction Toolkit, AR Foundation, Unreal Engine XR, OpenXR, A-Frame, Three.js, Babylon.js, WebXR","VR Room-Scale Interactive Experience","Create a room-scale VR experience for a platform like Meta Quest or SteamVR using Unity's XR Interaction Toolkit or Unreal Engine's OpenXR integration. Include natural hand interactions, teleportation/locomotion, and physics-based object manipulation.","https://github.com/Unity-Technologies/XR-Interaction-Toolkit-Examples","Meta Certified Developer (XR Developer)","Meta","https://www.meta.com/en-gb/quest/go-pro/developer-certification/"
"AR/VR Developer","3D Graphics Fundamentals, Spatial Computing, AR/VR SDKs (ARKit, ARCore, OpenXR), Game Engines (Unity, Unreal), XR UI/UX Design, Performance Optimization, Sensor Fusion, Hand/Eye Tracking, Mobile Development, C#, C++, JavaScript (WebXR), Unity XR Interaction Toolkit, AR Foundation, Unreal Engine XR, OpenXR, A-Frame, Three.js, Babylon.js, WebXR","WebXR Interactive Data Visualization","Build an interactive 3D data visualization accessible via a web browser using WebXR frameworks like A-Frame or Three.js. Users can explore complex datasets in an immersive AR or VR environment, showcasing web-based XR development.","https://github.com/aframevr/aframe","Coursera Specialization: Google AR & VR Development (Google)","Coursera","https://www.coursera.org/specializations/google-ar-vr-development"
"AR/VR Developer","3D Graphics Fundamentals, Spatial Computing, AR/VR SDKs (ARKit, ARCore, OpenXR), Game Engines (Unity, Unreal), XR UI/UX Design, Performance Optimization, Sensor Fusion, Hand/Eye Tracking, Mobile Development, C#, C++, JavaScript (WebXR), Unity XR Interaction Toolkit, AR Foundation, Unreal Engine XR, OpenXR, A-Frame, Three.js, Babylon.js, WebXR","Mixed Reality Application for Microsoft HoloLens (or similar)","Develop a mixed reality application focusing on spatial awareness and persistent content using the Mixed Reality Toolkit (MRTK) with Unity. The app might involve anchoring virtual objects to real-world locations or overlaying digital information onto physical environments.","https://github.com/microsoft/MixedRealityToolkit-Unity","Microsoft Certified: Azure Mixed Reality Developer Associate (AZ-220)","Microsoft","https://learn.microsoft.com/en-us/certifications/azure-mixed-reality-developer-associate/"
"AR/VR Developer","3D Graphics Fundamentals, Spatial Computing, AR/VR SDKs (ARKit, ARCore, OpenXR), Game Engines (Unity, Unreal), XR UI/UX Design, Performance Optimization, Sensor Fusion, Hand/Eye Tracking, Mobile Development, C#, C++, JavaScript (WebXR), Unity XR Interaction Toolkit, AR Foundation, Unreal Engine XR, OpenXR, A-Frame, Three.js, Babylon.js, WebXR","VR Training Simulation for a Technical Skill","Create a VR training module for a specific technical task (e.g., assembling a machine, performing a medical procedure). Focus on realistic interactions, step-by-step guidance, and performance feedback within the virtual environment.","https://github.com/Unity-Technologies/unity-vr-samples","Udemy: Unity XR Development: Build VR & AR Apps","Udemy","https://www.udemy.com/course/unity-xr-development-build-vr-ar-apps/"
"AR/VR Developer","3D Graphics Fundamentals, Spatial Computing, AR/VR SDKs (ARKit, ARCore, OpenXR), Game Engines (Unity, Unreal), XR UI/UX Design, Performance Optimization, Sensor Fusion, Hand/Eye Tracking, Mobile Development, C#, C++, JavaScript (WebXR), Unity XR Interaction Toolkit, AR Foundation, Unreal Engine XR, OpenXR, A-Frame, Three.js, Babylon.js, WebXR","AR Navigation App with GPS and Waypoints","Implement an AR navigation application that overlays virtual directional arrows or waypoints onto the live camera feed based on GPS data. This project combines AR with location services for practical outdoor or indoor guidance.","https://github.com/Unity-Technologies/arfoundation-gps-sample","AWS Certified Solutions Architect - Associate","Amazon Web Services (AWS)","https://aws.amazon.com/certification/solutions-architect-associate/"
"Blockchain Developer","Cryptography, Distributed Ledger Technology (DLT), Smart Contracts, Consensus Mechanisms, Decentralized Applications (dApps), Tokenomics, Solidity, Rust, Go, Python, JavaScript, Hardhat, Truffle, Ethers.js, Web3.js, OpenZeppelin, Foundry, Substrate","ERC-20 Token and Decentralized Exchange (DEX)","Implement an ERC-20 compliant token and a basic decentralized exchange with swap functionality and liquidity pools. This project leverages Solidity for smart contracts, Hardhat for local development, and React with Ethers.js for the user interface.","https://github.com/scaffold-eth/scaffold-eth","Certified Blockchain Developer (CBD)","Blockchain Council","https://www.blockchain-council.org/certifications/certified-blockchain-developer/"
"Blockchain Developer","Cryptography, Distributed Ledger Technology (DLT), Smart Contracts, Consensus Mechanisms, Decentralized Applications (dApps), Tokenomics, Solidity, Rust, Go, Python, JavaScript, Hardhat, Truffle, Ethers.js, Web3.js, OpenZeppelin, Foundry, Substrate","NFT Marketplace dApp","Develop a full-stack NFT marketplace where users can mint, list, and trade non-fungible tokens. Smart contracts manage ownership and transactions, while IPFS stores metadata, and a Next.js frontend provides the user experience.","https://github.com/Anand-Muzammil/NFT-Marketplace","Ethereum Developer Bootcamp","ConsenSys Academy","https://consensys.net/academy/bootcamps/ethereum-developer-bootcamp/"
"Blockchain Developer","Cryptography, Distributed Ledger Technology (DLT), Smart Contracts, Consensus Mechanisms, Decentralized Applications (dApps), Tokenomics, Solidity, Rust, Go, Python, JavaScript, Hardhat, Truffle, Ethers.js, Web3.js, OpenZeppelin, Foundry, Substrate","Decentralized Voting System","Create a secure, transparent, and tamper-proof decentralized voting application. Smart contracts handle voter registration and ballot counting on an EVM chain, complemented by a Node.js backend and a simple frontend for interaction.","https://github.com/Block-Developers-Group/Decentralized-Voting-Dapp","Blockchain Specialization","Coursera (University at Buffalo)","https://www.coursera.org/specializations/blockchain"
"Blockchain Developer","Cryptography, Distributed Ledger Technology (DLT), Smart Contracts, Consensus Mechanisms, Decentralized Applications (dApps), Tokenomics, Solidity, Rust, Go, Python, JavaScript, Hardhat, Truffle, Ethers.js, Web3.js, OpenZeppelin, Foundry, Substrate","Supply Chain Traceability with Hyperledger Fabric","Build a proof-of-concept supply chain management system using Hyperledger Fabric to track goods from origin to consumer. Implements chaincode in Go for ledger updates and queries, managed via Docker containers for network setup.","https://github.com/hyperledger-labs/fabric-samples","Certified Hyperledger Fabric Developer (CHFD)","Linux Foundation","https://training.linuxfoundation.org/certification/certified-hyperledger-fabric-developer/"
"Blockchain Developer","Cryptography, Distributed Ledger Technology (DLT), Smart Contracts, Consensus Mechanisms, Decentralized Applications (dApps), Tokenomics, Solidity, Rust, Go, Python, JavaScript, Hardhat, Truffle, Ethers.js, Web3.js, OpenZeppelin, Foundry, Substrate","Decentralized Escrow Service","Implement a secure escrow service where funds are held by a smart contract until agreed-upon conditions are met by both parties. This project uses Solidity for the contract logic, Foundry for robust testing, and a React frontend for user interaction.","https://github.com/pedro-sena/escrow-dapp-foundry","Solidity, Blockchain, and Smart Contract Course","freeCodeCamp / Patrick Collins","https://www.freecodecamp.org/news/learn-blockchain-solidity-and-full-stack-web3-development/"
"Blockchain Developer","Cryptography, Distributed Ledger Technology (DLT), Smart Contracts, Consensus Mechanisms, Decentralized Applications (dApps), Tokenomics, Solidity, Rust, Go, Python, JavaScript, Hardhat, Truffle, Ethers.js, Web3.js, OpenZeppelin, Foundry, Substrate","Simplified Cross-Chain Messaging","A simplified demonstration of cross-chain messaging between two EVM-compatible networks, focusing on basic data transfer. It utilizes Solidity for message contracts and explores concepts related to Chainlink oracles for secure external data interaction.","https://github.com/smartcontractkit/full-blockchain-developer-bootcamp-solidity-javascript/tree/main/chainlink_full_stack_blockchain_bootcamp_part_2/lesson_04_cross_chain","AWS Certified Cloud Practitioner","AWS","https://aws.amazon.com/certification/certified-cloud-practitioner/"
"Web3 Developer","Smart Contract Interaction, Frontend Development (React/Vue), Blockchain APIs (Ethers.js, Web3.js), Wallet Integration (MetaMask, WalletConnect), Decentralized Storage (IPFS, Arweave), The Graph, JavaScript/TypeScript, Solidity, Python, React, Next.js, Vue.js, Hardhat, Truffle, Ethers.js, Web3.js, Wagmi, RainbowKit","Decentralized Social Media Platform (Microblogging)","A Twitter-like dApp where user posts are stored on IPFS and references are managed by smart contracts. Users connect wallets to post and interact, with Next.js providing the frontend interface and interacting with Ethereum via Ethers.js.","https://github.com/dappuniversity/twitter-clone-blockchain","Certified Web3 Developer","Moralis Academy","https://academy.moralis.io/courses/certified-web3-developer-program"
"Web3 Developer","Smart Contract Interaction, Frontend Development (React/Vue), Blockchain APIs (Ethers.js, Web3.js), Wallet Integration (MetaMask, WalletConnect), Decentralized Storage (IPFS, Arweave), The Graph, JavaScript/TypeScript, Solidity, Python, React, Next.js, Vue.js, Hardhat, Truffle, Ethers.js, Web3.js, Wagmi, RainbowKit","Simple DeFi Lending/Borrowing dApp","Build a basic decentralized finance application allowing users to deposit tokens into a pool to earn interest or borrow against their collateral. Uses Solidity for the core logic, and React with Web3.js for the user interface and interactions.","https://github.com/smartcontractkit/full-blockchain-developer-bootcamp-solidity-javascript/tree/main/chainlink_full_stack_blockchain_bootcamp_part_1/lesson_12_aave_clone","Web3 Development with Solidity, Hardhat, & Ethers.js","Alchemy University","https://university.alchemy.com/course/web3-development-solidity-hardhat-ethers"
"Web3 Developer","Smart Contract Interaction, Frontend Development (React/Vue), Blockchain APIs (Ethers.js, Web3.js), Wallet Integration (MetaMask, WalletConnect), Decentralized Storage (IPFS, Arweave), The Graph, JavaScript/TypeScript, Solidity, Python, React, Next.js, Vue.js, Hardhat, Truffle, Ethers.js, Web3.js, Wagmi, RainbowKit","On-Chain Gaming dApp (e.g., Dice Roll)","Develop a simple provably fair on-chain game like a dice roll. Smart contracts handle game logic and prize distribution using Chainlink VRF for verifiable randomness, with Vue.js providing an interactive and engaging user interface.","https://github.com/Chainlink/foundry-chainlink-template","Solidity & Ethereum Blockchain Developer Bootcamp With Python","Udemy (Patrick Collins)","https://www.udemy.com/course/solidity-smart-contract-developer-bootcamp-python-and-blockchain/"
"Web3 Developer","Smart Contract Interaction, Frontend Development (React/Vue), Blockchain APIs (Ethers.js, Web3.js), Wallet Integration (MetaMask, WalletConnect), Decentralized Storage (IPFS, Arweave), The Graph, JavaScript/TypeScript, Solidity, Python, React, Next.js, Vue.js, Hardhat, Truffle, Ethers.js, Web3.js, Wagmi, RainbowKit","NFT Gallery & Minting Page","Create a web application to display NFTs owned by a connected wallet and provide functionality to mint new NFTs directly from the browser. Integrates Wagmi and RainbowKit for seamless wallet connectivity and Ethers.js for blockchain interaction.","https://github.com/web3-dev/nft-gallery-starter","Decentralized Applications (DApps) Specialization","Coursera (Duke University)","https://www.coursera.org/specializations/decentralized-applications-dapps"
"Web3 Developer","Smart Contract Interaction, Frontend Development (React/Vue), Blockchain APIs (Ethers.js, Web3.js), Wallet Integration (MetaMask, WalletConnect), Decentralized Storage (IPFS, Arweave), The Graph, JavaScript/TypeScript, Solidity, Python, React, Next.js, Vue.js, Hardhat, Truffle, Ethers.js, Web3.js, Wagmi, RainbowKit","Decentralized Domain Name Service (DNS-like)","Implement a simplified version of ENS (Ethereum Name Service) where users can register unique names linked to their wallet addresses. Uses Solidity for the registration contract and a subgraph for efficient querying of registered names.","https://github.com/dappuniversity/decentralized-domain-service","MetaMask Snaps Developer Certification","ConsenSys","https://consensys.net/academy/courses/metamask-snaps-developer-certification/"
"Web3 Developer","Smart Contract Interaction, Frontend Development (React/Vue), Blockchain APIs (Ethers.js, Web3.js), Wallet Integration (MetaMask, WalletConnect), Decentralized Storage (IPFS, Arweave), The Graph, JavaScript/TypeScript, Solidity, Python, React, Next.js, Vue.js, Hardhat, Truffle, Ethers.js, Web3.js, Wagmi, RainbowKit","Token Gated Content Platform","Build a platform where access to exclusive content (e.g., articles, videos) is granted only to holders of a specific ERC-721 or ERC-1155 token. Next.js manages the frontend and token gating logic, interacting with a token contract on the blockchain.","https://github.com/joshua-s/nextjs-token-gating","Certified Blockchain Solution Architect (CBSA)","Blockchain Council","https://www.blockchain-council.org/certifications/certified-blockchain-solution-architect/"
"IoT Developer","Embedded C/C++, Python for IoT, Microcontroller Programming, Sensor Interfacing, Networking Protocols (MQTT, CoAP, HTTP), Cloud Platforms (AWS IoT, Azure IoT Hub, Google Cloud IoT), Data Processing, Security in IoT, C/C++, Python, JavaScript (Node.js for backend), ESP-IDF, Arduino IDE, FreeRTOS, Mongoose OS, Node-RED, EdgeX Foundry","Smart Home Temperature Monitoring System","Develop an IoT system to monitor room temperature and humidity using an ESP32/ESP8266 microcontroller and a DHT11 sensor. Data is published via MQTT to a Node-RED dashboard for visualization, alerts, and basic automation.","https://github.com/SensorsIot/ESP32-MQTT-DHT11-BME280","AWS Certified IoT - Specialty","AWS","https://aws.amazon.com/certification/certified-iot-specialty/"
"IoT Developer","Embedded C/C++, Python for IoT, Microcontroller Programming, Sensor Interfacing, Networking Protocols (MQTT, CoAP, HTTP), Cloud Platforms (AWS IoT, Azure IoT Hub, Google Cloud IoT), Data Processing, Security in IoT, C/C++, Python, JavaScript (Node.js for backend), ESP-IDF, Arduino IDE, FreeRTOS, Mongoose OS, Node-RED, EdgeX Foundry","GPS Tracker with AWS IoT Core Integration","Build a portable GPS tracking device using a Raspberry Pi Zero W and a GPS module. Location data is sent to AWS IoT Core via Python scripts and visualized on an AWS dashboard or integrated with an external map service for real-time tracking.","https://github.com/aws-samples/aws-iot-device-sdk-python-v2/tree/main/samples/pubsub","Microsoft Azure IoT Developer Specialty","Microsoft","https://learn.microsoft.com/en-us/certifications/azure-iot-developer-specialty/"
"IoT Developer","Embedded C/C++, Python for IoT, Microcontroller Programming, Sensor Interfacing, Networking Protocols (MQTT, CoAP, HTTP), Cloud Platforms (AWS IoT, Azure IoT Hub, Google Cloud IoT), Data Processing, Security in IoT, C/C++, Python, JavaScript (Node.js for backend), ESP-IDF, Arduino IDE, FreeRTOS, Mongoose OS, Node-RED, EdgeX Foundry","Industrial Machine Anomaly Detection (Edge ML)","Implement an edge-based anomaly detection system for industrial machinery. Data from vibration sensors is collected by a Raspberry Pi and processed locally using a pre-trained ML model (TensorFlow Lite) to identify unusual operational patterns.","https://github.com/tiny-ml/tinyml-example","Google Cloud - Developing Applications with Google Cloud Platform Specialization","Coursera (Google Cloud)","https://www.coursera.org/specializations/developing-apps-gcp"
"IoT Developer","Embedded C/C++, Python for IoT, Microcontroller Programming, Sensor Interfacing, Networking Protocols (MQTT, CoAP, HTTP), Cloud Platforms (AWS IoT, Azure IoT Hub, Google Cloud IoT), Data Processing, Security in IoT, C/C++, Python, JavaScript (Node.js for backend), ESP-IDF, Arduino IDE, FreeRTOS, Mongoose OS, Node-RED, EdgeX Foundry","LoRaWAN-based Environmental Sensor Network","Create a long-range, low-power environmental sensor network using LoRaWAN technology. Nodes (e.g., Heltec ESP32 LoRa) collect data (temperature, humidity) and transmit it through a LoRaWAN gateway to The Things Network for cloud integration.","https://github.com/SensorsIot/ESP32-LoRaWAN-DHT11-BME280","CompTIA Network+","CompTIA","https://www.comptia.org/certifications/network"
"IoT Developer","Embedded C/C++, Python for IoT, Microcontroller Programming, Sensor Interfacing, Networking Protocols (MQTT, CoAP, HTTP), Cloud Platforms (AWS IoT, Azure IoT Hub, Google Cloud IoT), Data Processing, Security in IoT, C/C++, Python, JavaScript (Node.js for backend), ESP-IDF, Arduino IDE, FreeRTOS, Mongoose OS, Node-RED, EdgeX Foundry","Smart Parking Slot Occupancy Detector","Develop a system to detect parking slot occupancy using an ultrasonic sensor connected to an Arduino or ESP8266. The occupancy status is sent to the Blynk IoT platform, allowing real-time monitoring on a mobile application and notification.","https://github.com/muhammad-asad-saleem/Smart-Parking-System","Certified LoRaWAN Engineer","The Things Network (Semtech)","https://www.thethingsnetwork.org/lorawan-academy/"
"IoT Developer","Embedded C/C++, Python for IoT, Microcontroller Programming, Sensor Interfacing, Networking Protocols (MQTT, CoAP, HTTP), Cloud Platforms (AWS IoT, Azure IoT Hub, Google Cloud IoT), Data Processing, Security in IoT, C/C++, Python, JavaScript (Node.js for backend), ESP-IDF, Arduino IDE, FreeRTOS, Mongoose OS, Node-RED, EdgeX Foundry","Fleet Management System (Simulated with Azure IoT Edge)","Simulate a fleet of vehicles sending telematics data to an Azure IoT Edge device. Data is processed at the edge (e.g., filtered, aggregated) using custom Docker modules before securely forwarding to Azure IoT Hub for cloud analytics and visualization.","https://github.com/Azure-Samples/iot-edge-v2-ci-cd-python-template","Introduction to IoT (with project)","freeCodeCamp / edX (Linux Foundation)","https://www.edx.org/course/introduction-to-iot"
"Database Administrator","Database Management, Performance Tuning, Backup & Recovery, Security, High Availability, Disaster Recovery, Scripting, SQL, Python, Bash, SQLAlchemy, JDBC/ODBC connectors","Automated Database Backup and Restore System","Designed and implemented an automated backup solution for a PostgreSQL database using Python scripts, cron jobs, and cloud storage (e.g., AWS S3). The system includes data verification and a procedure for point-in-time recovery to ensure data integrity and business continuity.","https://github.com/db-automation-templates/pg-backup-restore-automation","Microsoft Certified: Azure Database Administrator Associate","Microsoft","https://learn.microsoft.com/en-us/certifications/azure-database-administrator-associate/"
"Database Administrator","Database Management, Performance Tuning, Backup & Recovery, Security, High Availability, Disaster Recovery, Scripting, SQL, Python, Bash, SQLAlchemy, JDBC/ODBC connectors","Database Performance Monitoring Dashboard","Developed a real-time monitoring solution for a MySQL cluster using Prometheus for metric collection and Grafana for visualization. This project tracks key performance indicators such as query latency, connection counts, and disk I/O, providing alerts for threshold breaches.","https://github.com/db-automation-templates/mysql-grafana-prometheus","AWS Certified Database - Specialty","Amazon Web Services (AWS)","https://aws.amazon.com/certification/certified-database-specialty/"
"Database Administrator","Database Management, Performance Tuning, Backup & Recovery, Security, High Availability, Disaster Recovery, Scripting, SQL, Python, Bash, SQLAlchemy, JDBC/ODBC connectors","SQL Server High Availability Setup","Configured a SQL Server Always On Availability Group for a mission-critical application, ensuring high availability and disaster recovery. This involved setting up Windows Server Failover Clustering (WSFC) and configuring listeners and read-only routing.","https://github.com/db-automation-templates/sqlserver-alwayson-setup","Oracle Certified Professional, MySQL 8.0 Database Administrator","Oracle","https://education.oracle.com/mysql-8-0-database-administrator/pCert_923"
"Database Administrator","Database Management, Performance Tuning, Backup & Recovery, Security, High Availability, Disaster Recovery, Scripting, SQL, Python, Bash, SQLAlchemy, JDBC/ODBC connectors","Database Security Audit and Compliance Tool","Created a Python-based tool to regularly audit database configurations (e.g., user permissions, password policies) against industry best practices and compliance standards (e.g., GDPR, HIPAA). It generates reports and identifies potential vulnerabilities.","https://github.com/db-automation-templates/db-security-auditor","PostgreSQL Associate Certification (PGA)","PostgreSQL Global Development Group (PGDG)","https://www.postgresql.org/community/professional_certification/"
"Database Administrator","Database Management, Performance Tuning, Backup & Recovery, Security, High Availability, Disaster Recovery, Scripting, SQL, Python, Bash, SQLAlchemy, JDBC/ODBC connectors","Cloud Database Migration Project","Executed a database migration from an on-premise SQL Server to AWS RDS for PostgreSQL using a combination of AWS Database Migration Service (DMS) and custom data validation scripts. This project focused on minimizing downtime and ensuring data integrity post-migration.","https://github.com/db-automation-templates/sqlserver-to-aws-pg-migration","CompTIA Data+","CompTIA","https://www.comptia.org/certifications/data"
"Database Administrator","Database Management, Performance Tuning, Backup & Recovery, Security, High Availability, Disaster Recovery, Scripting, SQL, Python, Bash, SQLAlchemy, JDBC/ODBC connectors","Automated Database Provisioning with Infrastructure as Code","Developed a solution for automated provisioning of new PostgreSQL database instances using Terraform and Ansible on a cloud platform (e.g., Azure). This project streamlines the setup of development and test environments, enforcing consistent configurations.","https://github.com/db-automation-templates/terraform-ansible-db-provisioning","IBM Certified Database Administrator - Db2 12 for z/OS","IBM","https://www.ibm.com/training/certification/C0001000"
"SQL Developer","Advanced SQL, Database Design, Stored Procedures, Functions, Triggers, Query Optimization, ETL Development, Data Warehousing, Reporting, SQL (T-SQL, PL/SQL), Python, C#, Java, SQLAlchemy, Entity Framework, Hibernate, Dapper","E-commerce Database Design & API","Designed a normalized relational database schema for an e-commerce platform (products, orders, customers, inventory). Developed a RESTful API using Python (Flask) and SQLAlchemy to interact with the PostgreSQL database, handling product listings, shopping cart, and order processing.","https://github.com/sql-dev-templates/ecommerce-db-api","Microsoft Certified: Azure Data Engineer Associate","Microsoft","https://learn.microsoft.com/en-us/certifications/azure-data-engineer/"
"SQL Developer","Advanced SQL, Database Design, Stored Procedures, Functions, Triggers, Query Optimization, ETL Development, Data Warehousing, Reporting, SQL (T-SQL, PL/SQL), Python, C#, Java, SQLAlchemy, Entity Framework, Hibernate, Dapper","Sales Data Reporting System","Implemented an ETL solution using SQL Server Integration Services (SSIS) to extract sales data from various sources, transform it, and load it into a data warehouse. Developed complex T-SQL queries and views for reporting, visualized using Power BI to provide sales insights.","https://github.com/sql-dev-templates/sales-data-warehouse-ssis","AWS Certified Data Engineer - Associate","Amazon Web Services (AWS)","https://aws.amazon.com/certification/certified-data-engineer-associate/"
"SQL Developer","Advanced SQL, Database Design, Stored Procedures, Functions, Triggers, Query Optimization, ETL Development, Data Warehousing, Reporting, SQL (T-SQL, PL/SQL), Python, C#, Java, SQLAlchemy, Entity Framework, Hibernate, Dapper","Healthcare Appointment Management System","Developed a robust database backend for a healthcare appointment system using MySQL, focusing on data integrity, concurrency control, and scheduling logic. Created C#/ASP.NET Core API endpoints leveraging Entity Framework to manage patient, doctor, and appointment data.","https://github.com/sql-dev-templates/healthcare-appointment-backend","Oracle Certified Professional, SQL","Oracle","https://education.oracle.com/oracle-certified-professional-sql/pCert_901"
"SQL Developer","Advanced SQL, Database Design, Stored Procedures, Functions, Triggers, Query Optimization, ETL Development, Data Warehousing, Reporting, SQL (T-SQL, PL/SQL), Python, C#, Java, SQLAlchemy, Entity Framework, Hibernate, Dapper","Financial Transaction Aggregation & Reporting","Designed and implemented a PostgreSQL database to store and aggregate financial transactions. Developed custom PL/pgSQL functions and stored procedures for complex calculations, ledger balancing, and generating daily/monthly financial reports for an analytics dashboard.","https://github.com/sql-dev-templates/financial-reporting-pg","Professional Data Engineer","Google Cloud","https://cloud.google.com/certification/data-engineer"
"SQL Developer","Advanced SQL, Database Design, Stored Procedures, Functions, Triggers, Query Optimization, ETL Development, Data Warehousing, Reporting, SQL (T-SQL, PL/SQL), Python, C#, Java, SQLAlchemy, Entity Framework, Hibernate, Dapper","Inventory Management with Complex Business Logic","Created a SQL Server database for an inventory management system, incorporating complex business logic using T-SQL stored procedures and triggers. Features include automated stock level adjustments, reorder point alerts, and tracking of product movements across warehouses.","https://github.com/sql-dev-templates/inventory-management-sqlserver","IBM Certified Database Associate - Db2 11.1 Fundamentals for LUW","IBM","https://www.ibm.com/training/certification/C0003000"
"SQL Developer","Advanced SQL, Database Design, Stored Procedures, Functions, Triggers, Query Optimization, ETL Development, Data Warehousing, Reporting, SQL (T-SQL, PL/SQL), Python, C#, Java, SQLAlchemy, Entity Framework, Hibernate, Dapper","Customer Feedback Analysis Dashboard","Developed a system to ingest and analyze customer feedback from various channels into a relational database (SQLite for local, PostgreSQL for cloud). Utilized Python for text processing (sentiment analysis) and SQL for querying and aggregation, visualized with a Dash/Plotly dashboard.","https://github.com/sql-dev-templates/customer-feedback-analysis","freeCodeCamp Relational Database (SQL) Certification","freeCodeCamp","https://www.freecodecamp.org/learn/relational-database/"
"NoSQL Engineer","NoSQL Database Concepts (Document, Key-Value, Column-Family, Graph), Data Modeling for NoSQL, Distributed Systems, Scalability, High Availability, Querying NoSQL DBs, Performance Tuning, API Development, Python, Java, Node.js, Go, Spring Data (for Java), Mongoose (for Node.js/MongoDB), DynamoDB SDKs, Cassandra Drivers, Neo4j Drivers","Real-time Chat Application Backend","Developed a scalable backend for a real-time chat application using MongoDB for message storage and user profiles, and Node.js with WebSockets for real-time communication. Integrated Redis for efficient session management and caching to support high concurrency.","https://github.com/nosql-dev-templates/realtime-chat-backend","AWS Certified Database - Specialty","Amazon Web Services (AWS)","https://aws.amazon.com/certification/certified-database-specialty/"
"NoSQL Engineer","NoSQL Database Concepts (Document, Key-Value, Column-Family, Graph), Data Modeling for NoSQL, Distributed Systems, Scalability, High Availability, Querying NoSQL DBs, Performance Tuning, API Development, Python, Java, Node.js, Go, Spring Data (for Java), Mongoose (for Node.js/MongoDB), DynamoDB SDKs, Cassandra Drivers, Neo4j Drivers","User Profile Management Microservice","Built a serverless microservice for managing user profiles using AWS DynamoDB as the NoSQL database for its high performance and scalability. Implemented the API using AWS Lambda and API Gateway with Python (Boto3) to handle CRUD operations.","https://github.com/nosql-dev-templates/dynamodb-user-profile-service","Microsoft Certified: Azure Cosmos DB Developer Specialty","Microsoft","https://learn.microsoft.com/en-us/certifications/azure-cosmos-db-developer-specialty/"
"NoSQL Engineer","NoSQL Database Concepts (Document, Key-Value, Column-Family, Graph), Data Modeling for NoSQL, Distributed Systems, Scalability, High Availability, Querying NoSQL DBs, Performance Tuning, API Development, Python, Java, Node.js, Go, Spring Data (for Java), Mongoose (for Node.js/MongoDB), DynamoDB SDKs, Cassandra Drivers, Neo4j Drivers","IoT Device Data Ingestion & Analytics","Designed a robust data pipeline for IoT sensor data. Apache Kafka was used for real-time data ingestion, with Apache Cassandra storing the time-series data due to its high write throughput. Apache Spark was then used for batch processing and generating analytics.","https://github.com/nosql-dev-templates/iot-data-pipeline-cassandra","MongoDB Certified Developer Associate","MongoDB","https://university.mongodb.com/certification/developer/associate"
"NoSQL Engineer","NoSQL Database Concepts (Document, Key-Value, Column-Family, Graph), Data Modeling for NoSQL, Distributed Systems, Scalability, High Availability, Querying NoSQL DBs, Performance Tuning, API Development, Python, Java, Node.js, Go, Spring Data (for Java), Mongoose (for Node.js/MongoDB), DynamoDB SDKs, Cassandra Drivers, Neo4j Drivers","Product Catalog Microservice with Flexible Schema","Created a product catalog microservice leveraging Azure Cosmos DB (Document API) for its multi-model capabilities and global distribution. Developed the service using .NET Core and Azure Functions to manage product details with a flexible schema, adapting to varying product attributes.","https://github.com/nosql-dev-templates/cosmosdb-product-catalog","Google Cloud Professional Cloud Database Engineer","Google Cloud","https://cloud.google.com/certification/cloud-database-engineer"
"NoSQL Engineer","NoSQL Database Concepts (Document, Key-Value, Column-Family, Graph), Data Modeling for NoSQL, Distributed Systems, Scalability, High Availability, Querying NoSQL DBs, Performance Tuning, API Development, Python, Java, Node.js, Go, Spring Data (for Java), Mongoose (for Node.js/MongoDB), DynamoDB SDKs, Cassandra Drivers, Neo4j Drivers","Social Network Graph Database","Implemented the core backend for a social network focusing on relationships (friends, followers) using Neo4j, a graph database. Developed a Spring Boot application in Java to expose APIs for creating users, connections, and finding common friends using Cypher queries.","https://github.com/nosql-dev-templates/neo4j-social-network-api","DataStax Apache Cassandra Certification (DCS)","DataStax","https://academy.datastax.com/certification/cassandra-developer"
"NoSQL Engineer","NoSQL Database Concepts (Document, Key-Value, Column-Family, Graph), Data Modeling for NoSQL, Distributed Systems, Scalability, High Availability, Querying NoSQL DBs, Performance Tuning, API Development, Python, Java, Node.js, Go, Spring Data (for Java), Mongoose (for Node.js/MongoDB), DynamoDB SDKs, Cassandra Drivers, Neo4j Drivers","Content Management System (CMS) Backend","Built a backend for a headless CMS using MongoDB Atlas for flexible content storage and a Python (FastAPI) application for content management APIs. Dockerized the application for easy deployment and scalability, allowing dynamic content structures.","https://github.com/nosql-dev-templates/mongodb-fastapi-cms","Redis Certified Developer","Redis","https://university.redis.com/certification/developer/"
"Data Warehouse Engineer","SQL, Data Modeling (Kimball/Inmon), ETL/ELT, Data Warehousing Concepts, Database Management, Performance Tuning, Python, SQL, Java (optional for big data), Apache Spark, Apache Airflow, dbt (data build tool), Pandas","E-commerce Sales Data Mart Creation","Design and implement a star-schema data mart for an e-commerce platform using PostgreSQL. Ingest transactional sales data from CSV files using Python/Pandas scripts, apply transformations, and create aggregated reporting views.","https://github.com/DataTalksClub/data-engineering-zoomcamp","AWS Certified Data Engineer - Associate","Amazon Web Services (AWS)","https://aws.amazon.com/certification/certified-data-engineer-associate/"
"Data Warehouse Engineer","SQL, Data Modeling (Kimball/Inmon), ETL/ELT, Data Warehousing Concepts, Database Management, Performance Tuning, Python, SQL, Java (optional for big data), Apache Spark, Apache Airflow, dbt (data build tool), Pandas","Cloud-Native Data Warehouse on AWS Redshift","Develop an ETL pipeline to load operational data into an AWS Redshift data warehouse. Utilize AWS Glue for ETL jobs, S3 for staging, and orchestrate the workflow using AWS Step Functions to process structured and semi-structured data.","https://github.com/udacity/data-pipelines-with-apache-airflow","Microsoft Certified: Azure Data Engineer Associate","Microsoft","https://learn.microsoft.com/en-us/certifications/azure-data-engineer/"
"Data Warehouse Engineer","SQL, Data Modeling (Kimball/Inmon), ETL/ELT, Data Warehousing Concepts, Database Management, Performance Tuning, Python, SQL, Java (optional for big data), Apache Spark, Apache Airflow, dbt (data build tool), Pandas","Customer Analytics Data Lakehouse with Databricks","Build a data lakehouse solution using Databricks Delta Lake for storage and Apache Spark for ETL. Process customer interaction data from various sources into curated layers for advanced analytics and machine learning applications.","https://github.com/databricks-academy/data-engineer-associate-workshop","Google Cloud Professional Data Engineer","Google Cloud","https://cloud.google.com/certification/data-engineer"
"Data Warehouse Engineer","SQL, Data Modeling (Kimball/Inmon), ETL/ELT, Data Warehousing Concepts, Database Management, Performance Tuning, Python, SQL, Java (optional for big data), Apache Spark, Apache Airflow, dbt (data build tool), Pandas","Financial Reporting Data Pipeline with dbt","Construct a robust data pipeline for financial transaction reporting using dbt (data build tool) for data transformations on a PostgreSQL or Snowflake database. Implement data quality checks and integrate with a BI tool like Metabase for dashboarding.","https://github.com/dbt-labs/dbt-core","Snowflake SnowPro Core Certification","Snowflake","https://www.snowflake.com/certifications/snowpro-core/"
"Data Warehouse Engineer","SQL, Data Modeling (Kimball/Inmon), ETL/ELT, Data Warehousing Concepts, Database Management, Performance Tuning, Python, SQL, Java (optional for big data), Apache Spark, Apache Airflow, dbt (data build tool), Pandas","Healthcare Data Integration and Standardization","Create an ETL solution to integrate disparate healthcare datasets (e.g., patient records, lab results, appointments) from various formats into a centralized data warehouse. Use Talend Open Studio or Python scripts to ensure data consistency and compliance.","https://github.com/Healthcare-Data-Analytics/healthcare-data-warehouse-sample","IBM Data Science Professional Certificate","Coursera / IBM","https://www.coursera.org/professional-certificates/ibm-data-science"
"Data Warehouse Engineer","SQL, Data Modeling (Kimball/Inmon), ETL/ELT, Data Warehousing Concepts, Database Management, Performance Tuning, Python, SQL, Java (optional for big data), Apache Spark, Apache Airflow, dbt (data build tool), Pandas","Real-time IoT Sensor Data Ingestion","Set up a real-time data pipeline to ingest simulated IoT sensor data using Apache Kafka. Process the streaming data with Apache Flink or Spark Streaming, and load it into a cloud data warehouse like Google BigQuery for immediate analytics and monitoring.","https://github.com/confluentinc/examples","Certified Data Management Professional (CDMP) - Data Warehousing & BI Specialist","DAMA International","https://www.dama.org/certification/certified-data-management-professional"
"QA Engineer","Test Case Design, Manual Testing, Bug Reporting, SDLC, STLC, SQL Basics, API Testing, Usability Testing, Cross-browser Testing, SQL, Python (basic scripting), JavaScript (basic understanding for web apps), N/A (focus on test management tools)","E-commerce Website Functional and UI Testing","Perform comprehensive functional and user interface testing on an open-source e-commerce platform (e.g., OpenCart, Magento Community). Design detailed test cases, execute them, and meticulously log all identified defects in a bug tracking system like Jira.","https://github.com/opencart/opencart","ISTQB Certified Tester Foundation Level (CTFL)","ISTQB","https://www.istqb.org/certifications/certified-tester-foundation-level"
"QA Engineer","Test Case Design, Manual Testing, Bug Reporting, SDLC, STLC, SQL Basics, API Testing, Usability Testing, Cross-browser Testing, SQL, Python (basic scripting), JavaScript (basic understanding for web apps), N/A (focus on test management tools)","Public REST API Manual Testing and Validation","Manually test a public REST API (e.g., a weather service, user management API) using Postman. Cover various HTTP methods (GET, POST, PUT, DELETE), validate request/response payloads, and verify status codes and error handling mechanisms.","https://github.com/public-apis/public-apis","Certified Associate in Software Testing (CAST)","Quality Assurance Institute (QAI)","https://www.qaiindia.com/certified-associate-in-software-testing-cast"
"QA Engineer","Test Case Design, Manual Testing, Bug Reporting, SDLC, STLC, SQL Basics, API Testing, Usability Testing, Cross-browser Testing, SQL, Python (basic scripting), JavaScript (basic understanding for web apps), N/A (focus on test management tools)","Mobile Application Usability and Functional Testing","Conduct thorough usability and functional testing for an open-source Android or iOS application (e.g., a simple ToDo app, news reader). Collect user feedback, identify UX/UI inconsistencies, and report performance bottlenecks and crashes.","https://github.com/appium/sample-code/tree/master/sample-code/apps","Google Project Management: Professional Certificate","Coursera / Google","https://www.coursera.org/professional-certificates/google-project-management"
"QA Engineer","Test Case Design, Manual Testing, Bug Reporting, SDLC, STLC, SQL Basics, API Testing, Usability Testing, Cross-browser Testing, SQL, Python (basic scripting), JavaScript (basic understanding for web apps), N/A (focus on test management tools)","Database Integrity and Data Validation Testing","Design and execute test cases to verify data integrity and consistency for a sample web application's PostgreSQL or MySQL database. Write SQL queries to validate data persistence, relationships, and accuracy after various application operations.","https://github.com/bradtraversy/node_express_mongodb_starter","AgilePM Foundation","APMG International","https://apmg-international.com/product/agilepm-foundation"
"QA Engineer","Test Case Design, Manual Testing, Bug Reporting, SDLC, STLC, SQL Basics, API Testing, Usability Testing, Cross-browser Testing, SQL, Python (basic scripting), JavaScript (basic understanding for web apps), N/A (focus on test management tools)","Cross-Browser and Responsive Design Testing","Test an open-source web application across multiple major browsers (Chrome, Firefox, Edge, Safari) and different device resolutions/viewports. Document visual rendering issues, layout discrepancies, and functional regressions in a test report.","https://github.com/gothinkster/realworld","Postman API Fundamentals Student Expert","Postman","https://www.postman.com/company/student-program/postman-student-expert/"
"QA Engineer","Test Case Design, Manual Testing, Bug Reporting, SDLC, STLC, SQL Basics, API Testing, Usability Testing, Cross-browser Testing, SQL, Python (basic scripting), JavaScript (basic understanding for web apps), N/A (focus on test management tools)","Exploratory Testing for a Project Management Tool","Conduct exploratory testing on an open-source project management tool (e.g., Taiga, OpenProject) to uncover hidden defects and edge cases. Document test charters, observed behaviors, and newly discovered bugs without predefined test cases.","https://github.com/taigaio/taiga-front","Introduction to Software Testing","Coursera / University of Minnesota","https://www.coursera.org/learn/software-testing"
"Automation Test Engineer","Test Automation Frameworks, Programming (Python/Java/JS), Selenium WebDriver, API Automation, CI/CD Integration, Git, SQL, Performance Testing (basics), Python, Java, JavaScript (at least one strong), Selenium, Playwright, Cypress, Rest-Assured, JUnit, TestNG, Pytest, Robot Framework, Cucumber/SpecFlow","Web UI Automation Framework with Selenium and Python","Build a robust UI test automation framework for an open-source e-commerce website using Selenium WebDriver, Python, and Pytest. Implement the Page Object Model, data-driven testing, and integrate Allure Report for comprehensive test results visualization.","https://github.com/barancev/selenium-test-samples/tree/master/python","ISTQB Certified Tester Advanced Level - Test Automation Engineer","ISTQB","https://www.istqb.org/certifications/test-automation-engineer"
"Automation Test Engineer","Test Automation Frameworks, Programming (Python/Java/JS), Selenium WebDriver, API Automation, CI/CD Integration, Git, SQL, Performance Testing (basics), Python, Java, JavaScript (at least one strong), Selenium, Playwright, Cypress, Rest-Assured, JUnit, TestNG, Pytest, Robot Framework, Cucumber/SpecFlow","REST API Test Automation Suite using Java and Rest-Assured","Develop an automated API testing suite for a public REST API using Java, Rest-Assured, and JUnit or TestNG. Cover various HTTP methods, validate request/response schemas, implement authentication, and perform data consistency checks across endpoints.","https://github.com/rest-assured/rest-assured/tree/master/rest-assured-examples","Certified Software Test Professional (CSTP) - Automation Specialist","International Software Testing Institute (ISTI)","https://www.testinginstitute.com/automation-specialist.php"
"Automation Test Engineer","Test Automation Frameworks, Programming (Python/Java/JS), Selenium WebDriver, API Automation, CI/CD Integration, Git, SQL, Performance Testing (basics), Python, Java, JavaScript (at least one strong), Selenium, Playwright, Cypress, Rest-Assured, JUnit, TestNG, Pytest, Robot Framework, Cucumber/SpecFlow","BDD Test Automation with Cypress and Cucumber","Implement a Behavior-Driven Development (BDD) test suite for a web application using Cypress and JavaScript, integrating with Cypress-Cucumber Preprocessor. Define user stories in Gherkin syntax and automate scenarios for critical user flows.","https://github.com/cypress-io/cypress-example-recipes/tree/master/examples/fundamentals__basetests","Microsoft Certified: Azure DevOps Engineer Expert","Microsoft","https://learn.microsoft.com/en-us/certifications/azure-devops-engineer/"
"Automation Test Engineer","Test Automation Frameworks, Programming (Python/Java/JS), Selenium WebDriver, API Automation, CI/CD Integration, Git, SQL, Performance Testing (basics), Python, Java, JavaScript (at least one strong), Selenium, Playwright, Cypress, Rest-Assured, JUnit, TestNG, Pytest, Robot Framework, Cucumber/SpecFlow","CI/CD Pipeline Integration for Test Automation","Integrate an existing web or API automation suite into a CI/CD pipeline using GitHub Actions or Jenkins. Configure the pipeline to trigger tests on every code push, generate reports, and provide feedback on build quality.","https://github.com/actions/starter-workflows/blob/main/ci/javascript-action.yml","Google IT Automation with Python Professional Certificate","Coursera / Google","https://www.coursera.org/professional-certificates/google-it-automation-python"
"Automation Test Engineer","Test Automation Frameworks, Programming (Python/Java/JS), Selenium WebDriver, API Automation, CI/CD Integration, Git, SQL, Performance Testing (basics), Python, Java, JavaScript (at least one strong), Selenium, Playwright, Cypress, Rest-Assured, JUnit, TestNG, Pytest, Robot Framework, Cucumber/SpecFlow","Containerized Test Environment with Docker and Selenium Grid","Containerize a Selenium-based test automation suite using Docker Compose to set up a scalable Selenium Grid. This project enables running tests in isolated, consistent environments across different browser versions and operating systems, improving test reliability.","https://github.com/SeleniumHQ/docker-selenium","Cypress.io Certification","Cypress.io","https://www.cypress.io/certification"
"Automation Test Engineer","Test Automation Frameworks, Programming (Python/Java/JS), Selenium WebDriver, API Automation, CI/CD Integration, Git, SQL, Performance Testing (basics), Python, Java, JavaScript (at least one strong), Selenium, Playwright, Cypress, Rest-Assured, JUnit, TestNG, Pytest, Robot Framework, Cucumber/SpecFlow","Performance Test Script Development with Apache JMeter","Create and execute performance test scripts for an open-source web application using Apache JMeter. Simulate various user loads, analyze response times, throughput, and error rates to identify performance bottlenecks and ensure system stability.","https://github.com/apache/jmeter","AWS Certified Developer - Associate","Amazon Web Services (AWS)","https://aws.amazon.com/certification/certified-developer-associate/"
"Performance Test Engineer","Performance testing strategies, Load testing, Stress testing, Scalability testing, Bottleneck analysis, Test automation, Monitoring, Metrics analysis, Reporting, Root cause analysis, Python, Java, JavaScript, Groovy, C#, JMeter, Gatling, k6, Locust, LoadRunner, NeoLoad, Postman, SoapUI","E-commerce Platform Load Testing with JMeter","Develop a JMeter script to simulate a high load on an e-commerce platform, covering user flows like browsing products, adding to cart, and checkout. Analyze response times, throughput, and error rates to identify performance bottlenecks using JTL reports.","https://github.com/jmeter-templates/ecommerce-load-test","Certified Performance Tester (CPT)","International Software Testing Qualifications Board (ISTQB)","https://www.istqb.org/certifications/certified-tester-performance-testing-en.html"
"Performance Test Engineer","Performance testing strategies, Load testing, Stress testing, Scalability testing, Bottleneck analysis, Test automation, Monitoring, Metrics analysis, Reporting, Root cause analysis, Python, Java, JavaScript, Groovy, C#, JMeter, Gatling, k6, Locust, LoadRunner, NeoLoad, Postman, SoapUI","API Performance Testing with k6 and Grafana","Create performance test scripts for a RESTful API using k6, simulating various concurrent users and request patterns. Integrate k6 with Prometheus and Grafana for real-time monitoring and visualization of API performance metrics during the test execution.","https://github.com/k6-templates/api-performance-grafana","AWS Certified Solutions Architect – Associate","AWS","https://aws.amazon.com/certification/certified-solutions-architect-associate/"
"Performance Test Engineer","Performance testing strategies, Load testing, Stress testing, Scalability testing, Bottleneck analysis, Test automation, Monitoring, Metrics analysis, Reporting, Root cause analysis, Python, Java, JavaScript, Groovy, C#, JMeter, Gatling, k6, Locust, LoadRunner, NeoLoad, Postman, SoapUI","Web Application Stress Testing using Gatling","Design and execute a stress test for a web application using Gatling, pushing the system to its breaking point to determine its maximum capacity. Analyze the results to understand system behavior under extreme load and identify scalability limits.","https://github.com/gatling-templates/web-app-stress-test","Microsoft Certified: Azure Administrator Associate","Microsoft","https://learn.microsoft.com/en-us/certifications/azure-administrator/"
"Performance Test Engineer","Performance testing strategies, Load testing, Stress testing, Scalability testing, Bottleneck analysis, Test automation, Monitoring, Metrics analysis, Reporting, Root cause analysis, Python, Java, JavaScript, Groovy, C#, JMeter, Gatling, k6, Locust, LoadRunner, NeoLoad, Postman, SoapUI","CI/CD Pipeline Integration for Performance Tests","Implement a CI/CD pipeline (e.g., Jenkins or GitLab CI) that automatically triggers performance tests on a microservices application after every build. Configure the pipeline to generate reports and fail the build if performance benchmarks are not met.","https://github.com/devops-perf-templates/ci-cd-performance-pipeline","JMeter & Gatling Performance Testing - The Complete Guide (Udemy)","Udemy","https://www.udemy.com/courses/search/?src=ukw&q=jmeter+gatling+performance"
"Performance Test Engineer","Performance testing strategies, Load testing, Stress testing, Scalability testing, Bottleneck analysis, Test automation, Monitoring, Metrics analysis, Reporting, Root cause analysis, Python, Java, JavaScript, Groovy, C#, JMeter, Gatling, k6, Locust, LoadRunner, NeoLoad, Postman, SoapUI","Database Performance Benchmarking with Locust","Develop a Locust script to simulate concurrent user operations against a database-driven application, focusing on database query performance. Monitor database metrics (CPU, I/O, query execution times) during the test to identify slow queries and indexing issues.","https://github.com/locust-templates/database-benchmark","Certified Software Test Engineer (CSTE)","QAI Global Institute","https://www.qaiglobalinstitute.com/certification/software-testing/cste/"
"Performance Test Engineer","Performance testing strategies, Load testing, Stress testing, Scalability testing, Bottleneck analysis, Test automation, Monitoring, Metrics analysis, Reporting, Root cause analysis, Python, Java, JavaScript, Groovy, C#, JMeter, Gatling, k6, Locust, LoadRunner, NeoLoad, Postman, SoapUI","Cloud-native Application Scalability Testing","Conduct scalability tests on a containerized application deployed on Kubernetes, simulating increasing user loads and observing how the application scales resources. Utilize tools like Prometheus and Grafana to monitor pod autoscaling and resource utilization.","https://github.com/cloud-native-perf-templates/kubernetes-scalability","Certified Professional in Software Architecture (CPSA-F)","iSAQB","https://www.isaqb.org/certifications/cpsa-foundation-level/"
"Security QA Engineer","Security testing methodologies (SAST, DAST, IAST, RASP), Penetration testing, Vulnerability assessment, Threat modeling, Security test automation, OWASP Top 10, Common attack vectors, Security best practices, Compliance, Risk assessment, Python, Java, JavaScript, Go, C#, Selenium (for UI security testing), Playwright, Pytest, JUnit, OWASP ZAP, Burp Suite, Nmap, Metasploit Framework, Nessus","Automated OWASP Top 10 Vulnerability Scanner for Web Apps","Develop a Python-based script utilizing frameworks like Selenium or Playwright combined with OWASP ZAP to automatically scan a target web application for the OWASP Top 10 vulnerabilities. Generate a detailed report outlining identified risks and potential remediation steps.","https://github.com/security-qa-templates/owasp-top10-scanner","CompTIA Security+","CompTIA","https://www.comptia.org/certifications/security"
"Security QA Engineer","Security testing methodologies (SAST, DAST, IAST, RASP), Penetration testing, Vulnerability assessment, Threat modeling, Security test automation, OWASP Top 10, Common attack vectors, Security best practices, Compliance, Risk assessment, Python, Java, JavaScript, Go, C#, Selenium (for UI security testing), Playwright, Pytest, JUnit, OWASP ZAP, Burp Suite, Nmap, Metasploit Framework, Nessus","CI/CD Pipeline with Integrated SAST/DAST Tools","Configure a CI/CD pipeline (e.g., Jenkins) for a sample Java Spring Boot application to include Static Application Security Testing (SAST) with SonarQube and Dynamic Application Security Testing (DAST) with OWASP ZAP proxy. Automate security checks as part of the build process.","https://github.com/devsecops-templates/ci-cd-security-pipeline","Certified Ethical Hacker (CEH)","EC-Council","https://www.eccouncil.org/programs/certified-ethical-hacker-ceh/"
"Security QA Engineer","Security testing methodologies (SAST, DAST, IAST, RASP), Penetration testing, Vulnerability assessment, Threat modeling, Security test automation, OWASP Top 10, Common attack vectors, Security best practices, Compliance, Risk assessment, Python, Java, JavaScript, Go, C#, Selenium (for UI security testing), Playwright, Pytest, JUnit, OWASP ZAP, Burp Suite, Nmap, Metasploit Framework, Nessus","API Security Testing Framework with Postman/Newman","Create a collection of API security tests in Postman to identify vulnerabilities like broken authentication, improper authorization, and injection flaws. Automate execution using Newman within a CI environment and integrate with a vulnerability reporting system.","https://github.com/api-security-templates/postman-security-tests","GIAC Certified Web Application Penetration Tester (GWAPT)","GIAC Certifications","https://www.giac.org/certifications/web-application-penetration-tester-gwapt/"
"Security QA Engineer","Security testing methodologies (SAST, DAST, IAST, RASP), Penetration testing, Vulnerability assessment, Threat modeling, Security test automation, OWASP Top 10, Common attack vectors, Security best practices, Compliance, Risk assessment, Python, Java, JavaScript, Go, C#, Selenium (for UI security testing), Playwright, Pytest, JUnit, OWASP ZAP, Burp Suite, Nmap, Metasploit Framework, Nessus","Container Image Vulnerability Scanning & Hardening","Set up a process to scan Docker images for known vulnerabilities using tools like Clair or Trivy during the build phase. Implement Dockerfile best practices to minimize attack surface and ensure only hardened images are deployed to production.","https://github.com/container-security-templates/docker-hardening-scanner","Certified Tester - Foundation Level (CTFL)","International Software Testing Qualifications Board (ISTQB)","https://www.istqb.org/certifications/certified-tester-foundation-level.html"
"Security QA Engineer","Security testing methodologies (SAST, DAST, IAST, RASP), Penetration testing, Vulnerability assessment, Threat modeling, Security test automation, OWASP Top 10, Common attack vectors, Security best practices, Compliance, Risk assessment, Python, Java, JavaScript, Go, C#, Selenium (for UI security testing), Playwright, Pytest, JUnit, OWASP ZAP, Burp Suite, Nmap, Metasploit Framework, Nessus","Cloud Security Misconfiguration Auditor (AWS/Azure)","Develop a script (e.g., Python with Boto3 for AWS or Azure SDK) to audit cloud resource configurations (e.g., S3 buckets, security groups, RBAC policies) against security best practices and compliance standards. Generate reports on identified misconfigurations.","https://github.com/cloud-security-templates/config-auditor","Certified Cloud Security Professional (CCSP)","(ISC)²","https://www.isc2.org/Certifications/CCSP"
"Security QA Engineer","Security testing methodologies (SAST, DAST, IAST, RASP), Penetration testing, Vulnerability assessment, Threat modeling, Security test automation, OWASP Top 10, Common attack vectors, Security best practices, Compliance, Risk assessment, Python, Java, JavaScript, Go, C#, Selenium (for UI security testing), Playwright, Pytest, JUnit, OWASP ZAP, Burp Suite, Nmap, Metasploit Framework, Nessus","Threat Modeling and Test Case Generation for a Microservice","Perform a threat modeling exercise for a new microservice using STRIDE methodology, identifying potential threats and vulnerabilities. Based on the threat model, develop comprehensive security test cases covering various attack surfaces for the microservice.","https://github.com/threat-modeling-templates/microservice-security-tests","Microsoft Certified: Azure Security Engineer Associate","Microsoft","https://learn.microsoft.com/en-us/certifications/azure-security-engineer/"
"Solutions Architect","System design, Distributed systems, Cloud architecture (IaaS, PaaS, SaaS), Microservices, API design, Data modeling, Security architecture, Networking, Cost optimization, Technical leadership, Stakeholder management, Architectural patterns, Non-functional requirements, Python, Java, Go, C#, JavaScript, SQL, Shell Scripting, Domain-Driven Design (DDD), TOGAF (principles), Serverless Framework, Kubernetes ecosystem tools, Terraform/CloudFormation","Serverless E-commerce Platform Architecture on AWS","Design and prototype a scalable, cost-effective serverless e-commerce platform using AWS Lambda, API Gateway, DynamoDB, and S3. Focus on designing highly available components, secure API access, and event-driven processing for order fulfillment and inventory management.","https://github.com/aws-serverless-architectures/ecommerce-template","AWS Certified Solutions Architect – Professional","AWS","https://aws.amazon.com/certification/certified-solutions-architect-professional/"
"Solutions Architect","System design, Distributed systems, Cloud architecture (IaaS, PaaS, SaaS), Microservices, API design, Data modeling, Security architecture, Networking, Cost optimization, Technical leadership, Stakeholder management, Architectural patterns, Non-functional requirements, Python, Java, Go, C#, JavaScript, SQL, Shell Scripting, Domain-Driven Design (DDD), TOGAF (principles), Serverless Framework, Kubernetes ecosystem tools, Terraform/CloudFormation","Microservices Migration Strategy for a Monolithic Application","Develop a phased migration strategy and architectural design for decomposing a legacy monolithic application into a set of independent microservices. Detail communication patterns, data consistency, deployment strategies (Kubernetes), and API gateway implementation.","https://github.com/microservices-patterns/monolith-to-microservice-migration","Microsoft Certified: Azure Solutions Architect Expert","Microsoft","https://learn.microsoft.com/en-us/certifications/azure-solutions-architect/"
"Solutions Architect","System design, Distributed systems, Cloud architecture (IaaS, PaaS, SaaS), Microservices, API design, Data modeling, Security architecture, Networking, Cost optimization, Technical leadership, Stakeholder management, Architectural patterns, Non-functional requirements, Python, Java, Go, C#, JavaScript, SQL, Shell Scripting, Domain-Driven Design (DDD), TOGAF (principles), Serverless Framework, Kubernetes ecosystem tools, Terraform/CloudFormation","Hybrid Cloud Data Analytics Platform on Azure","Architect a hybrid cloud solution for real-time data ingestion and analytics, combining on-premise data sources with Azure Data Lake Storage, Azure Databricks, and Power BI. Design for secure data transfer, governance, and scalable processing of large datasets.","https://github.com/azure-hybrid-cloud-templates/data-analytics-platform","Google Cloud Certified - Professional Cloud Architect","Google Cloud","https://cloud.google.com/certification/cloud-architect"
"Solutions Architect","System design, Distributed systems, Cloud architecture (IaaS, PaaS, SaaS), Microservices, API design, Data modeling, Security architecture, Networking, Cost optimization, Technical leadership, Stakeholder management, Architectural patterns, Non-functional requirements, Python, Java, Go, C#, JavaScript, SQL, Shell Scripting, Domain-Driven Design (DDD), TOGAF (principles), Serverless Framework, Kubernetes ecosystem tools, Terraform/CloudFormation","Event-Driven Architecture for IoT Device Management","Design an event-driven architecture using Kafka or AWS Kinesis for managing and processing data from a fleet of IoT devices. Focus on data ingestion, real-time analytics, command and control mechanisms, and scalable storage solutions.","https://github.com/event-driven-architectures/iot-platform-design","TOGAF 9 Certified","The Open Group","https://www.opengroup.org/certifications/togaf-9-certified"
"Solutions Architect","System design, Distributed systems, Cloud architecture (IaaS, PaaS, SaaS), Microservices, API design, Data modeling, Security architecture, Networking, Cost optimization, Technical leadership, Stakeholder management, Architectural patterns, Non-functional requirements, Python, Java, Go, C#, JavaScript, SQL, Shell Scripting, Domain-Driven Design (DDD), TOGAF (principles), Serverless Framework, Kubernetes ecosystem tools, Terraform/CloudFormation","Multi-Region Disaster Recovery Solution for a SaaS Application","Create a high-availability and disaster recovery architecture for a critical SaaS application deployed across multiple AWS regions. Detail strategies for active-passive or active-active setups, data replication, RPO/RTO objectives, and automated failover mechanisms.","https://github.com/cloud-dr-solutions/multi-region-saas-dr","Certified Kubernetes Application Developer (CKAD)","Linux Foundation","https://training.linuxfoundation.org/certification/certified-kubernetes-application-developer-ckad/"
"Solutions Architect","System design, Distributed systems, Cloud architecture (IaaS, PaaS, SaaS), Microservices, API design, Data modeling, Security architecture, Networking, Cost optimization, Technical leadership, Stakeholder management, Architectural patterns, Non-functional requirements, Python, Java, Go, C#, JavaScript, SQL, Shell Scripting, Domain-Driven Design (DDD), TOGAF (principles), Serverless Framework, Kubernetes ecosystem tools, Terraform/CloudFormation","Secure Enterprise API Gateway and Identity Management System","Architect an enterprise-grade API Gateway solution (e.g., Apigee, Kong, AWS API Gateway) integrated with an Identity and Access Management (IAM) system (e.g., Okta, Azure AD) to provide secure, controlled access to internal and external APIs. Detail authentication, authorization, and rate limiting policies.","https://github.com/enterprise-api-patterns/secure-gateway-iam","Certified Cloud Security Professional (CCSP)","(ISC)²","https://www.isc2.org/Certifications/CCSP"
"Enterprise Architect","TOGAF, Zachman Framework, Enterprise Architecture Frameworks, IT Strategy, Business Process Modeling, Solution Design, Risk Management, Architecture Governance, Python (scripting/automation), SQL, optionally Java/C# (understanding), ArchiMate, BPMN, UML","Enterprise Application Rationalization Strategy","Develop a comprehensive strategy and roadmap for rationalizing an organization's existing application portfolio. This project involves cataloging applications, assessing their business value and technical health, and proposing retirement, consolidation, or modernization plans, including cost analysis and a phased migration strategy.","https://github.com/enterprise-architecture-templates/app-rationalization-playbook","TOGAF® Standard, 10th Edition Foundation and Practitioner","The Open Group","https://www.opengroup.org/certifications/togaf"
"Enterprise Architect","TOGAF, Zachman Framework, Enterprise Architecture Frameworks, IT Strategy, Business Process Modeling, Solution Design, Risk Management, Architecture Governance, Python (scripting/automation), SQL, optionally Java/C# (understanding), ArchiMate, BPMN, UML","Multi-Cloud Migration Target Architecture & Roadmap","Design a detailed target architecture for migrating critical on-premises enterprise applications to a hybrid multi-cloud environment (e.g., AWS and Azure). This encompasses defining cloud-native patterns, data migration strategies, robust security controls, networking interconnectivity, and a comprehensive migration roadmap.","https://github.com/cloud-architect-templates/multi-cloud-migration-strategy","AWS Certified Solutions Architect - Professional","Amazon Web Services (AWS)","https://aws.amazon.com/certification/certified-solutions-architect-professional/"
"Enterprise Architect","TOGAF, Zachman Framework, Enterprise Architecture Frameworks, IT Strategy, Business Process Modeling, Solution Design, Risk Management, Architecture Governance, Python (scripting/automation), SQL, optionally Java/C# (understanding), ArchiMate, BPMN, UML","Enterprise Data Governance Framework Implementation","Create an enterprise-wide data governance framework and implement its key components covering data quality, privacy (e.g., GDPR, CCPA), security, and lifecycle management. The project includes defining architectural principles, selecting appropriate tooling, and outlining organizational roles and responsibilities.","https://github.com/data-governance-solutions/framework-template","Microsoft Certified: Azure Solutions Architect Expert","Microsoft","https://learn.microsoft.com/en-us/certifications/azure-solutions-architect-expert/"
"Enterprise Architect","TOGAF, Zachman Framework, Enterprise Architecture Frameworks, IT Strategy, Business Process Modeling, Solution Design, Risk Management, Architecture Governance, Python (scripting/automation), SQL, optionally Java/C# (understanding), ArchiMate, BPMN, UML","API Economy & Digital Integration Strategy","Outline a strategic roadmap for enabling an 'API Economy' for an enterprise, focusing on secure externalization of services and internal integration. This includes defining API security patterns, selecting an API Gateway, designing API lifecycle management, and planning for an internal developer portal to foster innovation.","https://github.com/api-architecture-patterns/api-strategy-template","Certified Information Systems Security Professional (CISSP)","(ISC)²","https://www.isc2.org/Certifications/CISSP"
"Enterprise Architect","TOGAF, Zachman Framework, Enterprise Architecture Frameworks, IT Strategy, Business Process Modeling, Solution Design, Risk Management, Architecture Governance, Python (scripting/automation), SQL, optionally Java/C# (understanding), ArchiMate, BPMN, UML","Cybersecurity Architecture Blueprint for Zero Trust","Develop a high-level cybersecurity architecture blueprint for an enterprise adopting zero-trust principles. This involves designing identity and access management (IAM) solutions, network segmentation strategies, data protection mechanisms, and integrating advanced threat detection and response systems across the IT landscape.","https://github.com/security-architecture-frameworks/cybersecurity-blueprint-template","ITIL 4 Strategist/Leader","AXELOS","https://www.axelos.com/certifications/itil-4-strategist"
"Enterprise Architect","TOGAF, Zachman Framework, Enterprise Architecture Frameworks, IT Strategy, Business Process Modeling, Solution Design, Risk Management, Architecture Governance, Python (scripting/automation), SQL, optionally Java/C# (understanding), ArchiMate, BPMN, UML","Business Capability Mapping & IT Alignment","Perform a comprehensive business capability mapping exercise for a specific organizational domain (e.g., Customer Relationship Management, Supply Chain). The project involves defining business capabilities, assessing their maturity, and aligning current and future IT systems and applications to support and enhance these capabilities, identifying gaps and overlaps.","https://github.com/business-architecture-templates/capability-mapping-framework","Google Cloud Certified - Professional Cloud Architect","Google Cloud","https://cloud.google.com/certification/cloud-architect"
"Cloud Architect","Cloud Native Design, Distributed Systems, Microservices, Infrastructure as Code (IaC), CI/CD, Network Design, Security Best Practices, Cost Optimization, Disaster Recovery, High Availability, Python, Go, Java, Node.js, PowerShell (for automation/scripting), Serverless Framework, Kubernetes, Terraform, CloudFormation, Ansible, Helm","Serverless E-commerce Backend on AWS","Design and implement a highly scalable, available, and cost-effective serverless backend for an e-commerce application on AWS. This project leverages AWS Lambda, API Gateway, DynamoDB, S3, Cognito for user authentication, and is deployed and managed using the Serverless Framework for Infrastructure as Code.","https://github.com/aws-samples/aws-serverless-ecommerce-backend","AWS Certified Solutions Architect - Professional","Amazon Web Services (AWS)","https://aws.amazon.com/certification/certified-solutions-architect-professional/"
"Cloud Architect","Cloud Native Design, Distributed Systems, Microservices, Infrastructure as Code (IaC), CI/CD, Network Design, Security Best Practices, Cost Optimization, Disaster Recovery, High Availability, Python, Go, Java, Node.js, PowerShell (for automation/scripting), Serverless Framework, Kubernetes, Terraform, CloudFormation, Ansible, Helm","Multi-Cloud Disaster Recovery Solution with Terraform","Architect and implement a robust disaster recovery solution for a critical web application spanning two different cloud providers (e.g., AWS and Azure). This involves designing active-passive or active-active failover strategies, data replication mechanisms, and automating infrastructure deployment and failover processes using Terraform.","https://github.com/terraform-aws-modules/terraform-azurerm-multi-cloud-dr","Microsoft Certified: Azure Solutions Architect Expert","Microsoft","https://learn.microsoft.com/en-us/certifications/azure-solutions-architect-expert/"
"Cloud Architect","Cloud Native Design, Distributed Systems, Microservices, Infrastructure as Code (IaC), CI/CD, Network Design, Security Best Practices, Cost Optimization, Disaster Recovery, High Availability, Python, Go, Java, Node.js, PowerShell (for automation/scripting), Serverless Framework, Kubernetes, Terraform, CloudFormation, Ansible, Helm","Kubernetes Microservices Deployment with CI/CD & Monitoring","Deploy a microservices-based application to a managed Kubernetes cluster (EKS, AKS, or GKE) using Helm charts for package management. Implement a CI/CD pipeline (e.g., GitHub Actions, GitLab CI) for automated builds and deployments, and integrate Prometheus and Grafana for comprehensive monitoring and alerting.","https://github.com/kubernetes-sigs/aws-load-balancer-controller","Google Cloud Certified - Professional Cloud Architect","Google Cloud","https://cloud.google.com/certification/cloud-architect"
"Cloud Architect","Cloud Native Design, Distributed Systems, Microservices, Infrastructure as Code (IaC), CI/CD, Network Design, Security Best Practices, Cost Optimization, Disaster Recovery, High Availability, Python, Go, Java, Node.js, PowerShell (for automation/scripting), Serverless Framework, Kubernetes, Terraform, CloudFormation, Ansible, Helm","Secure Hybrid Cloud Network Architecture","Design and configure a secure hybrid cloud network architecture connecting an on-premises data center with a public cloud environment (e.g., Azure with ExpressRoute/VPN Gateway). This involves setting up VNETs/VPCs, network security groups, firewall rules, and ensuring secure and efficient data transfer between environments.","https://github.com/Azure/azure-quickstart-templates/tree/master/quickstarts/microsoft.network/vpn-gateway-create","Certified Kubernetes Administrator (CKA)","Cloud Native Computing Foundation (CNCF)","https://training.linuxfoundation.org/certification/certified-kubernetes-administrator-cka/"
"Cloud Architect","Cloud Native Design, Distributed Systems, Microservices, Infrastructure as Code (IaC), CI/CD, Network Design, Security Best Practices, Cost Optimization, Disaster Recovery, High Availability, Python, Go, Java, Node.js, PowerShell (for automation/scripting), Serverless Framework, Kubernetes, Terraform, CloudFormation, Ansible, Helm","Event-Driven Data Lake on Google Cloud Platform","Build a scalable and cost-effective event-driven data lake architecture on GCP for ingesting, processing, and analyzing large volumes of diverse data. Utilize services like Cloud Storage for raw data, Pub/Sub for event ingestion, Dataflow for processing, and BigQuery for analytical querying, demonstrating end-to-end data pipeline capabilities.","https://github.com/GoogleCloudPlatform/cloud-data-pipeline-templates","HashiCorp Certified: Terraform Associate","HashiCorp","https://www.hashicorp.com/certifications/terraform"
"Cloud Architect","Cloud Native Design, Distributed Systems, Microservices, Infrastructure as Code (IaC), CI/CD, Network Design, Security Best Practices, Cost Optimization, Disaster Recovery, High Availability, Python, Go, Java, Node.js, PowerShell (for automation/scripting), Serverless Framework, Kubernetes, Terraform, CloudFormation, Ansible, Helm","FinOps Dashboard for Cloud Cost Optimization","Develop an automated solution to collect and analyze cloud billing and usage data from multiple cloud providers (AWS Cost Explorer, Azure Cost Management APIs). The project includes building a data pipeline to process this information and creating a FinOps dashboard (e.g., using PowerBI or Grafana) to provide actionable insights for cost optimization and resource governance.","https://github.com/Cloud-Cost-Optimization-Templates/finops-dashboard-starter","CompTIA Cloud+","CompTIA","https://www.comptia.org/certifications/cloud"
"Technical Lead","Software Design Patterns, System Architecture, Code Review, Mentorship, Project Management, Agile Methodologies, Troubleshooting, Performance Tuning, API Design, Technical Debt Management, Java, Python, C#, JavaScript, Go, Ruby (at least one mastery, others familiar), Spring Boot, .NET, Django, Node.js/Express, React, Angular, Vue.js, GraphQL, gRPC","Scalable Microservices Platform with Spring Boot and Kafka","Lead the design and implementation of a new microservices platform using Spring Boot for services, Kafka for asynchronous event communication, and REST/gRPC APIs. Focus on implementing design patterns for resilience, service discovery, distributed tracing, and deploying to a Kubernetes cluster with comprehensive observability.","https://github.com/spring-petclinic/spring-petclinic-microservices","Professional Scrum Master I (PSM I)","Scrum.org","https://www.scrum.org/psm-i"
"Technical Lead","Software Design Patterns, System Architecture, Code Review, Mentorship, Project Management, Agile Methodologies, Troubleshooting, Performance Tuning, API Design, Technical Debt Management, Java, Python, C#, JavaScript, Go, Ruby (at least one mastery, others familiar), Spring Boot, .NET, Django, Node.js/Express, React, Angular, Vue.js, GraphQL, gRPC","Real-time Collaborative Whiteboard Application","Architect and lead the development of a real-time collaborative web application, such as a shared whiteboard or document editor. This project utilizes WebSockets (e.g., Socket.IO with Node.js/Express or Spring WebFlux) for instant updates and a modern front-end framework (React/Vue/Angular), focusing on concurrency, state synchronization, and secure communication.","https://github.com/socketio/socket.io-whiteboard","AWS Certified Developer - Associate","Amazon Web Services (AWS)","https://aws.amazon.com/certification/certified-developer-associate/"
"Technical Lead","Software Design Patterns, System Architecture, Code Review, Mentorship, Project Management, Agile Methodologies, Troubleshooting, Performance Tuning, API Design, Technical Debt Management, Java, Python, C#, JavaScript, Go, Ruby (at least one mastery, others familiar), Spring Boot, .NET, Django, Node.js/Express, React, Angular, Vue.js, GraphQL, gRPC","API Gateway and Service Mesh Implementation","Design and implement an API Gateway (e.g., Kong, AWS API Gateway) to manage external access to a suite of microservices, handling authentication, rate limiting, and routing. Additionally, introduce a service mesh (e.g., Istio, Linkerd) for advanced traffic management, policy enforcement, security, and enhanced observability within the Kubernetes cluster.","https://github.com/istio/istio","Microsoft Certified: Azure Developer Associate","Microsoft","https://learn.microsoft.com/en-us/certifications/azure-developer-associate/"
"Technical Lead","Software Design Patterns, System Architecture, Code Review, Mentorship, Project Management, Agile Methodologies, Troubleshooting, Performance Tuning, API Design, Technical Debt Management, Java, Python, C#, JavaScript, Go, Ruby (at least one mastery, others familiar), Spring Boot, .NET, Django, Node.js/Express, React, Angular, Vue.js, GraphQL, gRPC","Comprehensive DevSecOps Pipeline for a Web Application","Lead the creation of an end-to-end DevSecOps pipeline for a full-stack web application (e.g., Python/Django + React). Integrate security tools like SAST, DAST, dependency scanning, and secret management into the CI/CD workflow (e.g., GitHub Actions, GitLab CI), ensuring automated security checks from development to production.","https://github.com/devsecops-templates/devsecops-pipeline-starter","Google Cloud Certified - Professional Cloud Developer","Google Cloud","https://cloud.google.com/certification/cloud-developer"
"Technical Lead","Software Design Patterns, System Architecture, Code Review, Mentorship, Project Management, Agile Methodologies, Troubleshooting, Performance Tuning, API Design, Technical Debt Management, Java, Python, C#, JavaScript, Go, Ruby (at least one mastery, others familiar), Spring Boot, .NET, Django, Node.js/Express, React, Angular, Vue.js, GraphQL, gRPC","Event-Driven Data Processing System with RabbitMQ","Design and build a robust event-driven data processing system to decouple microservices and handle asynchronous operations. Utilize a message broker (e.g., RabbitMQ, Apache Kafka) for reliable message delivery, process data with independent workers, and persist results in a NoSQL database (e.g., MongoDB, Cassandra), focusing on scalability and fault tolerance.","https://github.com/EventDrivenArchitecture/event-driven-microservices-starter","Certified Kubernetes Application Developer (CKAD)","Cloud Native Computing Foundation (CNCF)","https://training.linuxfoundation.org/certification/certified-kubernetes-application-developer-ckad/"
"Technical Lead","Software Design Patterns, System Architecture, Code Review, Mentorship, Project Management, Agile Methodologies, Troubleshooting, Performance Tuning, API Design, Technical Debt Management, Java, Python, C#, JavaScript, Go, Ruby (at least one mastery, others familiar), Spring Boot, .NET, Django, Node.js/Express, React, Angular, Vue.js, GraphQL, gRPC","Performance Optimization & Refactoring of a Legacy Monolith","Take a simulated legacy monolithic application (e.g., a complex business application) and lead an effort to identify and resolve performance bottlenecks. This involves profiling, refactoring critical code sections, introducing caching layers (e.g., Redis), optimizing database queries, and potentially beginning the strategic extraction of well-defined components into microservices.","https://github.com/monolith-to-microservices/legacy-app-refactoring-template","Microsoft Certified: DevOps Engineer Expert","Microsoft","https://learn.microsoft.com/en-us/certifications/azure-devops-engineer/"
"Network Engineer","Network Protocols (TCP/IP, OSPF, BGP), Routing & Switching, Network Security, VPNs, QoS, Network Monitoring, Python, Bash, Go, Netmiko, Scrapli, Ansible (network modules)","Automated Network Device Configuration","Develop a Python script using Netmiko or Scrapli to automate the configuration of VLANs, interfaces, and routing protocols across multiple Cisco or Juniper network devices. This project demonstrates configuration management and scripting for efficiency.","https://github.com/network-automation-templates/cisco-vlan-automation","CCNA - Cisco Certified Network Associate","Cisco","https://www.cisco.com/c/en/us/training-events/training-certifications/certifications/associate/ccna.html"
"Network Engineer","Network Protocols (TCP/IP, OSPF, BGP), Routing & Switching, Network Security, VPNs, QoS, Network Monitoring, Python, Bash, Go, Netmiko, Scrapli, Ansible (network modules)","Network Monitoring with ELK Stack","Implement a network monitoring solution using Elasticsearch, Logstash, and Kibana (ELK stack) to collect, parse, and visualize syslog and SNMP trap data from various network devices. This showcases skills in log management and observability.","https://github.com/elk-stack-monitoring/network-syslog-dashboard","CompTIA Network+","CompTIA","https://www.comptia.org/certifications/network"
"Network Engineer","Network Protocols (TCP/IP, OSPF, BGP), Routing & Switching, Network Security, VPNs, QoS, Network Monitoring, Python, Bash, Go, Netmiko, Scrapli, Ansible (network modules)","SD-WAN Simulation with GNS3/EVE-NG","Design and simulate a multi-site SD-WAN topology using virtual routers (e.g., Cisco vEdge, FortiGate) in GNS3 or EVE-NG. Configure application-aware routing policies and demonstrate traffic steering based on defined SLAs.","https://github.com/sdwan-lab-simulations/fortigate-sdwan-topology","AWS Certified Advanced Networking - Specialty","AWS","https://aws.amazon.com/certification/certified-advanced-networking-specialty/"
"Network Engineer","Network Protocols (TCP/IP, OSPF, BGP), Routing & Switching, Network Security, VPNs, QoS, Network Monitoring, Python, Bash, Go, Netmiko, Scrapli, Ansible (network modules)","IPAM/DNS Automation with Custom Script","Create a Python script to automate IP address management (IPAM) and DNS record creation/deletion for a small network, potentially integrating with a simple SQLite database or an open-source IPAM solution's API. This highlights automation and resource management.","https://github.com/ipam-dns-automation/python-dns-ip-manager","JNCIS-SP - Juniper Networks Certified Internet Specialist, Service Provider Routing and Switching","Juniper Networks","https://www.juniper.net/us/en/training/certification/track/service-provider-routing-switching-track/jncis-sp.html"
"Network Engineer","Network Protocols (TCP/IP, OSPF, BGP), Routing & Switching, Network Security, VPNs, QoS, Network Monitoring, Python, Bash, Go, Netmiko, Scrapli, Ansible (network modules)","Cloud VPC Design and Secure Implementation","Architect and deploy a secure three-tier application infrastructure within an AWS VPC (or Azure VNet/GCP VPC), including subnets, route tables, security groups, NAT Gateways, and a site-to-site VPN connection. This demonstrates cloud networking and security best practices.","https://github.com/aws-networking-templates/vpc-3tier-app-terraform","PCCSA - Palo Alto Networks Certified Cybersecurity Associate","Palo Alto Networks","https://www.paloaltonetworks.com/training/certifications/pccsa"
"Network Engineer","Network Protocols (TCP/IP, OSPF, BGP), Routing & Switching, Network Security, VPNs, QoS, Network Monitoring, Python, Bash, Go, Netmiko, Scrapli, Ansible (network modules)","Network Firewall Policy Management with Ansible","Develop Ansible playbooks to standardize and deploy firewall rules to Palo Alto or FortiGate firewalls. The project includes creating security policies, address objects, and verifying their deployment, showcasing configuration automation for security.","https://github.com/ansible-firewall-automation/paloalto-policy-management","Microsoft Certified: Azure Network Engineer Associate","Microsoft","https://learn.microsoft.com/en-us/certifications/azure-network-engineer-associate/"
"Systems Administrator","Linux/Windows Server Administration, Virtualization (VMware/Hyper-V), Scripting (Bash/PowerShell), Active Directory/LDAP, Monitoring (Nagios/Zabbix), Troubleshooting, Bash, PowerShell, Python, N/A","Automated Web Server Provisioning with Ansible","Create Ansible playbooks to fully provision a Linux web server, including OS updates, Nginx/Apache installation, firewall configuration, and deployment of a simple static HTML website. This demonstrates configuration management and automation skills.","https://github.com/ansible-server-setup/nginx-webserver-automation","CompTIA Server+","CompTIA","https://www.comptia.org/certifications/server"
"Systems Administrator","Linux/Windows Server Administration, Virtualization (VMware/Hyper-V), Scripting (Bash/PowerShell), Active Directory/LDAP, Monitoring (Nagios/Zabbix), Troubleshooting, Bash, PowerShell, Python, N/A","Monitoring System Deployment with Zabbix","Deploy a complete Zabbix monitoring solution on a Linux server to monitor CPU, memory, disk, and network usage of multiple virtual machines (Linux and Windows). Configure custom alerts and dashboards, showcasing observability skills.","https://github.com/zabbix-templates/vm-monitoring-config","Microsoft Certified: Azure Administrator Associate","Microsoft","https://learn.microsoft.com/en-us/certifications/azure-administrator/"
"Systems Administrator","Linux/Windows Server Administration, Virtualization (VMware/Hyper-V), Scripting (Bash/PowerShell), Active Directory/LDAP, Monitoring (Nagios/Zabbix), Troubleshooting, Bash, PowerShell, Python, N/A","Active Directory Domain Configuration Lab","Set up a Windows Server with Active Directory Domain Services, configure users, groups, Organizational Units (OUs), and Group Policy Objects (GPOs) for client machine management. This project demonstrates core identity and access management skills.","https://github.com/windows-server-labs/active-directory-lab","Red Hat Certified System Administrator (RHCSA)","Red Hat","https://www.redhat.com/en/services/training/rhcsa"
"Systems Administrator","Linux/Windows Server Administration, Virtualization (VMware/Hyper-V), Scripting (Bash/PowerShell), Active Directory/LDAP, Monitoring (Nagios/Zabbix), Troubleshooting, Bash, PowerShell, Python, N/A","Containerized Application Deployment with Docker Compose","Package a simple multi-tier application (e.g., WordPress with MySQL) using Docker Compose. Deploy and manage the application on a single Linux host, demonstrating proficiency in containerization and application orchestration.","https://github.com/docker-compose-examples/wordpress-stack","AWS Certified SysOps Administrator - Associate","AWS","https://aws.amazon.com/certification/certified-sysops-admin-associate/"
"Systems Administrator","Linux/Windows Server Administration, Virtualization (VMware/Hyper-V), Scripting (Bash/PowerShell), Active Directory/LDAP, Monitoring (Nagios/Zabbix), Troubleshooting, Bash, PowerShell, Python, N/A","Scheduled Backup and Recovery Solution","Implement a robust scheduled backup solution for critical server data using Rsync for Linux or Windows Server Backup. Document the backup strategy, demonstrate data recovery procedures, and implement retention policies.","https://github.com/backup-solutions/linux-rsync-backup","Google IT Support Professional Certificate","Google / Coursera","https://www.coursera.org/professional-certificates/google-it-support"
"Systems Administrator","Linux/Windows Server Administration, Virtualization (VMware/Hyper-V), Scripting (Bash/PowerShell), Active Directory/LDAP, Monitoring (Nagios/Zabbix), Troubleshooting, Bash, PowerShell, Python, N/A","Cloud VM Management and Scripting (AWS/Azure)","Develop Bash or PowerShell scripts to automate routine tasks for cloud virtual machines (e.g., AWS EC2, Azure VMs), such as creation, stopping, starting, and snapshotting. This shows practical cloud administration and scripting integration.","https://github.com/cloud-vm-automation/aws-ec2-management-scripts","ITIL 4 Foundation","Axelos","https://www.axelos.com/certifications/itil-certifications/itil-4-foundation"
"Infrastructure Engineer","Cloud Platforms (AWS/Azure/GCP), IaC (Terraform, CloudFormation), Containerization (Docker, Kubernetes), CI/CD, Scripting (Python, Go, Bash), Linux Administration, Networking Fundamentals, Python, Go, Bash, PowerShell, N/A","IaC for Multi-Tier Web Application (Terraform)","Develop and deploy a scalable, secure three-tier web application (web, app, database) on a major cloud provider (AWS/Azure/GCP) using Terraform. This includes VPC, subnets, EC2/VMs, RDS/Managed Database, Load Balancer, and security groups.","https://github.com/terraform-aws-modules/terraform-aws-3tier-app","AWS Certified Solutions Architect - Associate","AWS","https://aws.amazon.com/certification/certified-solutions-architect-associate/"
"Infrastructure Engineer","Cloud Platforms (AWS/Azure/GCP), IaC (Terraform, CloudFormation), Containerization (Docker, Kubernetes), CI/CD, Scripting (Python, Go, Bash), Linux Administration, Networking Fundamentals, Python, Go, Bash, PowerShell, N/A","CI/CD Pipeline for Kubernetes Application","Set up a complete CI/CD pipeline using Jenkins or GitLab CI/CD to build a Docker image from application source code, push it to a container registry, and deploy the application to a Kubernetes cluster. This demonstrates GitOps principles and automation.","https://github.com/kubernetes-ci-cd-templates/jenkins-argocd-app","Microsoft Certified: Azure Solutions Architect Expert","Microsoft","https://learn.microsoft.com/en-us/certifications/azure-solutions-architect/"
"Infrastructure Engineer","Cloud Platforms (AWS/Azure/GCP), IaC (Terraform, CloudFormation), Containerization (Docker, Kubernetes), CI/CD, Scripting (Python, Go, Bash), Linux Administration, Networking Fundamentals, Python, Go, Bash, PowerShell, N/A","Automated Server Patching and Configuration Management","Create an automated system for patching and configuration management of Linux servers using Ansible. Implement roles for applying security patches, updating packages, and ensuring consistent configurations across environments.","https://github.com/ansible-automation/linux-server-patching","Certified Kubernetes Administrator (CKA)","CNCF","https://training.linuxfoundation.org/certification/certified-kubernetes-administrator-cka/"
"Infrastructure Engineer","Cloud Platforms (AWS/Azure/GCP), IaC (Terraform, CloudFormation), Containerization (Docker, Kubernetes), CI/CD, Scripting (Python, Go, Bash), Linux Administration, Networking Fundamentals, Python, Go, Bash, PowerShell, N/A","Monitoring and Alerting Stack with Prometheus & Grafana","Deploy and configure a Prometheus and Grafana monitoring stack on a Kubernetes cluster or virtual machines. Integrate it to collect metrics from infrastructure components, visualize data, and set up alert rules for critical events.","https://github.com/prometheus-grafana-stack/k8s-monitoring-setup","Terraform Associate","HashiCorp","https://www.hashicorp.com/certifications/terraform-associate"
"Infrastructure Engineer","Cloud Platforms (AWS/Azure/GCP), IaC (Terraform, CloudFormation), Containerization (Docker, Kubernetes), CI/CD, Scripting (Python, Go, Bash), Linux Administration, Networking Fundamentals, Python, Go, Bash, PowerShell, N/A","Self-healing Cloud Infrastructure with Serverless","Implement a self-healing mechanism for a cloud resource (e.g., EC2 instances, VMs) using cloud functions (AWS Lambda/Azure Functions/Google Cloud Functions). Automatically detect and remediate unhealthy instances or resources based on monitoring events.","https://github.com/cloud-automation-templates/aws-lambda-self-healing-ec2","Google Cloud Professional Cloud Architect","Google Cloud","https://cloud.google.com/certification/cloud-architect"
"Infrastructure Engineer","Cloud Platforms (AWS/Azure/GCP), IaC (Terraform, CloudFormation), Containerization (Docker, Kubernetes), CI/CD, Scripting (Python, Go, Bash), Linux Administration, Networking Fundamentals, Python, Go, Bash, PowerShell, N/A","Containerized Development Environment with Vagrant/Docker","Build a reproducible development environment using Vagrant to provision a VM, then orchestrate various services (e.g., PostgreSQL, Redis, Nginx) within Docker containers on that VM using Docker Compose. This ensures consistency for developers.","https://github.com/dev-env-boilerplate/vagrant-docker-devbox","CompTIA Linux+","CompTIA","https://www.comptia.org/certifications/linux"
"Linux/Unix Engineer","Operating System Fundamentals, Shell Scripting, Networking, System Administration, Troubleshooting, Virtualization, Bash, Python, Perl, Go, Ansible, Puppet, Chef, SaltStack","Automated Web Server Deployment with Ansible","Develop Ansible playbooks to provision and configure Nginx or Apache web servers on multiple Linux instances, including firewall rules, SSL certificate setup using Let's Encrypt, and basic security hardening. This project demonstrates Infrastructure as Code principles and automation.","https://github.com/devops-templates/ansible-nginx-webserver","CompTIA Linux+","CompTIA","https://www.comptia.org/certifications/linux"
"Linux/Unix Engineer","Operating System Fundamentals, Shell Scripting, Networking, System Administration, Troubleshooting, Virtualization, Bash, Python, Perl, Go, Ansible, Puppet, Chef, SaltStack","Containerized Application Stack with Docker Compose","Create a Docker Compose setup for a multi-service application, such as a Python Flask/Django web application connected to a PostgreSQL database, including volume management and network configuration. This showcases containerization, application orchestration, and environment reproducibility.","https://github.com/docker-templates/flask-postgres-app","Red Hat Certified System Administrator (RHCSA)","Red Hat","https://www.redhat.com/en/services/training-and-certification/rhcsa"
"Linux/Unix Engineer","Operating System Fundamentals, Shell Scripting, Networking, System Administration, Troubleshooting, Virtualization, Bash, Python, Perl, Go, Ansible, Puppet, Chef, SaltStack","System Monitoring Dashboard with Prometheus and Grafana","Set up a comprehensive monitoring solution for Linux hosts using Prometheus for metric collection (node_exporter) and Grafana for visualization and alerting. This project focuses on observability, data collection, and building insightful dashboards.","https://github.com/monitoring-templates/linux-grafana-prometheus","AWS Certified SysOps Administrator - Associate","Amazon Web Services (AWS)","https://aws.amazon.com/certification/certified-sysops-admin-associate/"
"Linux/Unix Engineer","Operating System Fundamentals, Shell Scripting, Networking, System Administration, Troubleshooting, Virtualization, Bash, Python, Perl, Go, Ansible, Puppet, Chef, SaltStack","Automated Backup and Recovery Solution","Implement a Python-based script utilizing `rsync` or `tar` to perform scheduled backups of critical system directories and databases to a remote storage (e.g., AWS S3 via `s3cmd` or an NFS share). This project emphasizes data integrity, disaster recovery, and scripting for operational tasks.","https://github.com/backup-solutions/python-s3-rsync","Certified Kubernetes Administrator (CKA)","Cloud Native Computing Foundation (CNCF)","https://www.cncf.io/certification/cka/"
"Linux/Unix Engineer","Operating System Fundamentals, Shell Scripting, Networking, System Administration, Troubleshooting, Virtualization, Bash, Python, Perl, Go, Ansible, Puppet, Chef, SaltStack","VPN Server Setup and Client Management","Configure an OpenVPN server on a Linux virtual machine, including certificate authority setup, client certificate generation, and client configuration profiles. This project highlights networking, security, and access control within a Linux environment.","https://github.com/networking-templates/openvpn-server-config","LPIC-1: Linux Administrator","Linux Professional Institute (LPI)","https://www.lpi.org/our-certifications/lpic-1-overview/"
"Linux/Unix Engineer","Operating System Fundamentals, Shell Scripting, Networking, System Administration, Troubleshooting, Virtualization, Bash, Python, Perl, Go, Ansible, Puppet, Chef, SaltStack","CI/CD Pipeline for Infrastructure Changes","Develop a CI/CD pipeline (e.g., using Jenkins, GitLab CI, or GitHub Actions) to lint, test, and apply Ansible playbooks or Terraform configurations to a staging environment. This demonstrates continuous integration and deployment practices for infrastructure management.","https://github.com/ci-cd-templates/jenkins-ansible-infra","Microsoft Certified: Azure Administrator Associate","Microsoft","https://learn.microsoft.com/en-us/certifications/azure-administrator/"
"AI Research Scientist","Machine Learning, Deep Learning, Statistical Modeling, Data Analysis, Algorithm Design, Scientific Computing, Python, R, Julia, C++, TensorFlow, PyTorch, scikit-learn, NumPy, Pandas, SciPy, Keras, Hugging Face Transformers","Transformer-based Text Summarization Model","Fine-tune a pre-trained Hugging Face Transformer model (e.g., BART or T5) on a custom dataset for abstractive text summarization. This involves data preprocessing, model adaptation, training, evaluation, and showcasing the model's ability to generate coherent summaries.","https://github.com/nlp-models/transformer-summarization","Google Cloud Professional Machine Learning Engineer","Google Cloud","https://cloud.google.com/certification/machine-learning-engineer"
"AI Research Scientist","Machine Learning, Deep Learning, Statistical Modeling, Data Analysis, Algorithm Design, Scientific Computing, Python, R, Julia, C++, TensorFlow, PyTorch, scikit-learn, NumPy, Pandas, SciPy, Keras, Hugging Face Transformers","Generative Adversarial Network (GAN) for Image Synthesis","Implement and experiment with various GAN architectures (e.g., DCGAN, StyleGAN) using PyTorch or TensorFlow to generate realistic images from noise vectors. This project explores generative models, adversarial training, and image manipulation techniques.","https://github.com/generative-ai/pytorch-stylegan","AWS Certified Machine Learning - Specialty","Amazon Web Services (AWS)","https://aws.amazon.com/certification/certified-machine-learning-specialty/"
"AI Research Scientist","Machine Learning, Deep Learning, Statistical Modeling, Data Analysis, Algorithm Design, Scientific Computing, Python, R, Julia, C++, TensorFlow, PyTorch, scikit-learn, NumPy, Pandas, SciPy, Keras, Hugging Face Transformers","Reinforcement Learning Agent for Game Playing","Develop a Reinforcement Learning agent (e.g., using Deep Q-Networks or Proximal Policy Optimization) to learn how to play a classic Atari game or a custom simulated environment. This project demonstrates understanding of RL algorithms, reward functions, and agent-environment interaction.","https://github.com/rl-agents/deep-q-learner","IBM AI Engineering Professional Certificate","IBM (Coursera)","https://www.coursera.org/professional-certificates/ai-engineer"
"AI Research Scientist","Machine Learning, Deep Learning, Statistical Modeling, Data Analysis, Algorithm Design, Scientific Computing, Python, R, Julia, C++, TensorFlow, PyTorch, scikit-learn, NumPy, Pandas, SciPy, Keras, Hugging Face Transformers","Causal Inference Study on a Public Health Dataset","Apply causal inference techniques (e.g., using DoWhy or Causal ML libraries) to analyze the impact of a specific intervention or policy on a publicly available health or social science dataset. This highlights the ability to move beyond correlation to infer causation using advanced statistical methods.","https://github.com/causal-ml/dowhy-example","Microsoft Certified: Azure AI Engineer Associate","Microsoft","https://learn.microsoft.com/en-us/certifications/azure-ai-engineer/"
"AI Research Scientist","Machine Learning, Deep Learning, Statistical Modeling, Data Analysis, Algorithm Design, Scientific Computing, Python, R, Julia, C++, TensorFlow, PyTorch, scikit-learn, NumPy, Pandas, SciPy, Keras, Hugging Face Transformers","Explainable AI (XAI) for a Classification Model","Integrate and compare various Explainable AI techniques (LIME, SHAP, Grad-CAM) into an existing complex classification model (e.g., an image classifier or a tabular data predictor). This project focuses on model interpretability, trust, and debugging in AI systems.","https://github.com/xai-templates/shap-lime-examples","Deep Learning Specialization","DeepLearning.AI (Coursera - Andrew Ng)","https://www.coursera.org/specializations/deep-learning"
"AI Research Scientist","Machine Learning, Deep Learning, Statistical Modeling, Data Analysis, Algorithm Design, Scientific Computing, Python, R, Julia, C++, TensorFlow, PyTorch, scikit-learn, NumPy, Pandas, SciPy, Keras, Hugging Face Transformers","Federated Learning Prototype for Collaborative Model Training","Implement a basic federated learning setup using TensorFlow Federated or PyTorch with a custom aggregation strategy to train a shared model collaboratively across simulated client devices without centralizing data. This explores privacy-preserving machine learning techniques.","https://github.com/federated-ml/tensorflow-federated-prototype","TensorFlow Developer Certificate","Google","https://www.tensorflow.org/certificate"
"Computational Linguist","Natural Language Processing (NLP), Linguistics, Machine Learning, Data Structures & Algorithms, Text Processing, Information Retrieval, Python, Java, R, Prolog, NLTK, spaCy, Hugging Face Transformers, scikit-learn, PyTorch, TensorFlow, Gensim, Stanford CoreNLP","Custom Named Entity Recognition (NER) Model for Domain-Specific Text","Train a custom NER model using spaCy or Hugging Face Transformers to identify specific entities (e.g., medical conditions, product names, legal terms) in domain-specific text data. This involves custom annotation, model training, and evaluation for high precision.","https://github.com/nlp-ner/spacy-custom-ner","DeepLearning.AI Natural Language Processing Specialization","DeepLearning.AI (Coursera)","https://www.coursera.org/specializations/natural-language-processing"
"Computational Linguist","Natural Language Processing (NLP), Linguistics, Machine Learning, Data Structures & Algorithms, Text Processing, Information Retrieval, Python, Java, R, Prolog, NLTK, spaCy, Hugging Face Transformers, scikit-learn, PyTorch, TensorFlow, Gensim, Stanford CoreNLP","Sentiment Analysis for Social Media Data with Aspect-Based Insights","Develop an end-to-end sentiment analysis pipeline using pre-trained models (e.g., VADER, RoBERTa) and fine-tune for specific social media datasets, including aspect-based sentiment extraction. This project focuses on understanding public opinion and fine-grained sentiment.","https://github.com/sentiment-analysis/social-media-sentiment","Google Cloud Professional Data Engineer","Google Cloud","https://cloud.google.com/certification/data-engineer"
"Computational Linguist","Natural Language Processing (NLP), Linguistics, Machine Learning, Data Structures & Algorithms, Text Processing, Information Retrieval, Python, Java, R, Prolog, NLTK, spaCy, Hugging Face Transformers, scikit-learn, PyTorch, TensorFlow, Gensim, Stanford CoreNLP","Intelligent Chatbot with Intent Recognition and Entity Extraction","Build a goal-oriented chatbot using NLTK/spaCy or RASA that can understand user intents, extract relevant entities from queries, and provide appropriate responses for a specific domain (e.g., customer support, travel booking). This demonstrates conversational AI skills.","https://github.com/chatbot-templates/python-nlp-chatbot","Microsoft Certified: Azure AI Engineer Associate","Microsoft","https://learn.microsoft.com/en-us/certifications/azure-ai-engineer/"
"Computational Linguist","Natural Language Processing (NLP), Linguistics, Machine Learning, Data Structures & Algorithms, Text Processing, Information Retrieval, Python, Java, R, Prolog, NLTK, spaCy, Hugging Face Transformers, scikit-learn, PyTorch, TensorFlow, Gensim, Stanford CoreNLP","Automatic Text Summarization (Extractive and Abstractive)","Implement both extractive summarization (e.g., using TextRank or LexRank) and abstractive summarization (e.g., fine-tuning a T5 or BART model from Hugging Face) for news articles or academic papers. This project compares different approaches to condensing information.","https://github.com/text-summarization/huggingface-bart-summarizer","AWS Certified Machine Learning - Specialty","Amazon Web Services (AWS)","https://aws.amazon.com/certification/certified-machine-learning-specialty/"
"Computational Linguist","Natural Language Processing (NLP), Linguistics, Machine Learning, Data Structures & Algorithms, Text Processing, Information Retrieval, Python, Java, R, Prolog, NLTK, spaCy, Hugging Face Transformers, scikit-learn, PyTorch, TensorFlow, Gensim, Stanford CoreNLP","Language Model for Code Generation/Completion","Fine-tune a pre-trained language model (e.g., a variant of GPT-2/3) on a curated dataset of programming code to enable intelligent code completion, bug fixing suggestions, or simple code generation tasks. This explores specialized language model applications.","https://github.com/code-generation/gpt-code-finetune","IBM Applied AI Professional Certificate","IBM (Coursera)","https://www.coursera.org/professional-certificates/ibm-applied-ai"
"Computational Linguist","Natural Language Processing (NLP), Linguistics, Machine Learning, Data Structures & Algorithms, Text Processing, Information Retrieval, Python, Java, R, Prolog, NLTK, spaCy, Hugging Face Transformers, scikit-learn, PyTorch, TensorFlow, Gensim, Stanford CoreNLP","Machine Translation Prototype for Low-Resource Language Pair","Develop a basic sequence-to-sequence model with attention mechanisms for translating between a low-resource language and a high-resource language (e.g., English), addressing challenges of limited data. This highlights practical approaches to cross-lingual NLP.","https://github.com/machine-translation/seq2seq-low-resource","freeCodeCamp Machine Learning with Python","freeCodeCamp","https://www.freecodecamp.org/learn/machine-learning-with-python/"
"Research Engineer","Machine Learning, Deep Learning, Algorithm Design, Data Structures, Scientific Computing, Statistical Analysis, Python, C++, R, Julia, TensorFlow, PyTorch, scikit-learn, NumPy, SciPy, Pandas, Keras, Hugging Face Transformers","Transformer-based Text Summarization Model","Develop and fine-tune a Transformer model using PyTorch or TensorFlow for abstractive text summarization. The project involves data preprocessing, model training on a public dataset like CNN/Daily Mail, and deploying a simple API for inference.","https://github.com/huggingface/transformers-template","Google Cloud Professional Machine Learning Engineer","Google Cloud","https://cloud.google.com/certification/machine-learning-engineer"
"Research Engineer","Machine Learning, Deep Learning, Algorithm Design, Data Structures, Scientific Computing, Statistical Analysis, Python, C++, R, Julia, TensorFlow, PyTorch, scikit-learn, NumPy, SciPy, Pandas, Keras, Hugging Face Transformers","Reinforcement Learning Agent for Atari Games","Implement a Deep Q-Network (DQN) or a Policy Gradient method (e.g., A2C/PPO) using OpenAI Gym and PyTorch/TensorFlow to train an agent to play classic Atari games. Focus on hyperparameter tuning and performance optimization.","https://github.com/openai/baselines","AWS Certified Machine Learning – Specialty","Amazon Web Services (AWS)","https://aws.amazon.com/certification/certified-machine-learning-specialty/"
"Research Engineer","Machine Learning, Deep Learning, Algorithm Design, Data Structures, Scientific Computing, Statistical Analysis, Python, C++, R, Julia, TensorFlow, PyTorch, scikit-learn, NumPy, SciPy, Pandas, Keras, Hugging Face Transformers","Medical Image Segmentation with U-Net","Build a U-Net architecture in Keras or PyTorch for segmenting organs or anomalies in medical images (e.g., MRI, CT scans). The project covers data augmentation, custom loss functions, and evaluating segmentation metrics like IoU.","https://github.com/zhixuhao/unet","Microsoft Certified: Azure AI Engineer Associate","Microsoft Azure","https://learn.microsoft.com/en-us/certifications/azure-ai-engineer/"
"Research Engineer","Machine Learning, Deep Learning, Algorithm Design, Data Structures, Scientific Computing, Statistical Analysis, Python, C++, R, Julia, TensorFlow, PyTorch, scikit-learn, NumPy, SciPy, Pandas, Keras, Hugging Face Transformers","Generative Adversarial Network (GAN) for Image Generation","Construct a GAN (e.g., DCGAN, StyleGAN) using PyTorch or TensorFlow to generate realistic images of a specific category (e.g., faces, fashion items). Focus on addressing training stability issues and evaluating sample quality.","https://github.com/eriklindernoren/PyTorch-GAN","TensorFlow Developer Certificate","Google / TensorFlow","https://www.tensorflow.org/certificate"
"Research Engineer","Machine Learning, Deep Learning, Algorithm Design, Data Structures, Scientific Computing, Statistical Analysis, Python, C++, R, Julia, TensorFlow, PyTorch, scikit-learn, NumPy, SciPy, Pandas, Keras, Hugging Face Transformers","Time Series Forecasting with Deep Learning and Attention","Develop a time series forecasting model combining LSTMs or Transformers with attention mechanisms to predict financial stock prices or weather patterns. Emphasize feature engineering, sequence modeling, and uncertainty quantification.","https://github.com/timeseries-ai/tsai-template","IBM AI Engineering Professional Certificate","IBM (via Coursera)","https://www.coursera.org/professional-certificates/ai-engineering"
"Research Engineer","Machine Learning, Deep Learning, Algorithm Design, Data Structures, Scientific Computing, Statistical Analysis, Python, C++, R, Julia, TensorFlow, PyTorch, scikit-learn, NumPy, SciPy, Pandas, Keras, Hugging Face Transformers","Graph Neural Network for Drug Discovery","Implement a Graph Convolutional Network (GCN) or Graph Attention Network (GAT) using PyTorch Geometric or DGL to predict molecular properties or drug-target interactions. The project involves graph data preprocessing and model interpretability.","https://github.com/pyg-team/pytorch_geometric","NVIDIA DLI Certificate: Fundamentals of Deep Learning","NVIDIA Deep Learning Institute (DLI)","https://www.nvidia.com/en-us/training/online/deep-learning-fundamentals/"
"Salesforce Developer","Apex, Lightning Web Components (LWC), Visualforce, SOQL/SOSL, Salesforce API, Data Modeling, Workflow Automation, Integration, Apex, JavaScript, SQL (SOQL/SOSL), Lightning Web Components, Aura Components, SLDS (Salesforce Lightning Design System)","Custom Lead Management Lightning Web Component","Develop an LWC to provide an enhanced view and management of leads, allowing for quick qualification, status updates, and integration with a custom lead scoring Apex class. The component utilizes Salesforce Apex for data interaction and SLDS for styling.","https://github.com/trailheadapps/lwc-recipes","","",""
"Salesforce Developer","Apex, Lightning Web Components (LWC), Visualforce, SOQL/SOSL, Salesforce API, Data Modeling, Workflow Automation, Integration, Apex, JavaScript, SQL (SOQL/SOSL), Lightning Web Components, Aura Components, SLDS (Salesforce Lightning Design System)","Apex Trigger and Batch Class for Opportunity Automation","Implement an Apex trigger to automatically update related account fields when an opportunity reaches a certain stage, and a scheduled batch Apex class to clean up old, inactive opportunities. This ensures data consistency and automates maintenance tasks.","https://github.com/apex-lang/apex-pmd-ruleset","","",""
"Salesforce Developer","Apex, Lightning Web Components (LWC), Visualforce, SOQL/SOSL, Salesforce API, Data Modeling, Workflow Automation, Integration, Apex, JavaScript, SQL (SOQL/SOSL), Lightning Web Components, Aura Components, SLDS (Salesforce Lightning Design System)","Salesforce Integration with External Financial System","Develop Apex callouts to integrate Salesforce with a mock external financial API (e.g., for fetching payment status or creating invoices). This involves handling authentication, parsing JSON responses, and securely storing credentials.","https://github.com/forcedotcom/Salesforce-Integration-Examples","","",""
"Salesforce Developer","Apex, Lightning Web Components (LWC), Visualforce, SOQL/SOSL, Salesforce API, Data Modeling, Workflow Automation, Integration, Apex, JavaScript, SQL (SOQL/SOSL), Lightning Web Components, Aura Components, SLDS (Salesforce Lightning Design System)","Custom Experience Cloud Site with LWC Components","Build a customer-facing Experience Cloud site with custom LWC components for case submission, FAQ browsing, and user profile management. Focus on security, user experience, and dynamic content delivery.","https://github.com/trailheadapps/lwc-experience-site-template","","",""
"Salesforce Developer","Apex, Lightning Web Components (LWC), Visualforce, SOQL/SOSL, Salesforce API, Data Modeling, Workflow Automation, Integration, Apex, JavaScript, SQL (SOQL/SOSL), Lightning Web Components, Aura Components, SLDS (Salesforce Lightning Design System)","Salesforce Flow with Invocable Apex Action for Complex Approval","Create a Salesforce Flow that guides users through a multi-step approval process. Extend the flow's capabilities by using an invocable Apex method for complex validation logic or routing that cannot be achieved declaratively.","https://github.com/alexed1/Salesforce-Flow-Templates","","",""
"Salesforce Developer","Apex, Lightning Web Components (LWC), Visualforce, SOQL/SOSL, Salesforce API, Data Modeling, Workflow Automation, Integration, Apex, JavaScript, SQL (SOQL/SOSL), Lightning Web Components, Aura Components, SLDS (Salesforce Lightning Design System)","Data Migration Tool using Salesforce APIs","Develop a Python script or an Apex utility that uses Salesforce APIs (e.g., Bulk API) to migrate data from an external CSV file into custom Salesforce objects, including error handling and logging. This simulates a real-world data loading scenario.","https://github.com/forcedotcom/Data-Loader-template","","",""
"SAP Consultant","SAP Modules (e.g., FICO, SD, MM, PP), ABAP Programming, Business Process Analysis, Configuration, Customization, Data Migration, Solution Design, ABAP, SQL, SAP Fiori, SAP HANA","Custom ABAP Report for Sales Order Tracking","Develop an ABAP report to provide a custom view of sales orders, including customer details, delivery status, and payment terms, aggregated from standard SAP tables. The report features selection screen parameters and ALV output for user-friendly data display.","https://github.com/SAP-samples/abap-platform-rap-salesorder","SAP Certified Associate - Business Process Integration with SAP S/4HANA","SAP","https://training.sap.com/certification/c_tscm62_67-sap-certified-application-associate-sap-scm-extended-warehouse-management-ehm-605-g/"
"SAP Consultant","SAP Modules (e.g., FICO, SD, MM, PP), ABAP Programming, Business Process Analysis, Configuration, Customization, Data Migration, Solution Design, ABAP, SQL, SAP Fiori, SAP HANA","SAP Fiori App for Purchase Requisition Approval","Create an end-to-end SAP Fiori application using SAPUI5/Fiori Elements for mobile-friendly purchase requisition approval. This involves OData service development in ABAP (CDS views) and a modern UI connected to the backend workflow.","https://github.com/SAP-samples/cloud-foundry-fiori-project","SAP Certified Development Associate - ABAP with SAP NetWeaver","SAP","https://training.sap.com/certification/c_tadm54_75-sap-certified-technology-associate---system-administration-db2-with-sap-netweaver-75-g/"
"SAP Consultant","SAP Modules (e.g., FICO, SD, MM, PP), ABAP Programming, Business Process Analysis, Configuration, Customization, Data Migration, Solution Design, ABAP, SQL, SAP Fiori, SAP HANA","Integration of SAP with External HR System via RFC","Implement an RFC (Remote Function Call) enabled function module in SAP to exchange employee master data with a simulated external HR system. This project focuses on interface design, data mapping, and secure communication protocols.","https://github.com/SAP-samples/abap-cloud-rest-integration-template","SAP Certified Application Associate - SAP S/4HANA Sourcing and Procurement","SAP","https://training.sap.com/certification/c_ts452_2022-sap-certified-application-associate---sap-s4hana-sourcing-and-procurement-g/"
"SAP Consultant","SAP Modules (e.g., FICO, SD, MM, PP), ABAP Programming, Business Process Analysis, Configuration, Customization, Data Migration, Solution Design, ABAP, SQL, SAP Fiori, SAP HANA","Custom Workflow Implementation for Invoice Processing","Design and implement a custom SAP Workflow to automate the approval process for vendor invoices based on predefined thresholds and departmental hierarchies. This includes configuring workflow steps, agents, and email notifications.","https://github.com/SAP-samples/workflow-management-samples","ITIL 4 Foundation","AXELOS","https://www.axelos.com/certifications/itil-service-management/itil-4-foundation"
"SAP Consultant","SAP Modules (e.g., FICO, SD, MM, PP), ABAP Programming, Business Process Analysis, Configuration, Customization, Data Migration, Solution Design, ABAP, SQL, SAP Fiori, SAP HANA","Data Migration Project: Legacy Material Master to S/4HANA","Execute a simulated data migration project using SAP's LTMC (Migration Cockpit) or LSMW to upload legacy material master data into an S/4HANA system. This involves data cleansing, mapping, and resolving validation errors.","https://github.com/SAP-samples/s4hana-migration-template","CompTIA Project+","CompTIA","https://www.comptia.org/certifications/project"
"SAP Consultant","SAP Modules (e.g., FICO, SD, MM, PP), ABAP Programming, Business Process Analysis, Configuration, Customization, Data Migration, Solution Design, ABAP, SQL, SAP Fiori, SAP HANA","SAP MM Module Configuration for Inventory Management","Configure the SAP MM (Materials Management) module for a hypothetical company, setting up organizational units, purchasing processes, and inventory management parameters. This includes defining material types, plant parameters, and movement types.","https://github.com/SAP-samples/s4hana-supplychain-config-sample","AWS Certified Solutions Architect – Associate","Amazon Web Services (AWS)","https://aws.amazon.com/certification/certified-solutions-architect-associate/"
"ServiceNow Developer","ServiceNow platform administration, JavaScript, Flow Designer, Service Portal development, Integrations (REST/SOAP), ITSM modules, ITOM, HRSD, CSM, JavaScript, HTML, CSS, Jelly, AngularJS (for Service Portal), GlideRecord, GlideForm, GlideAjax, Server-side scripting (Business Rules, Script Includes)","Automated Employee Onboarding Workflow","Implement an end-to-end employee onboarding workflow leveraging ServiceNow Flow Designer, Catalog Items, and dummy HR system integrations to automate task assignment and record creation.","https://github.com/sn-dev-templates/onboarding-workflow-starter","ServiceNow Certified System Administrator (CSA)","ServiceNow","https://www.servicenow.com/training/certification.html"
"ServiceNow Developer","ServiceNow platform administration, JavaScript, Flow Designer, Service Portal development, Integrations (REST/SOAP), ITSM modules, ITOM, HRSD, CSM, JavaScript, HTML, CSS, Jelly, AngularJS (for Service Portal), GlideRecord, GlideForm, GlideAjax, Server-side scripting (Business Rules, Script Includes)","Custom Service Portal Enhancements","Develop custom widgets and pages for an existing Service Portal, improving user experience with dynamic content display, custom search functionality, and aesthetic theme adjustments using AngularJS and CSS.","https://github.com/sn-portal-dev/custom-widgets-example","ServiceNow Certified Application Developer (CAD)","ServiceNow","https://www.servicenow.com/training/certification.html"
"ServiceNow Developer","ServiceNow platform administration, JavaScript, Flow Designer, Service Portal development, Integrations (REST/SOAP), ITSM modules, ITOM, HRSD, CSM, JavaScript, HTML, CSS, Jelly, AngularJS (for Service Portal), GlideRecord, GlideForm, GlideAjax, Server-side scripting (Business Rules, Script Includes)","Simple Custom Application: Team Task Tracker","Build a basic custom application within ServiceNow to track team tasks, including custom tables, forms, list views, UI policies, and basic reporting functionalities to manage project workflows.","https://github.com/sn-custom-apps/team-task-tracker-template","ServiceNow Certified Implementation Specialist – ITSM","ServiceNow","https://www.servicenow.com/training/certification.html"
"ServiceNow Developer","ServiceNow platform administration, JavaScript, Flow Designer, Service Portal development, Integrations (REST/SOAP), ITSM modules, ITOM, HRSD, CSM, JavaScript, HTML, CSS, Jelly, AngularJS (for Service Portal), GlideRecord, GlideForm, GlideAjax, Server-side scripting (Business Rules, Script Includes)","Integration Hub Spoke for Public API","Create a custom Integration Hub spoke to connect ServiceNow with a public API (e.g., weather or stock data), demonstrating outbound REST messages, data parsing, and action definitions within the platform.","https://github.com/sn-integration-hub/public-api-spoke-template","ITIL 4 Foundation","AXELOS","https://www.axelos.com/certifications/itil-certifications/itil-4-foundation"
"ServiceNow Developer","ServiceNow platform administration, JavaScript, Flow Designer, Service Portal development, Integrations (REST/SOAP), ITSM modules, ITOM, HRSD, CSM, JavaScript, HTML, CSS, Jelly, AngularJS (for Service Portal), GlideRecord, GlideForm, GlideAjax, Server-side scripting (Business Rules, Script Includes)","ITSM Incident Management Automation Suite","Implement advanced automation for ITSM Incident Management, including intelligent auto-assignment rules based on incident criteria, custom notification enhancements, and a UI action for quick incident resolution.","https://github.com/sn-itsm-automation/incident-rules-enhancement","JavaScript Algorithms and Data Structures","freeCodeCamp","https://www.freecodecamp.org/learn/javascript-algorithms-and-data-structures/"
"ServiceNow Developer","ServiceNow platform administration, JavaScript, Flow Designer, Service Portal development, Integrations (REST/SOAP), ITSM modules, ITOM, HRSD, CSM, JavaScript, HTML, CSS, Jelly, AngularJS (for Service Portal), GlideRecord, GlideForm, GlideAjax, Server-side scripting (Business Rules, Script Includes)","HR Service Delivery (HRSD) Catalog Item Development","Develop a comprehensive HRSD catalog item (e.g., 'Request New Laptop'), incorporating multi-step forms, approval workflows, automated task generation, and data capture to streamline HR service fulfillment.","https://github.com/sn-hrsd-demos/laptop-request-catalog","ServiceNow Certified Implementation Specialist – HR Service Delivery (HRSD)","ServiceNow","https://www.servicenow.com/training/certification.html"
"Developer Advocate","Public speaking, Technical writing, Content creation, Community engagement, Coding/scripting, API design, Feedback loop management, Empathy for developers, Python, JavaScript, Go, Java (relevant to product), React, Node.js, Spring Boot, FastAPI (varies by product focus)","Open Source Library Tutorial Series","Create a comprehensive tutorial series (blog posts, videos, code examples) for an open-source library, demonstrating its core features, advanced use cases, and best practices to a developer audience.","https://github.com/devrel-kits/oss-library-tutorial-template","AWS Certified Cloud Practitioner","AWS","https://aws.amazon.com/certification/certified-cloud-practitioner/"
"Developer Advocate","Public speaking, Technical writing, Content creation, Community engagement, Coding/scripting, API design, Feedback loop management, Empathy for developers, Python, JavaScript, Go, Java (relevant to product), React, Node.js, Spring Boot, FastAPI (varies by product focus)","API Integration Demo Application","Develop a full-stack web application that showcases a company's API by integrating multiple endpoints (e.g., authentication, data retrieval, webhooks) and providing a practical, real-world use case.","https://github.com/api-demo-apps/product-showcase-integration","Google Technical Writer Professional Certificate","Google (Coursera)","https://www.coursera.org/professional-certificates/google-technical-writer"
"Developer Advocate","Public speaking, Technical writing, Content creation, Community engagement, Coding/scripting, API design, Feedback loop management, Empathy for developers, Python, JavaScript, Go, Java (relevant to product), React, Node.js, Spring Boot, FastAPI (varies by product focus)","Technical Conference Talk & Accompanying Repo","Prepare and deliver a technical presentation for a developer conference (virtual or in-person), accompanied by a public GitHub repository with all code examples, slides, and setup instructions.","https://github.com/conference-talks-templates/serverless-go-intro","Certified ScrumMaster (CSM)","Scrum Alliance","https://www.scrumalliance.org/get-certified/practitioners/csm-certification"
"Developer Advocate","Public speaking, Technical writing, Content creation, Community engagement, Coding/scripting, API design, Feedback loop management, Empathy for developers, Python, JavaScript, Go, Java (relevant to product), React, Node.js, Spring Boot, FastAPI (varies by product focus)","Community-Driven Documentation Project Contribution","Initiate and actively contribute to an open-source documentation project, gathering feedback from the community, organizing content, and setting up contribution guidelines to improve clarity and accuracy.","https://github.com/community-docs-template/open-source-handbook","CompTIA Project+","CompTIA","https://www.comptia.org/certifications/project"
"Developer Advocate","Public speaking, Technical writing, Content creation, Community engagement, Coding/scripting, API design, Feedback loop management, Empathy for developers, Python, JavaScript, Go, Java (relevant to product), React, Node.js, Spring Boot, FastAPI (varies by product focus)","Interactive Learning Playground for a New Technology","Build an interactive code playground or sandbox for developers to quickly try out a specific API or technology directly in their browser, featuring live code execution and immediate feedback.","https://github.com/interactive-dev-tools/api-sandbox-starter","Google Cloud Certified - Associate Cloud Engineer","Google Cloud","https://cloud.google.com/certification/cloud-engineer"
"Developer Advocate","Public speaking, Technical writing, Content creation, Community engagement, Coding/scripting, API design, Feedback loop management, Empathy for developers, Python, JavaScript, Go, Java (relevant to product), React, Node.js, Spring Boot, FastAPI (varies by product focus)","Developer Livestream/Webinar Series with Code Samples","Host a series of live coding sessions or technical webinars, creating accompanying resources such as dedicated code repositories, recap blog posts, and Q&A summaries for each session.","https://github.com/devrel-livestream-code/backend-api-series","HubSpot Content Marketing Certification","HubSpot Academy","https://academy.hubspot.com/courses/content-marketing"
"Technical Writer","Excellent written communication, Grammar and syntax, Understanding complex technical concepts, Audience analysis, Information architecture, Structured writing, DITA, Markdown, API documentation tools, Git, Python, JavaScript, JSON, XML (for understanding and examples), Sphinx, Docusaurus, MkDocs, AsciiDoc, OpenAPI/Swagger","API Documentation Portal","Create a comprehensive API documentation portal for a RESTful API using OpenAPI/Swagger specifications, rendered with a static site generator (e.g., Docusaurus or Next.js) for easy navigation and interactive examples.","https://github.com/tech-docs-templates/openapi-portal-starter","Certified Professional Technical Communicator (CPTC)","Society for Technical Communication (STC)","https://www.stc.org/certification/"
"Technical Writer","Excellent written communication, Grammar and syntax, Understanding complex technical concepts, Audience analysis, Information architecture, Structured writing, DITA, Markdown, API documentation tools, Git, Python, JavaScript, JSON, XML (for understanding and examples), Sphinx, Docusaurus, MkDocs, AsciiDoc, OpenAPI/Swagger","User Guide for an Open-Source Tool","Develop an in-depth user guide for a popular open-source command-line tool or library, covering installation, basic usage, configuration, and advanced features with clear examples and screenshots.","https://github.com/open-source-guides/tool-user-manual","Google Technical Writer Professional Certificate","Google (Coursera)","https://www.coursera.org/professional-certificates/google-technical-writer"
"Technical Writer","Excellent written communication, Grammar and syntax, Understanding complex technical concepts, Audience analysis, Information architecture, Structured writing, DITA, Markdown, API documentation tools, Git, Python, JavaScript, JSON, XML (for understanding and examples), Sphinx, Docusaurus, MkDocs, AsciiDoc, OpenAPI/Swagger","Tutorial Series for a Programming Language/Framework","Write a step-by-step tutorial series (e.g., 3-5 parts) on how to get started with a specific programming language or web framework, including practical code examples and explanations for beginners.","https://github.com/language-tutorials/python-web-framework-intro","OpenAPI Specification Training (SmartBear)","SmartBear","https://swagger.io/training/"
"Technical Writer","Excellent written communication, Grammar and syntax, Understanding complex technical concepts, Audience analysis, Information architecture, Structured writing, DITA, Markdown, API documentation tools, Git, Python, JavaScript, JSON, XML (for understanding and examples), Sphinx, Docusaurus, MkDocs, AsciiDoc, OpenAPI/Swagger","Automated Release Notes & Changelog Generation","Implement a system or script (e.g., using Python) for generating structured release notes and changelogs directly from Git commit messages or Jira ticket data, demonstrating automation in documentation workflows.","https://github.com/doc-automation-tools/release-notes-generator","HubSpot Content Marketing Certification","HubSpot Academy","https://academy.hubspot.com/courses/content-marketing"
"Technical Writer","Excellent written communication, Grammar and syntax, Understanding complex technical concepts, Audience analysis, Information architecture, Structured writing, DITA, Markdown, API documentation tools, Git, Python, JavaScript, JSON, XML (for understanding and examples), Sphinx, Docusaurus, MkDocs, AsciiDoc, OpenAPI/Swagger","Contribution Guide for an Open Source Project","Create a detailed `CONTRIBUTING.md` guide for an open-source project, explaining how to set up the development environment, run tests, adhere to coding standards, and submit pull requests effectively.","https://github.com/oss-project-templates/contributing-guide","ITIL 4 Foundation","AXELOS","https://www.axelos.com/certifications/itil-certifications/itil-4-foundation"
"Technical Writer","Excellent written communication, Grammar and syntax, Understanding complex technical concepts, Audience analysis, Information architecture, Structured writing, DITA, Markdown, API documentation tools, Git, Python, JavaScript, JSON, XML (for understanding and examples), Sphinx, Docusaurus, MkDocs, AsciiDoc, OpenAPI/Swagger","Knowledge Base Article Series on a Specific Product","Develop a series of interconnected knowledge base articles addressing common problems, FAQs, and troubleshooting steps for a specific product or service, demonstrating strong information architecture and clarity.","https://github.com/knowledge-base-series/product-troubleshooting-faq","Python for Everybody Specialization","University of Michigan (Coursera)","https://www.coursera.org/specializations/python"
"Developer Evangelist","Public Speaking, Technical Writing, Content Creation, Community Building, Product Demos, SDK/API Usage, Feedback Loop Management, Event Management, Social Media Engagement, Developer Tooling, Python, JavaScript, Go, Ruby, React, Vue.js, Node.js, Flask, Django, FastAPI","Interactive API Demo Portal","Develop a web portal (e.g., using Next.js for frontend and a Node.js/Python backend) to showcase an API. The portal includes interactive code examples in multiple languages, live request/response panels, and clear, versioned documentation to improve developer onboarding.","https://github.com/vercel/next.js/tree/canary/examples/blog-starter","HubSpot Content Marketing Certification","HubSpot Academy","https://academy.hubspot.com/courses/content-marketing"
"Developer Evangelist","Public Speaking, Technical Writing, Content Creation, Community Building, Product Demos, SDK/API Usage, Feedback Loop Management, Event Management, Social Media Engagement, Developer Tooling, Python, JavaScript, Go, Ruby, React, Vue.js, Node.js, Flask, Django, FastAPI","Open-Source SDK/Library Contribution","Contribute a significant feature, fix, or create a simple wrapper library for a popular API, focusing on excellent developer experience. This project emphasizes clear installation instructions, comprehensive API documentation, and a well-structured README.md.","https://github.com/pypa/python-sample-template","AWS Certified Cloud Practitioner","Amazon Web Services (AWS)","https://aws.amazon.com/certification/certified-cloud-practitioner/"
"Developer Evangelist","Public Speaking, Technical Writing, Content Creation, Community Building, Product Demos, SDK/API Usage, Feedback Loop Management, Event Management, Social Media Engagement, Developer Tooling, Python, JavaScript, Go, Ruby, React, Vue.js, Node.js, Flask, Django, FastAPI","Technical Blog with Live Demo Applications","Build and maintain a personal technical blog using a static site generator (e.g., Next.js with MDX or Gatsby) where each post features a live demo application (deployed on Vercel/Netlify) and a linked GitHub repository. This demonstrates content creation and practical application skills.","https://github.com/vercel/next.js/tree/canary/examples/blog-starter","Google Project Management: Professional Certificate","Coursera (Google)","https://www.coursera.org/professional-certificates/google-project-management"
"Developer Evangelist","Public Speaking, Technical Writing, Content Creation, Community Building, Product Demos, SDK/API Usage, Feedback Loop Management, Event Management, Social Media Engagement, Developer Tooling, Python, JavaScript, Go, Ruby, React, Vue.js, Node.js, Flask, Django, FastAPI","Live Coding Series Project Repository","Prepare and maintain a GitHub repository for a series of live coding sessions (e.g., on Twitch or YouTube) demonstrating a specific technology or framework. The repository includes setup guides, starting code, and completed examples for each session, enhancing audience engagement.","https://github.com/kentcdodds/kentcdodds.com/tree/main/kentcdodds.com/app/routes/demos","CompTIA CTT+ (Certified Technical Trainer)","CompTIA","https://www.comptia.org/certifications/ctt"
"Developer Evangelist","Public Speaking, Technical Writing, Content Creation, Community Building, Product Demos, SDK/API Usage, Feedback Loop Management, Event Management, Social Media Engagement, Developer Tooling, Python, JavaScript, Go, Ruby, React, Vue.js, Node.js, Flask, Django, FastAPI","Community-Driven Documentation Project","Initiate or make significant contributions to an open-source documentation project or a 'Getting Started' guide for a complex tool or API. The focus is on clarity, providing diverse examples, improving user flow, and addressing common pain points for new users.","https://github.com/just-the-docs/just-the-docs","Meta Social Media Marketing Professional Certificate","Coursera (Meta)","https://www.coursera.org/professional-certificates/facebook-social-media-marketing"
"Developer Evangelist","Public Speaking, Technical Writing, Content Creation, Community Building, Product Demos, SDK/API Usage, Feedback Loop Management, Event Management, Social Media Engagement, Developer Tooling, Python, JavaScript, Go, Ruby, React, Vue.js, Node.js, Flask, Django, FastAPI","Developer Feedback & Insights Dashboard","Develop a web application (e.g., Vue.js frontend, Flask/FastAPI backend) to collect, visualize, and analyze developer feedback on a product or API. The dashboard provides actionable insights into pain points and suggests improvements for the developer experience.","https://github.com/app-generator/flask-datta-able","JavaScript Algorithms and Data Structures Certification","freeCodeCamp","https://www.freecodecamp.org/learn/javascript-algorithms-and-data-structures/"
"MLOps Engineer","Machine Learning Fundamentals, Software Engineering, DevOps Practices, Containerization, Orchestration, CI/CD, Data Pipelining, Model Monitoring, Cloud Infrastructure, Scripting, Experiment Tracking, Data Versioning, Python, Bash, Go, TensorFlow, PyTorch, Scikit-learn, MLflow, Kubeflow, Apache Airflow, FastAPI, Streamlit, Dagster, Apache Spark, BentoML","CI/CD Pipeline for ML Model Deployment","Implement a robust CI/CD pipeline using GitHub Actions or GitLab CI for an ML project. This automates model training, versioning with DVC, comprehensive testing, and deploys the trained model to a Flask/FastAPI endpoint or a cloud service like AWS SageMaker.","https://github.com/iterative/example-get-started","AWS Certified Machine Learning – Specialty","Amazon Web Services (AWS)","https://aws.amazon.com/certification/certified-machine-learning-specialty/"
"MLOps Engineer","Machine Learning Fundamentals, Software Engineering, DevOps Practices, Containerization, Orchestration, CI/CD, Data Pipelining, Model Monitoring, Cloud Infrastructure, Scripting, Experiment Tracking, Data Versioning, Python, Bash, Go, TensorFlow, PyTorch, Scikit-learn, MLflow, Kubeflow, Apache Airflow, FastAPI, Streamlit, Dagster, Apache Spark, BentoML","ML Model Deployment with Docker and Kubernetes","Containerize a pre-trained ML model (e.g., a fraud detection model using FastAPI) with Docker, then deploy it to a local Kubernetes cluster (Minikube/Kind). The project includes defining Kubernetes deployments, services, and optionally uses Helm charts for packaging.","https://github.com/kubeflow/examples/tree/master/inference","Google Cloud Professional Machine Learning Engineer","Google Cloud","https://cloud.google.com/certification/machine-learning-engineer"
"MLOps Engineer","Machine Learning Fundamentals, Software Engineering, DevOps Practices, Containerization, Orchestration, CI/CD, Data Pipelining, Model Monitoring, Cloud Infrastructure, Scripting, Experiment Tracking, Data Versioning, Python, Bash, Go, TensorFlow, PyTorch, Scikit-learn, MLflow, Kubeflow, Apache Airflow, FastAPI, Streamlit, Dagster, Apache Spark, BentoML","End-to-End ML Pipeline with Airflow/Dagster","Design and implement an orchestrated ML pipeline using Apache Airflow or Dagster, covering data ingestion, preprocessing, feature engineering, model training, evaluation, and updating a model registry. This project ensures automated, repeatable workflows.","https://github.com/apache/airflow/tree/main/docs/apache-airflow/howto/ml","Microsoft Certified: Azure AI Engineer Associate","Microsoft","https://learn.microsoft.com/en-us/certifications/azure-ai-engineer/"
"MLOps Engineer","Machine Learning Fundamentals, Software Engineering, DevOps Practices, Containerization, Orchestration, CI/CD, Data Pipelining, Model Monitoring, Cloud Infrastructure, Scripting, Experiment Tracking, Data Versioning, Python, Bash, Go, TensorFlow, PyTorch, Scikit-learn, MLflow, Kubeflow, Apache Airflow, FastAPI, Streamlit, Dagster, Apache Spark, BentoML","Model Monitoring and Alerting System","Develop a system to continuously monitor the performance of a deployed ML model for data drift, concept drift, and prediction latency. This utilizes tools like Prometheus and Grafana for metrics collection and visualization, with custom alerts for anomalies.","https://github.com/EvidentlyAI/evidently/tree/main/examples","HashiCorp Certified: Terraform Associate","HashiCorp","https://www.hashicorp.com/certifications/terraform"
"MLOps Engineer","Machine Learning Fundamentals, Software Engineering, DevOps Practices, Containerization, Orchestration, CI/CD, Data Pipelining, Model Monitoring, Cloud Infrastructure, Scripting, Experiment Tracking, Data Versioning, Python, Bash, Go, TensorFlow, PyTorch, Scikit-learn, MLflow, Kubeflow, Apache Airflow, FastAPI, Streamlit, Dagster, Apache Spark, BentoML","Infrastructure as Code for ML Project","Provision the complete cloud infrastructure (e.g., AWS S3 for data, EC2 for training, EKS for deployment) required for an ML project using Terraform. This ensures infrastructure is reproducible, version-controlled, and scalable, adhering to IaC principles.","https://github.com/hashicorp/terraform-aws-eks-example","Certified Kubernetes Administrator (CKA)","Linux Foundation (CNCF)","https://training.linuxfoundation.org/certification/certified-kubernetes-administrator-cka/"
"MLOps Engineer","Machine Learning Fundamentals, Software Engineering, DevOps Practices, Containerization, Orchestration, CI/CD, Data Pipelining, Model Monitoring, Cloud Infrastructure, Scripting, Experiment Tracking, Data Versioning, Python, Bash, Go, TensorFlow, PyTorch, Scikit-learn, MLflow, Kubeflow, Apache Airflow, FastAPI, Streamlit, Dagster, Apache Spark, BentoML","Experiment Tracking and Model Registry with MLflow","Set up MLflow for comprehensive experiment tracking, parameter logging, artifact storage, and a centralized model registry across multiple ML models. Build a simple web UI (e.g., Streamlit) to interact with and visualize the registered models and experiments.","https://github.com/mlflow/mlflow/tree/master/examples/quickstart","Databricks Certified Machine Learning Associate","Databricks","https://www.databricks.com/resources/certifications/machine-learning-associate"
